,USER_ID,LATEST_BTC_TRANSACTION_TIME
0,48e077a9a49d2fc5a1a42ed43f8371ae,2017-10-09 21:33:14
1,8254f76a6974079f0836d16ee84a7c02,2017-10-09 21:07:17
2,6a1bc97218233d0e37d37f91e9d7c720,2017-10-09 20:44:12
3,953435c68c869ae5e7168feaccf810a2,2017-10-09 20:20:22
4,f217e3b3bf80478d9e20a7af394c22c6,2017-10-09 19:52:19
5,378f0ad64a0811c4f3444528fb328943,2017-10-09 19:10:55
6,5867ac641fb362074ac1bc6dde7f0c5f,2017-10-09 18:45:16
7,6a4e1f76f8ab2c65bc6616ef7d7db904,2017-10-09 18:22:18
8,53a9176f484d28bacfed80c53c6ebbe1,2017-10-09 17:47:33
9,84c7e0eee31ba7ca5bcdb9781280cc70,2017-10-09 16:38:49
10,95060cd182ba5fa63ad3ba5fff7e7501,2017-10-09 14:54:25
11,395cef880decbb13dc52dc8a914dd1f7,2017-10-09 11:40:23
12,4dcae949219c6f885b9d62ed6ac1e97c,2017-10-09 10:50:26
13,6a092c1b4cdb7f1742c3a3719ab5929c,2017-10-09 10:11:30
14,e0a6cfa13eec972b25bf2e63a00ff669,2017-10-09 10:10:04
15,ca4172f864238e8578a415e215713ea6,2017-10-09 10:01:27
16,307348f8e195f044ab0bef28a2d78012,2017-10-09 08:02:22
17,62f72f59ffd7489c4e9181e21e372da0,2017-10-09 03:27:01
18,753f7ad5f109ed458b32386161a6e5a7,2017-10-09 02:26:56
19,cb59deb30b98273f9d2a07597024590b,2017-10-09 00:21:19
20,f5a59955e64c7ecc508218c8579bfb1d,2017-10-08 17:37:31
21,69dc6072b5194f84ae868a1f39d283a0,2017-10-08 16:30:20
22,ba5844dbda82c9b5fe9f08c8a923a3ab,2017-10-08 16:13:08
23,d8641499a4e3b6b5383f8bc7d31b8997,2017-10-08 15:56:59
24,fc973b1170853b6849dad1d20a521f9b,2017-10-08 14:09:25
25,9dc502d01dd5fcf1361bfd819f2c18e2,2017-10-08 05:41:08
26,fc8012bb606724ac1e60451126e49ca1,2017-10-08 03:47:30
27,89522d098b2becfb0abeff4e438873ea,2017-10-07 23:07:14
28,f8e2961d207af649a9cfdb9e0472ca20,2017-10-07 22:03:49
29,a9da47a9ae2e8c2d435e433e835f226d,2017-10-07 19:09:52
30,dcc54fb9dca40a6729a6863ae9db6723,2017-10-07 14:06:15
31,6d9333dcb868de360c50c33364e8ea2a,2017-10-07 12:04:58
32,bbb45a52e1a3bc9ac178a907c57d555b,2017-10-07 08:15:58
33,ea366c7f0e2957168fcf8f004fa7020d,2017-10-07 03:15:47
34,907aafae0fcfc370fbd7463c4ce989b7,2017-10-07 00:19:04
35,66a29344adca38d118f19dbdae8e632c,2017-10-06 15:40:45
36,49c0a65e8fc52a7902591d5be0316bbf,2017-10-06 13:08:23
37,8c4e6ebd28cf77afbabed04b7fd267f3,2017-10-06 10:59:59
38,47a0e9934e3c36a8274685d5c1308ea3,2017-10-06 05:24:15
39,7781b375e325ae3d3c21a90a99b8c8dc,2017-10-06 04:15:15
40,024525371a4ff934f58fbffd35a129df,2017-10-06 02:42:46
41,0bce3a37e41aabdc48389916e8b2971e,2017-10-06 01:34:06
42,81860beeceab6ce06fac0b5cdb82b0cf,2017-10-06 00:58:19
43,beae82a0fa6b0b301aa051d3a5d78684,2017-10-06 00:53:32
44,e57eb591f472416f122cf1ae5a39d27e,2017-10-06 00:50:30
45,ea7193e4474d44645e6cfcc130e66a8f,2017-10-05 22:47:36
46,3ce433f1c191f34597ad7dae8b60c12c,2017-10-05 20:17:28
47,7ece3d6c8abe3b525512229b7f380922,2017-10-05 17:19:08
48,f8084cd7ad5b3f4d7e99219eb222ca94,2017-10-05 16:42:36
49,29b0762e7a610c3cc3f0f7283d3e7684,2017-10-05 14:40:43
50,60284bd2881f5c72d9b56808f535a6f8,2017-10-05 06:41:54
51,67236843ce666bf59fd67ac51e2d904f,2017-10-05 04:40:08
52,6447cad9323c0e90f7687f128d7634b4,2017-10-05 04:11:57
53,993154ef99bba43d1e95829728d32955,2017-10-05 03:52:03
54,d1daedb92db288d27e49f23b9fd521eb,2017-10-05 02:58:58
55,8edeffbcff0f8a265ffcc0a490691e77,2017-10-05 01:41:43
56,314e8e26bd1e06441cafe5cfd927df72,2017-10-05 00:47:21
57,8bd3b3ceafd4e5ebcbc3be7dcb6c92de,2017-10-04 22:56:58
58,1e994d39e2a393800ddc4b34bfa12772,2017-10-04 20:18:40
59,6f2a72dbcf07d1d698fdeeb09eca8ed9,2017-10-04 18:45:21
60,f1233fdfc0459aaff8a94c3c02636f9a,2017-10-04 13:28:03
61,c2b8ccffdd0a79fcb91ac1e3017bd2ff,2017-10-04 13:08:46
62,259ea2c9e25c5774af9aeb01f5dce269,2017-10-04 12:34:09
63,5b6059948043ccb65f3b5c846b174028,2017-10-04 02:35:04
64,3b2b4c0f5b1e8315915fec25f5b1be8b,2017-10-03 17:47:15
65,ed7fd6b093a396f4ebb9f1f397a6d339,2017-10-03 16:47:26
66,b2150afa1ebdb5eaefe245f53384aca6,2017-10-03 14:59:52
67,5eae27aafbb3963fa5641aa1dc2246ff,2017-10-03 12:52:19
68,ee11246b0101704ff04ef97a9f12ecc6,2017-10-03 12:12:47
69,35c3504d435fb064a0872cb25766b731,2017-10-03 11:40:20
70,1548693ab03c4bf87fe6579251368ecb,2017-10-03 08:23:21
71,30cb24d10654e22c59651545d272d390,2017-10-02 21:36:24
72,5cc3c3f20a7516e3fa020b6a9b8559fd,2017-10-02 18:59:44
73,6976b014a69a5e8b3a1401731a8494c0,2017-10-02 16:52:14
74,59d76c6bff6e7996e4232ab9c7b2f9ad,2017-10-02 16:24:09
75,88bb20c73660faeac3090971b1a2142b,2017-10-02 15:05:25
76,6f0ce56589c71ca3b298dd58ee01cc5f,2017-10-02 14:33:30
77,3b5115f10a699f21efd738de3071110a,2017-10-02 13:43:10
78,2fdd6e64413686397b477468ec9f4d5a,2017-10-02 13:30:55
79,b83dfb57c1dfa46b13d53fd61b782786,2017-10-02 06:23:45
80,e732281a7f72f6d047ed9bf9eb3ab798,2017-10-02 02:17:24
81,5d1d4c39e7b1f50751d76718c34c15f4,2017-10-02 01:05:53
82,8d25da1fb404f124c769cf54eacf1ae0,2017-10-01 23:12:34
83,8724b0f11580df979bf232545b7c93bf,2017-10-01 22:27:06
84,8e9379e729b4439c32f81dec2f2fa569,2017-10-01 22:10:04
85,b4ea5e1aca864397d81bf6a783fdcfac,2017-10-01 20:47:13
86,a2490fb2390225687fa21da6f3929058,2017-10-01 16:52:33
87,c1270c2d39255086ce386b62582811bf,2017-10-01 14:38:09
88,5d0fca8f2c327276ca0d64b017c543b1,2017-10-01 10:14:04
89,64a77bdd711f2332688f45fbe46fd089,2017-10-01 07:29:35
90,f34068b6b53a6c6e053ac2a116fa76af,2017-10-01 04:10:46
91,1c59f95a905b9a58b66fd6d4bf8b0807,2017-09-30 22:43:34
92,7f246f6d75107123c063662f6b67a79e,2017-09-30 18:09:45
93,7c435a996564fb9ea5256311669b9af7,2017-09-30 15:08:38
94,3e48e77640724dacd7e00bb002ce2b31,2017-09-30 09:04:40
95,972e877c8c6c56cc6c02aaef85b8286a,2017-09-30 06:17:16
96,9d7c31c393bd5bc31700fb89f50e0cd4,2017-09-30 05:02:31
97,e75be4d635b2bc5dea495feba67a04cc,2017-09-30 03:24:34
98,29008caf4054fdd324e3875c0aa3558a,2017-09-29 23:03:20
99,c2ef646029858a80fd5b733c521e21e0,2017-09-29 22:23:33
100,c8691d1c60e9537da42e187170ab369f,2017-09-29 17:10:51
101,c0b887697010a43c7aaf88b3bad5aa80,2017-09-29 14:53:09
102,9a6bd81a055be21354f7b1102412dec6,2017-09-29 14:04:56
103,2c46814a1b1caa6dc12615f7b6a61df9,2017-09-28 23:51:23
104,b61a031f7c6051a9939b930f0b0a50ff,2017-09-28 18:09:43
105,6ba36e3a48300c0344e82b7c1a064925,2017-09-28 08:15:27
106,0b0c4105cc02f581c29c8930d06c6912,2017-09-27 23:23:43
107,d578d055de250cc6540348dc9e46261e,2017-09-27 23:11:30
108,8039a446aaf0be09fc0d8175212f04e5,2017-09-27 13:34:31
109,26624560b28e85ba688d5d1cf7901da1,2017-09-27 12:26:54
110,7059ca76fc19c3279e05e5446648a4db,2017-09-27 10:42:47
111,1239ed6422b303661e5b553e3019fcf8,2017-09-27 03:20:06
112,5d1e4285622c606658956a2e2420f030,2017-09-26 22:48:38
113,615fd5df0042cb8e6ee2f9fa8295495f,2017-09-26 18:16:56
114,73a06d8db77df4deb868c83beed93dce,2017-09-26 17:08:50
115,68d174508f64a55dde75eebd697ac499,2017-09-26 16:06:03
116,b5fc049c6690f2b2333e2c8b36d13c7b,2017-09-26 07:49:14
117,bf8ebf3e2748b96a32df01f0f0813b6d,2017-09-25 22:40:39
118,ce9611e4cd84557f00a1ee6106da2f97,2017-09-25 22:20:24
119,91c0fbdf1ce91ab3b175a5510f9a8a63,2017-09-25 20:28:34
120,b4932a05ffeb1cd491c4a8cd0194c97b,2017-09-25 19:48:05
121,5be19f11b4dcb65a38fc5c1b61545949,2017-09-25 12:05:46
122,4d6538960fa993138515e6fd6f9a94b4,2017-09-25 06:34:43
123,cf8ab3e3910b0fdaa69042e6a7422a77,2017-09-25 04:46:16
124,71c60a97de01d2a4ec9c68ded8501025,2017-09-24 04:03:28
125,6613cbf100035f159e038abb2f706c07,2017-09-23 18:52:55
126,a2052328b44702ce2ca930d36b1f6bc6,2017-09-22 19:31:31
127,1a788e529544b6118db9e027bfd94dc5,2017-09-22 16:50:15
128,861169c5c1aa59c06b8aa5568a8e85a8,2017-09-22 15:48:07
129,dc51d769460b50803941d48eff7d8101,2017-09-22 11:11:38
130,eed9ebf46eaf11287120bd13d9e22e36,2017-09-22 06:12:10
131,7d592b7be09395380ba94fe9b2d86018,2017-09-21 21:00:57
132,2eb902dcc9cbefa27e1207587d0f257d,2017-09-21 19:46:14
133,c5037c4b6becafe4f3ff75f39d771a48,2017-09-21 15:48:51
134,f4459c34d8c8e538845e305e7efbfb8a,2017-09-21 13:11:42
135,5a58844acd272f8eb6ac58bbdfe00be4,2017-09-21 12:30:12
136,2127532494f9b784a4f1a79282409e04,2017-09-21 11:22:01
137,8333351cdefb4ed33e672e11cd625172,2017-09-20 23:54:26
138,fd48ba6fba9161af68a1391ac30d85a9,2017-09-20 18:27:48
139,6f7f19af183bceea8ba6bbec8189c093,2017-09-20 16:27:47
140,4066f4b3b966b680aa2c3aaa5b770265,2017-09-20 08:54:16
141,95fff4f8ee48fda7ed432be7c8ff2653,2017-09-19 04:23:07
142,f05487fb5c2165b0a4237e917e358f40,2017-09-19 03:53:57
143,b224b5873d3ea9750a1d8b5f3e269552,2017-09-19 01:02:20
144,bd9dbbf1c33d5ef266169fbcc462a10f,2017-09-18 19:05:13
145,5e9f2070817c0ad69c57b956175acf41,2017-09-18 17:12:52
146,43cb12aea0adfb33ad4203c11d1bb2f7,2017-09-18 13:46:55
147,c810d7de4302799f153adb50e9cb42cf,2017-09-18 13:33:16
148,d950fee6e661665e36377c1d80677a2f,2017-09-18 04:50:22
149,84f2fa43f07adc4eae26783d5b1b4710,2017-09-17 18:53:37
150,e724e21cbf649c4f3c55365a62e8ce05,2017-09-17 18:26:33
151,70672d581cbe29ad2c5e98bc700b05a4,2017-09-17 13:44:04
152,1eff7366e33c184a77cb2b41d61c2b65,2017-09-16 17:42:38
153,8022ad60e37dd53adfeaac7847f0daae,2017-09-16 11:46:03
154,08c1def55cf6880503336ba1f5234e37,2017-09-15 21:21:15
155,154b32ffe1398a2e018eb4b2e13c37cf,2017-09-15 20:47:11
156,4a06ae4f7b47874e85493a27dc2f42df,2017-09-15 16:07:21
157,9809ea41344fe457cdf908e5c55562b4,2017-09-15 14:24:44
158,337e15f1d3717b8b742e08c152728f1e,2017-09-15 14:14:29
159,242a62a8d856f186ccae90c99661b525,2017-09-15 05:22:38
160,432caa80a6f8e36a6d17a9d6e744ebd0,2017-09-14 18:42:00
161,008793c7766aa0e097dfe58427b89389,2017-09-14 15:23:55
162,0e46a3133940a800eafa3d9db70f51fd,2017-09-14 14:02:55
163,4ca376da48358549ef9c8ccf1309bfb4,2017-09-14 05:00:36
164,93266f486019897c9578cfe006dcc35e,2017-09-13 23:59:55
165,5071310254468d837cf1ba82cc359931,2017-09-13 22:16:16
166,2665b8ecc280a332fd7b1007bf4e0c37,2017-09-13 11:17:26
167,4552eb5a7bc7cc26c16e72c709add5dd,2017-09-13 10:34:40
168,43c55bed7a0b4b9989f60ca7a3b9e442,2017-09-13 04:38:47
169,2e4781a5b1a1fdedda28cbe09b703857,2017-09-13 03:57:49
170,8d844e6dc34b2583110ca8b7d9791af9,2017-09-12 22:12:39
171,79ecc9d05c1110f84e0f53cd0d9b968a,2017-09-12 21:10:50
172,02dfccf20904eaee49633aeb4d44adf0,2017-09-12 20:34:22
173,206a3d09392c36500e98a45cd1bfd1ce,2017-09-12 03:28:27
174,add432bb4627fdd37bb20410caef1c87,2017-09-12 03:03:29
175,bb6809f26cf987ce23cd69e2427e1217,2017-09-11 22:07:58
176,e50fba45a9cafb5b93e3514690eee96e,2017-09-11 14:24:14
177,459e2f900569ff4be0f1d19a2c6b2df0,2017-09-11 11:54:27
178,310204d63ce32e9d28d4acedaae2fe8b,2017-09-11 01:08:41
179,4208de92c03b401688dae1768f5e7512,2017-09-11 00:53:57
180,b0cd78ffdcbff06253f180a24435b141,2017-09-10 23:28:44
181,151980fdbdc544a61db50f2c24cfaf84,2017-09-10 21:09:04
182,bd1503bdb91f9c99a8db7d69abdd6716,2017-09-10 20:52:08
183,759be096cecb833c5b7d6795aad210fc,2017-09-10 12:22:24
184,d77149a51e67e3bd99c81359d66b095d,2017-09-10 11:17:29
185,7ff9f93d2d3e86d4fc9a8cc2374ff758,2017-09-10 11:06:20
186,20a340c088f1638c778a1cfcac4d8e77,2017-09-10 03:01:49
187,9fb4ff92d3593d14ed71fcab108424ea,2017-09-10 01:22:25
188,f14a85b26512997ddae7f8cd2ffca934,2017-09-09 11:20:45
189,cc3e1c2ed42e8e55ea616f3c74c0eba0,2017-09-09 10:34:02
190,a71b73f256b5fac20306298f75e4b288,2017-09-09 08:33:37
191,eed2c16a661c7882dad4e889752403bc,2017-09-09 03:52:39
192,b3ca42b4841836ca0fd610008441295e,2017-09-09 02:33:43
193,b3cc5caa3ffb399f7aab741ead8c7136,2017-09-08 21:31:20
194,0a23653e68cdc58d7081d1535bba423f,2017-09-08 18:03:28
195,b5bd188bc9d52db887191194cd3ee178,2017-09-08 14:29:14
196,915b8610753bdae7bcb1c97281f05332,2017-09-08 08:51:09
197,7e4b5f92dffa93ff7fef7f91252f6b15,2017-09-07 18:58:03
198,6db5227083eb5f05730567aac8633598,2017-09-07 14:10:55
199,7ffaa918608181884419e232b69091c7,2017-09-07 03:51:44
200,a543d70bf8b9f23299480205ec71088d,2017-09-07 03:49:26
201,bc59c4089af97b8c2ba4612714c44768,2017-09-07 02:44:51
202,7c54c779848a15dca07709fc201e9cdc,2017-09-06 14:47:00
203,87676ab4f1b063c438667dbc8d97a6eb,2017-09-06 12:30:34
204,af80ebf18f1223397bf7063a33591959,2017-09-05 23:19:24
205,60cdac8a5b106fe4505c79b8e9388478,2017-09-05 19:35:34
206,b0a54325dc2515262e396b82e5aa2c5a,2017-09-05 14:27:40
207,0786d4406e757ca28cc26954dc31ae48,2017-09-05 13:51:56
208,ac5ee3dc4a38cac5cfaf49c80826e3d1,2017-09-04 23:17:21
209,151d40890861a403b788207a72e4a64a,2017-09-04 18:26:13
210,ee80cbb1adbfa3cbed60223546079777,2017-09-04 17:56:34
211,a10d65d37b81cab83c224c475511ed26,2017-09-04 17:06:37
212,ce69658aec0b197b0e4dcb0b8918e71c,2017-09-04 04:39:12
213,e241c7391023479ad2511ed02d9ebe9c,2017-09-04 02:50:30
214,206a00b6ee66d7fd141c975515cf6b9b,2017-09-03 23:27:50
215,78a68a52aec4128a2decf1466a2a6c94,2017-09-03 00:05:28
216,634006c0df4a137fde7b89bb28e3864b,2017-09-02 21:07:27
217,87751a2de24f35eb01f318fe6e453e8d,2017-09-02 10:14:26
218,09c5e7c3356bf8336df6088be54481c8,2017-09-02 08:20:40
219,194da53d57e61994fe830faecbca258a,2017-09-01 18:39:47
220,6e9d36318bca172a93f73781c59609ba,2017-09-01 16:49:06
221,7d473f2e02c4b49349f5b807d34fa035,2017-09-01 14:19:11
222,650d7759e013aaad8bc49b453cec52ea,2017-09-01 12:50:28
223,37582aba78ae1ef7dcf74ea4ce2de8c1,2017-09-01 11:24:45
224,2995b860983b4210a6aee234f4bdbcb8,2017-09-01 10:16:19
225,a8d687dbdbf49d7c24e9927f722534f5,2017-09-01 10:08:44
226,3518c95b738815792e3d8258f72fdf4e,2017-09-01 06:55:42
227,dccf44954b2cd7a7b563b3f96477df2a,2017-08-31 22:38:28
228,91b8706775da88b2b9d179bb748e4117,2017-08-31 20:29:18
229,d6abcdbec471a92a2f04e0139b00c856,2017-08-31 19:34:17
230,9006b702b3821ea010b61b42c529e77b,2017-08-31 13:48:27
231,a611ec17afcf61d5f44f86abcb286e66,2017-08-31 06:26:54
232,19c2a8575c962730b66bd9b776a1784d,2017-08-31 04:35:33
233,3b3ef6dcf29673f9497e2e885e24a44e,2017-08-31 00:01:24
234,618f8dc81cff705ebc30e11fd4e80e1a,2017-08-30 23:15:17
235,96e42fe344372a15f183a9ead43cbcb8,2017-08-30 19:19:35
236,d07a04abeb01912628628efc5821243f,2017-08-30 13:57:39
237,f2e726a859423f29c944a2e86d7ef53a,2017-08-29 20:23:47
238,25f0fccfa552efcf037053325136c23c,2017-08-29 18:30:33
239,6cb8947d1cdbecc50f022f7dd6f9d8df,2017-08-29 03:41:35
240,baa8b11a074701fef4c75ac3bfce1d5d,2017-08-28 22:17:59
241,504519fbd7b1d8d86f6624d31aa0ff84,2017-08-28 02:50:59
242,0e44fa228e3e1b7dea2c5f58ac744e8b,2017-08-27 18:27:40
243,b0c87b63a65b7bb1446ed2023990c2af,2017-08-27 13:05:54
244,9d8f1627e9790ed369e88dbcc947c5d0,2017-08-26 02:35:47
245,05a5739881947bb5c455d7eebbf70e5d,2017-08-25 20:13:53
246,9d807eaa535a97054e4d2df54f776b7d,2017-08-25 19:57:33
247,24af8ab16d12f02164d5cd5c97ed51c7,2017-08-25 19:11:00
248,0534cb3d8c58e07f1d54b102667bf3e8,2017-08-25 18:13:46
249,0f676a57c0f9d1c6fc86b2f0d4ab01c4,2017-08-25 15:51:32
250,8d216dcf6e8374bc95c6ac82a5e38ef7,2017-08-25 13:00:25
251,1d54fc1a3aaae553eebf72f6a60e7951,2017-08-25 13:00:14
252,2f7a52043f001ca7c6ca747a0a606159,2017-08-25 08:24:27
253,e70316628440dd4eba3f2e1a11ef0cfc,2017-08-25 02:39:24
254,6247034239f8514eadd1db3363d49ddd,2017-08-25 01:00:48
255,70ae44077789ad88d5f6954ce62e2936,2017-08-24 22:04:20
256,efa4bff874eba47b59e2f3f9033c2842,2017-08-24 18:42:24
257,d19318a41a3404eb7d905c06d4bd4260,2017-08-24 15:23:36
258,8948c92b26ff1b198aaf887687d59968,2017-08-23 22:03:19
259,cbdabb7a27ee6cee781415a06c6c5d13,2017-08-23 21:20:46
260,3363e29ba4ed27ac97959febf68b0938,2017-08-23 19:28:34
261,8399b3eab8f4ae5165d20bc91bdd21b8,2017-08-23 16:28:56
262,f6373797deaf231b8118687fc7e8c538,2017-08-23 10:11:26
263,aa09231fa4f689be19369ca7913ac1d1,2017-08-22 21:19:53
264,a00acd0117e6cccfade7a09c65cbe204,2017-08-22 05:51:42
265,18bc4d3962ea1876b8dbf03271866046,2017-08-20 20:23:23
266,714630b33b38001d7a68813467a80a57,2017-08-20 18:35:32
267,18e3c55031b452fbde7db524bb1dcbc1,2017-08-19 13:32:08
268,3b587aa83a1c0e5989a8405044a9090c,2017-08-19 11:49:40
269,3a260fa07da8320f697b5eba30f76fa2,2017-08-18 21:35:43
270,66c7c0e0c06cb7b8e8ff710225242f80,2017-08-18 20:45:12
271,48cc9779135b57b6a8d4052e93bb843a,2017-08-18 16:57:31
272,26d2c2979af36d6c1a89b95533fb0294,2017-08-18 10:16:09
273,0c5df2e47faf3b5dee8e041ce1c1f018,2017-08-17 12:03:08
274,484e853911d2c6be9191d1b6f4026ab2,2017-08-17 04:32:25
275,0086e30f8d8e1518156df8915269be34,2017-08-15 15:33:27
276,f1541c940807014f685c6b7b796d3727,2017-08-15 15:17:40
277,0404795663f0281a0b539a65ed02d603,2017-08-15 14:11:52
278,1a1838f25a915e4febf3d10c389ddaf3,2017-08-15 13:37:06
279,af039100800221963e8940343610ee36,2017-08-15 10:45:32
280,befbddf34f71095d3fe49efd79a8996e,2017-08-15 06:56:03
281,8d0d60086cf22aeac5dcb2574a2b6279,2017-08-14 23:36:18
282,dca18643ed6030c877d144c6deab5ab3,2017-08-14 04:49:47
283,45beadd0db2961f05da8e7521cd00116,2017-08-14 00:42:19
284,b4bd994d6aa4a7df98dc8c9382fb5101,2017-08-13 23:19:09
285,5b96da1a8dae6da9325181f801288c5d,2017-08-13 16:55:46
286,76e23316714d74410ddf0b90075420bc,2017-08-13 16:13:55
287,9260c2cb2c91292ea08ac5d752b1042b,2017-08-13 03:20:51
288,351b82a9b3a6bc3a77baaeb38ab0e124,2017-08-12 22:36:03
289,4a329de221c93b2fb25bf4f3ceec9556,2017-08-12 15:57:26
290,6da8e98549cd711ed59373a4706d0911,2017-08-11 19:04:33
291,98ca99b2723feb296079a30535a44c2d,2017-08-11 16:24:10
292,4dcb4a267dd79c5d1f0495808cf1b899,2017-08-11 12:15:46
293,aca6fcfb9d9d8db6b432f4dce7bf9984,2017-08-11 09:33:33
294,124845fd51a739cdf386f70f36050f95,2017-08-11 06:49:29
295,5b2725548f3b713fa70e39bb7aec5e7e,2017-08-10 20:46:00
296,7d65eb8f1b69ed586b6d39e668046d03,2017-08-10 20:17:50
297,3a0e589bd7c17e25c6d6456df1d5b194,2017-08-10 16:26:42
298,746a83382602a573e87a123c8737d42b,2017-08-09 14:23:10
299,70c06a4865967605aa82fbf5f977890c,2017-08-09 05:09:03
300,9641dd07b501a8811a462b3288d46053,2017-08-08 22:16:43
301,f70c6341aeedda2368c274a6211156a2,2017-08-08 20:53:39
302,c0d8ac4aef462f947dfb3027f576ecc1,2017-08-08 19:22:49
303,d0a60bd3a1aac24c42cb4e15bff1866a,2017-08-08 11:27:08
304,af2187f3b93cfb55403bc71f3d9d13e2,2017-08-08 08:38:32
305,338dd5ae56ead65c61da0f47171983a8,2017-08-08 00:07:37
306,f8702f9044e4fb95684d5c1788bf5d79,2017-08-07 21:20:11
307,99fb4a468b04eca72b71321050b8a3bb,2017-08-07 14:11:40
308,1120523aa0ee28b06caf37564a26dbc3,2017-08-06 19:14:39
309,06ddc401da2f5e3c6969c7a21273a341,2017-08-06 03:47:47
310,ba4d1b4ef9ba6234a1af783ce5a9aced,2017-08-05 18:27:26
311,2147626b7b251d8affe89bf16b5b98dc,2017-08-05 04:09:26
312,171905e95d4ba808255e1d010345f857,2017-08-04 22:02:42
313,150f7af15e094b87de01b6f266b9f911,2017-08-04 17:01:30
314,eea24036a803bc05c4872466d6674711,2017-08-03 20:14:22
315,c36af85918828bccf221f6f6a436222a,2017-08-03 02:40:17
316,86c89b1ba16e4270bd4739c6b098735c,2017-08-01 09:54:33
317,e27fbf0edd9905bcb86c4a1d9350d5fb,2017-08-01 03:20:21
318,895fd22adb4fd573466f721d690c4a28,2017-07-31 19:18:55
319,60ed43ea8ddf6367a39423d355ff399d,2017-07-31 08:24:11
320,c76e6282058c25579937c956f145bb75,2017-07-31 04:53:14
321,cdadf041b101e72dbbdb1df71be2e179,2017-07-31 01:53:34
322,84bd6efdffcd7d0e894a505ef1700d18,2017-07-30 22:39:40
323,467ccaa908abf155a96bdc6826c6ca44,2017-07-30 21:10:43
324,f0d996d63982b988889c6735e4fc5450,2017-07-30 18:37:01
325,e73207d88e1df3580e425f9e868b8fba,2017-07-29 21:55:25
326,056cec273f01d7757ca925bfd38cf271,2017-07-29 19:09:25
327,13aa00d8936560ebefe35c5c57871739,2017-07-29 10:18:54
328,0cab77d877c86d3650188f2930c72812,2017-07-29 09:49:12
329,c9c7fec9cf5e071dead30141a93d6439,2017-07-28 13:07:26
330,d2a545fa3af88c689ef374e1271db1c0,2017-07-28 12:11:14
331,01f99f82502b0579de53e98dd3c15c06,2017-07-28 08:09:08
332,b200203a377aa50d31dd589ce5cc018f,2017-07-28 03:40:52
333,2964033fd7280ee5bc4596d94e2a805b,2017-07-28 01:26:41
334,4f5363ff9e0bd3cbc7b0c5e883a7c370,2017-07-27 19:18:44
335,3b00745fe39243691daf8d17b4decef7,2017-07-27 18:10:11
336,a6f7b4d568976e9e702c197601ee3e68,2017-07-26 16:26:32
337,3bc686a0648f424777b9538ddad302f4,2017-07-25 20:16:49
338,d4c16d1d47c83fad9c693cb8d4089905,2017-07-25 16:13:23
339,cf5bcdf1d830626f0d73866dce0b48e0,2017-07-22 19:09:40
340,aa8534abf63c4f535adbe9e440360ba1,2017-07-21 10:03:10
341,008c9db56b3ca8f4b7999c9d2d522d92,2017-07-20 22:40:13
342,64e010e432b7dc4b66f3a750aafe8094,2017-07-20 17:10:47
343,b48db3af5c2b0d8f3a0acac1aa8e92ed,2017-07-20 16:40:13
344,b1aee51a7d04f51ba977da8157b771ce,2017-07-19 21:04:55
345,e58712a622836e57ee537c3dff1cf59d,2017-07-18 13:22:45
346,f190f15dbd8686fc9158d247c09189fe,2017-07-17 13:10:39
347,015f3d430c65c962fb6bc8f7be2da503,2017-07-16 14:07:28
348,44df8b45b776072fec17d78accd880df,2017-07-16 10:04:09
349,79d85bedab4ab8954bb663ab85856cd7,2017-07-15 13:22:18
350,1cc1aa484fe04f5001f25a4c60e5d814,2017-07-14 22:16:26
351,d203bf23455b39ba9e7d6c2d52473ba5,2017-07-14 21:54:26
352,e7e046b40f0547c7757b76d52c64c888,2017-07-14 12:30:56
353,c39f21b29a9c126b2156901581e37148,2017-07-14 02:35:45
354,2728a6faf3a6de76ca9fcb456f583dc8,2017-07-13 10:06:09
355,da3bf248026c637a58badf9c7639c829,2017-07-13 01:58:14
356,15dfd72e7dfc3e7039e3b7a763bdb3c9,2017-07-12 20:08:58
357,886038dc135f1337773cf3def4c2dcb3,2017-07-12 11:01:53
358,6f17e6561b710769b3d1bab508ff9348,2017-07-12 03:11:44
359,ca28dde538c4a14f80b18a89694f3f69,2017-07-12 01:12:14
360,3154e1e7fc457a3d8678ae42e2d2bc72,2017-07-11 10:48:58
361,8171d23f969cff692a79f58a4ac41b63,2017-07-11 06:46:27
362,96cdb6fc5c3024242cb90620fe15a9a8,2017-07-11 03:09:01
363,016b9449d13f8cd1daadad398590c70b,2017-07-10 09:37:15
364,6be14ae41aef33323b24ed1f1d428668,2017-07-09 19:32:43
365,32a455245cbb05f1c00083520de927bc,2017-07-08 02:14:18
366,b0a659c3752ed3e1f5a31485d45fb597,2017-07-07 12:41:35
367,c67bde0604e7e7ba799fdd09a54619f0,2017-07-07 10:08:13
368,63c831d7098022a87283afe15fcb9e73,2017-07-06 00:24:07
369,2cf47c9cf6f339b429a440a3f66261fd,2017-07-04 16:23:32
370,05460fdf4361e1a43bb7b3f47acfffba,2017-07-03 18:19:47
371,cd5ef9ca08f88d9439796debfe5adb66,2017-07-01 00:10:03
372,3fb8df2ea1035b900c5d2d380f6685c8,2017-06-30 15:14:51
373,ec3c20fb430620c9ef458a7f5e227061,2017-06-30 12:21:18
374,36555fa5fce6c254eddf3248f6053447,2017-06-29 16:20:39
375,1f7902456171bcf9067f45a296c671bf,2017-06-29 16:02:05
376,143f4db31aa643706eed96c3a9d493f7,2017-06-29 15:39:58
377,ffbe66e9facf39781fd2c6e8b0f05af0,2017-06-29 11:05:44
378,0b4339a6d42b0218acc903c7b876997a,2017-06-28 16:41:35
379,a4d6b9985aabde565e83d5b5b236430a,2017-06-27 22:05:48
380,13de85cf9dc51d102844a3485a818e02,2017-06-27 18:50:06
381,6a3a9316a22f9d714c0a8f0c916e9b82,2017-06-27 12:52:44
382,cef762063b3071f59e897d736eb5730b,2017-06-27 05:47:51
383,80a22e10cb53c3d3743fbe01ceec33dc,2017-06-27 04:19:44
384,7c85277601b864d1eb9e1112808aea98,2017-06-26 22:50:42
385,37292943dd1fab7d7d71b36e2212c374,2017-06-26 22:09:10
386,c659050a5163c810475173c9fbd2ebe0,2017-06-26 16:48:59
387,bb3bd644c9db946e8fd6ba9dce7a4cd9,2017-06-25 09:39:21
388,01e8a2e7a4e57736df09c7807de66083,2017-06-24 05:08:14
389,e1ad0af538a29bee75481999f19a5518,2017-06-23 16:16:48
390,dc840c190c00f213e2a7081b9cf428ab,2017-06-23 01:24:26
391,0202c202afcf3dfc67e4a08bf17a4ee4,2017-06-21 19:16:44
392,a1015aab1d04d8c603dd5a96e370310e,2017-06-20 12:27:32
393,11c33ab06c3d4550fbed5a360f5fe4d5,2017-06-19 18:45:12
394,5829f4cf3f92b0690c988ed0771f3edf,2017-06-18 23:51:55
395,c4d8bf491e3c3ebe4967e252d9c73976,2017-06-18 12:50:13
396,b78caa9fbe1fb63cf471799105f24ea1,2017-06-18 00:58:57
397,51aabb204e27c2d67ac650ed07e3928c,2017-06-17 10:18:34
398,dcab8582184c64c03844171fbe00b909,2017-06-16 17:28:14
399,7e69f45008eadb72a555a15cd0565073,2017-06-16 16:26:30
400,ce4a6cd541e8e5e47c310260b6707c1c,2017-06-16 10:06:27
401,267860ac579d7aef4bd19b4a7ec82833,2017-06-16 00:37:37
402,e19fa6b6ebd2c8037c3ea7761d16c052,2017-06-15 18:28:29
403,ea43c111fa7e94d9d9a1d6a5fb2870ce,2017-06-15 12:25:32
404,63388f60319fb38fe63369ccc7d728fb,2017-06-15 11:11:15
405,b91bdb9719e89023cfe0cecb1af44b42,2017-06-14 19:00:21
406,0bc6ff0fd6e0408352e7635812bdcc1b,2017-06-14 14:45:26
407,0bad5fdedb0ddd1d2287039f6588c3c6,2017-06-14 14:34:42
408,8bf781d11ae1208c9d258ca922f2159a,2017-06-14 14:27:44
409,89eb5284e8d6d7a5cc0f5982ecaa80f2,2017-06-13 19:08:55
410,f2f794290977b2ca63bef2447cc04d5c,2017-06-13 19:01:16
411,3766e0c7933404fc713bca21f5a1138a,2017-06-13 01:25:21
412,c2b6afb6cfdadc953bf6692898de6278,2017-06-11 08:18:12
413,23af4a56e9f3e118eaae6771a80bad6e,2017-06-10 22:30:54
414,db09e52ea34b2a79b7410556efbba2b5,2017-06-10 14:57:14
415,aa69f04f36e5ca3b4a140c3126180938,2017-06-09 20:32:34
416,29fe986ab58e3f43f552741587c232c0,2017-06-09 18:13:45
417,f442a9f2a5df0f39e7941974ceabfbb9,2017-06-09 08:32:51
418,5f337bf244a69a97484613237ce7e1cd,2017-06-08 02:36:12
419,c649b989b1f9502c553cee2eaa06b72c,2017-06-07 15:34:16
420,9639a1196fbacca03285901ac105673a,2017-06-07 05:28:13
421,d2a4376d134018f507a075fafb4fb21a,2017-06-07 05:20:10
422,54278deaffbb2692d5f62b1bb4bbccfe,2017-06-07 05:13:28
423,a07a89e1e869a3e6cf12b13ecfc5ebf4,2017-06-06 19:19:52
424,1ff35ceb9a1c68d7780629b72acb3ebd,2017-06-06 16:07:13
425,c2baf83dab4b07c7d5064a05bda37f5e,2017-06-06 01:36:41
426,7cb4d984837d37e94927aca14fbe3813,2017-06-05 13:47:11
427,2188d5b4938b584c4fd37fe5c4eac4a3,2017-06-04 23:19:36
428,619ddf27794d146c23ca2ab632a203e0,2017-06-04 18:14:23
429,aa2a5a5ab3c99c977d073781a4c7e4f2,2017-06-04 04:10:08
430,a48248ecfa5d52464ff5d8bc72a531e6,2017-06-03 07:20:03
431,475e92a973f3c8963c092ceee4b826fe,2017-06-03 00:21:14
432,acd6f9255525b87e041e56ebbdc32ce0,2017-06-02 16:34:53
433,cbd900c921c337d38b0a66b610997db9,2017-06-02 15:57:04
434,6eb3bca624c522426c461c9df91d679f,2017-06-02 14:30:55
435,d44c339604588a2962b528bcd9390265,2017-06-02 10:43:31
436,e118ee8d25b5834ab4e378d5379dc015,2017-06-01 22:39:19
437,1474a5a74eddf80f23420340f8763513,2017-05-30 12:23:50
438,42bf5ebe4fbf4d1d7f9e7f22f8a63fdb,2017-05-30 08:33:11
439,bab8dbe65e1276308fe41fb161a74670,2017-05-29 19:15:40
440,fbc6fd7ef565c668eb7e7a2c7d692078,2017-05-29 18:13:19
441,87632d947537371b4dc9adc534781d5f,2017-05-29 10:37:43
442,afb2c97967c86fcda4f6027a8081e637,2017-05-29 04:46:14
443,7c6e171bcbaacf9bc3e4aae3ae2b3dbc,2017-05-28 10:29:44
444,fd818001b33bc1ae7046f401769f11b6,2017-05-28 09:49:18
445,0045d07aa8c56b25d078c2920219fed8,2017-05-27 12:44:54
446,3b141d8efc4cec68ca444d5b9bac785b,2017-05-25 11:31:26
447,11faec4ac2986d1aa1619bd0b7736d5a,2017-05-25 11:12:53
448,7333ce3fe7f88d18746c3c6a5a66a552,2017-05-24 03:00:21
449,083743fdb35ded42d3b6cd68e2d3fa68,2017-05-21 17:41:10
450,6c2583e0003c26998964a2da44288b38,2017-05-20 18:55:27
451,ae29207a0f048324f8c9aa2caf3d9d83,2017-05-19 21:30:57
452,335628e71b3c6ef7fde37861b721934b,2017-05-19 01:59:15
453,11014f3021c0cd5abe7e0dcea8f9192f,2017-05-19 01:01:38
454,67ef75518d52851758ef308522cc9fc9,2017-05-18 17:48:42
455,c039fedb504dc0853bddeb840fd9bd0e,2017-05-18 16:55:32
456,79ab10f190a4931694ec9ef87e448197,2017-05-17 18:45:22
457,210547b96189ddac596fbdb286d69dae,2017-05-15 20:57:49
458,d20d8f793fcc12c60330a1c0362e78b6,2017-05-15 12:10:19
459,db1eefb821156e4ec8dc150db3d0c9df,2017-05-14 09:51:55
460,cd7ca1dadcbdcf9fc74371e8337d5f64,2017-05-14 03:21:18
461,c529df6da103ef8b88f7a89c8b84c165,2017-05-13 02:47:25
462,0f36fd00238f57c52ca284770ddefaf5,2017-05-11 13:42:15
463,d9b0e99060689d42dd22694a77820804,2017-05-11 02:42:10
464,f5850af92222466710b25e03a904189b,2017-05-10 02:44:03
465,1f3945cd8ed8bcffc50e37b2fa6ed99f,2017-05-10 02:24:41
466,0b819104b7757343e191bb2992db321e,2017-05-09 08:36:54
467,c03cacb60e0d718226b72446665df3f5,2017-05-08 13:51:47
468,93aba76f4e4d8910b1868d9dbf7f8b84,2017-05-07 19:35:41
469,2143bfcb2f6ab5ba4d60de001c97933e,2017-05-07 19:16:44
470,ebfc7b0602788d9a9458ee9cd2b67b27,2017-05-06 02:35:29
471,8da796bbb9eb203f1efe15be15668837,2017-05-02 16:59:19
472,80e844453749708db0eebc3d2d7ad7ce,2017-05-02 11:42:36
473,88e61ed056efca0a866ec84d5c16dca2,2017-05-02 07:58:55
474,f508e4eae5480514ea3e13f730832fc1,2017-05-02 03:26:53
475,1885b00d55950beaaaa01907ff6e5873,2017-05-01 14:49:45
476,6bd1a1974ce9639975d6ff60449ef4c9,2017-04-26 16:23:26
477,f555ece5c0848efcb140c1195c22328e,2017-04-25 17:35:21
478,6f6ede625256deb8c1998456618c1b51,2017-04-25 16:57:20
479,3433956c9a994dff97079f1eb8718ab9,2017-04-25 16:42:52
480,47d113811246cb2e1c3b5c44b7ab2098,2017-04-24 12:53:15
481,1281c534d557441f03af871d9baab8fe,2017-04-24 00:14:09
482,4dcf12844fea3e73976e234d5d524d04,2017-04-23 11:45:25
483,248dd9fceb1954429626913d7ff1fafe,2017-04-18 22:42:14
484,b867f4a96271d1f8074907c16cac31b4,2017-04-18 01:05:49
485,2e0070a08ae926555bf28c6e00d9fa3e,2017-04-16 22:43:33
486,0e0c4e2fa70075d21e7f4faa6e1612a1,2017-04-12 16:03:16
487,acb8139e8c26dc80398d2ae6d98c37be,2017-04-11 01:39:51
488,fc1dda05e601e83604692dde314fd3a4,2017-04-09 19:16:24
489,bcbb4f536522e93cebf84768f22ccca3,2017-04-09 16:27:54
490,9bd7ceaf445d4877fe8a185e90e33e85,2017-04-09 09:04:53
491,99e37d397360acce219954eee659ea67,2017-04-09 00:32:58
492,b748173cd987ce063de30be1c30a6f5f,2017-04-08 13:43:48
493,91dadbb65731fe508bcc5db9758ccb42,2017-04-08 00:04:48
494,7cbaaf49a0636c3cf1c26230b407f378,2017-04-05 09:21:30
495,6fb41be7fd912155102b9c9fc37c61e4,2017-04-04 04:13:45
496,48c036dcb9291e6800ab9eef22d289a7,2017-04-02 12:16:41
497,132079a8696891c0884afd1b1b1d2e6e,2017-03-31 09:58:43
498,f910baf29aff1495c30260e0dd6749b4,2017-03-30 10:10:49
499,5e3240c732e5d7cf80836baa92863d4e,2017-03-28 23:49:33
500,87da60f6311ffa8f4d526529894fdcea,2017-03-28 02:12:30
501,99f5507bde2ddfac74308b2f51f96f36,2017-03-26 21:54:19
502,8ea0b04d163aa9f514b9f4e4b300f692,2017-03-25 13:26:27
503,e6cfb9a08917a6487c7c167e1b439432,2017-03-24 19:09:55
504,58623813d9bfb5ccf96466a1c90cfe42,2017-03-24 16:54:46
505,cd4f00a2a2266f2ae2e927b11a906b14,2017-03-24 01:40:45
506,4aff5d412b4aab1863f0fde85dd20bc6,2017-03-20 22:27:22
507,306be2333f47737da1e6bd2ad2dd75d0,2017-03-18 03:08:52
508,40a982bb7e6c2bc417071bde8c3b7e58,2017-03-17 09:35:16
509,298c236ee85597cc0522b6138e28c3f1,2017-03-14 06:50:19
510,5b0ec58841c6f5e5440fd96f8052daa9,2017-03-14 00:45:54
511,6eb95af5868d5f7e42d8470eb92e20d1,2017-03-12 19:29:55
512,6a4db33b8d4f3161bf0cc879877ac1b7,2017-03-10 05:14:13
513,862dec4dc0a0b4f0bfc7e47e71066dc7,2017-03-02 16:50:57
514,f83ab2cff478c3a52e55ef4e16657f42,2017-03-02 00:58:03
515,3d938da2f564fa01b7e21206fbc8232c,2017-03-01 04:08:34
516,989ac5c3632043686826434b7eb97182,2017-02-28 10:04:16
517,ffad798bfe79dcf90a2b3ad0412bc8ac,2017-02-27 18:23:50
518,430dd7b91a6efc6da77e77f131d4c02b,2017-02-27 02:52:33
519,bf675faf03a48481d372c3add94f7a45,2017-02-26 15:42:50
520,33f115e5c15770e7b3c7dcb40b0a54a0,2017-02-22 14:45:16
521,3bff435dc1ed1451a648e5f6518c4c86,2017-02-20 05:13:54
522,279bce5720a714e570be039c1f8abd37,2017-02-19 21:48:22
523,5373af5aebe3961845324389c139569d,2017-02-17 02:59:57
524,a53f16ad42a5cd357c8ec135f4ca1d85,2017-02-15 17:40:16
525,f914870c171e1e796e2a7815f451ae9e,2017-02-15 04:09:47
526,2fe55a838eab8c7c15e34ddbe8a1fce7,2017-02-13 21:28:08
527,6d4ddf6dfb4eba72b120992dd93231c5,2017-02-12 23:17:06
528,536d3b5bef55c666487ed19db0b426a4,2017-02-08 07:41:39
529,e860c1f7ee8c4ac2d1d1b060c93b2b44,2017-02-07 18:25:33
530,2f4b1a98419a3fe768604b48238a98a0,2017-02-07 05:18:17
531,a8ac2b5d1476d36a9a3f3baa50292e8f,2017-02-06 03:48:39
532,097bd9dd47cde3bf62fede0ab072ef68,2017-02-06 00:02:04
533,a4643495e80952f9de44a3a525f3e456,2017-02-05 01:07:58
534,92a674b2c5522cb8546e0d8d43802883,2017-01-27 23:13:30
535,8fe4d48761fc96126ae2768fd751c641,2017-01-25 21:48:39
536,5fae748684a430e684d6338e8b1d7856,2017-01-25 01:40:26
537,5cf3594a42c4730deeb975f2826a4fc5,2017-01-23 07:02:47
538,95776a12b1b225a06d546c84351d5e1a,2017-01-22 19:48:02
539,017d8ca46b3cc4c8e8da5d5df0e5abe3,2017-01-22 14:22:42
540,4cca2ac347436850cd0896edf5faf0ae,2017-01-19 14:41:00
541,410032f003ca8f7ac291b685ba141f42,2017-01-18 16:18:39
542,23c03101ad044f6dcc90c73c736bf486,2017-01-18 04:08:34
543,63d782e8b0f5c93fa4cdcc1261bdaffe,2017-01-12 00:14:14
544,c9f1591db8136a62c975f18c9f31475e,2017-01-07 21:43:06
545,032b9eca586459dc2d5b1bbdeb228c8f,2017-01-07 05:37:52
546,e8da57cf4944935892307a0e05905e9d,2017-01-05 15:51:43
547,8d99cba987f98ada11cce9eb8a5b7b45,2017-01-04 01:04:18
548,cc4759e1f969b2ba59e020ef07ec6da4,2017-01-03 21:22:14
549,c9e0b7cd259b1c98ebae79f01edf4abe,2016-12-31 04:39:37
550,852fff790740560658491f1b082e6fb8,2016-12-28 03:53:40
551,9ac64944bd1cafbf34b79cb9e997467a,2016-12-20 21:56:18
552,c549acb4231fbef0f20e0eab7b9c2ea4,2016-12-17 20:21:16
553,12bf0937717d8e910e1e914f3d97d2d1,2016-12-17 03:50:24
554,21d44acc58a1a251e1708ea3f1bfd4bd,2016-12-14 20:35:15
555,eeafd0228b5746e30bed32667e82ad1c,2016-12-13 22:28:35
556,23ffbc08f559bea25ec96382ec84f085,2016-12-13 17:34:22
557,0b72d3f7d42cd93aaea83d819bb72b65,2016-12-12 02:15:14
558,742d819c6aaf33df3d6c9ccbbd4de6a2,2016-12-07 23:13:55
559,e4c191a24422031d5be30f15d224a517,2016-11-28 07:57:57
560,ebbe76fcb37c6eeeed487bd4e560e075,2016-11-27 08:58:55
561,35f030624760321089397b90dbd607fb,2016-11-26 06:53:27
562,c820555270552ef46e3a7fcb025f1361,2016-11-22 20:18:49
563,7e108a1bf12461d487d0660174c4ece4,2016-11-17 08:39:34
564,8b5a8fa7c8fa7c0928b7d7d810a35027,2016-11-17 00:03:32
565,831227d8efd5f6b3cdbe8f1033cc9ca2,2016-11-13 09:32:11
566,2f100201392d0619095f5390d134d45f,2016-11-13 05:52:08
567,c75699acc4c8d503a3028b665a9802f8,2016-11-12 00:04:35
568,bcad59150ff03790d9483f7ea85504f7,2016-11-11 21:41:05
569,e759358bf89c95ecd78b1188af5608cb,2016-11-08 22:45:05
570,e14cf4620db432a6dc677a58b7ab4c02,2016-11-07 21:46:06
571,ea9e5eb54136731cfaf64e54ada5910d,2016-11-06 23:17:04
572,c7b5aa189565188b2d18510fc6d1bd9f,2016-11-02 00:15:59
573,bee0b412595ec2ed1191fa1df07bbfd9,2016-10-27 21:09:26
574,8d7b5b1fa468db5a3fa7ddc7f1a5a3ea,2016-10-27 05:51:09
575,9d47bb895f6d83249f9e43a1049c6df3,2016-10-26 03:01:58
576,00a0ce5819d991818ef208b80dcf4bd1,2016-10-17 23:14:34
577,8d6a354065a8cfc3336cee344b305a1b,2016-10-11 23:15:39
578,c486853daca10fda527d24978597a35e,2016-10-09 21:14:51
579,ee5b289d9a94e2782ea207b8f27c79aa,2016-10-07 00:18:26
580,32cc5ff2ead925d2dcf965ff03e2ef49,2016-10-06 18:27:52
581,bc7327d41f1168aa86a2f545441e0915,2016-10-04 14:58:45
582,e90b32bea4736a5587cf1a682880e0a3,2016-10-02 22:24:18
583,e921f94e5e1943a6185518751eda618e,2016-09-30 02:54:02
584,e2ad0c20390bc8deb97daed038af75eb,2016-09-29 02:47:32
585,28c6d03ee715c3c6a69cd960ca404123,2016-09-21 21:56:15
586,e31f8b8c6d8b6f780b9d51a1d95bda61,2016-09-18 00:07:06
587,1017dec15693cd725c942d42484d982d,2016-09-17 08:44:57
588,e4fc01c4043df92fa0d9866026c4c926,2016-09-15 04:50:25
589,5f5d9a8ca405f3bce97271ad48d82176,2016-09-11 18:21:59
590,b394b3c630298e9e7266148380c49eb1,2016-09-11 12:55:49
591,be488513574bcf7dd962dc59ed1140e3,2016-09-10 13:59:32
592,db1d4fddddb1dab0868b52dfbbf383d2,2016-09-03 20:13:39
593,9c53ce9492d7f5d7a4d76332629a9277,2016-09-02 19:53:08
594,e42c2fb287dd5e68dbc8bb86e9fb6fb8,2016-08-27 17:12:36
595,1878074d79b16225edebeb1de8af6f0d,2016-08-26 21:40:08
596,6f249c38e287396614966bc11ba2883d,2016-08-24 19:40:43
597,eacd74ee5c85c80a4a3b2122b7e81ade,2016-08-22 11:31:15
598,14051e5aa9c62eb4ff10b9509051f457,2016-08-20 04:50:42
599,ddfac2b449a0c724cfc82e054ff8456b,2016-08-18 17:37:08
600,8ac0151ee26d5181546d899b9ef4f4e2,2016-08-16 21:29:08
601,6d4ef79c24158a9a25c3eb7d6876b1b3,2016-08-11 19:08:51
602,02b3ac56fc650f992c3f68ceb3edfefc,2016-08-11 09:31:46
603,9d5ca06f5661dbf5324f4aba3e509e9d,2016-08-01 10:11:08
604,315a1fef6bcf42c7f16e132ba5e02566,2016-07-31 19:15:30
605,c823f283034d5579e6b4ad4a47ee0da7,2016-07-27 18:04:29
606,067c7285622245c385b261e28e16088a,2016-07-26 20:12:19
607,0f391cd204bd31777ef8853d2112ffd8,2016-07-26 13:11:58
608,7e9db9b99c6706a6cadcb0764bf2b97e,2016-07-15 00:25:42
609,bb95dc4321d1d632c061e743786be997,2016-07-03 15:20:25
610,84c4a2bbc100c5bf7d55db524a9ddd0d,2016-07-02 03:06:54
611,67aa0847320a6f22ca3ee54f3748b808,2016-06-24 18:54:25
612,b9f5cdd41b93956cbb10ef0122d42d1f,2016-06-19 23:37:30
613,9b8402c10976c1e04dbef810efabff41,2016-06-18 16:47:25
614,cb5877e2c7e46327c3c79af4bab3de59,2016-06-17 22:25:09
615,c344bb54bbbed3e5840627ead8b17daf,2016-06-16 18:05:06
616,8b0e81fdaff838380d35df8cb42b2803,2016-06-12 14:15:26
617,11907e460d5be5726e1b2eabfe7694c6,2016-06-08 21:02:03
618,08a2564e8b0299daa763b823cce42755,2016-05-21 21:58:56
619,598604c41c31dbf7699fec30dbe84b54,2016-05-18 10:12:48
620,f6b56b1de9190cd961755cf462c5ddfe,2016-05-11 18:09:08
621,46e218bc8d1f139555b2e828dbfffbc4,2016-05-10 10:46:42
622,97e8eda4bc42bc9b50a05d5a19e93b58,2016-05-05 16:30:11
623,e9d7271281d543743df3e602dd7fc9d0,2016-04-14 12:04:22
624,c2d43b488cd2ec62b878fa8fa0bfa32c,2016-04-11 06:47:58
625,d0e43ad07f9d877d6484e0baebcefa66,2016-04-08 16:51:39
626,81ee004af283eb330fa9018286a6de68,2016-04-05 00:05:43
627,dbdee3b221edcb297fa07ba96e811dbd,2016-04-02 16:01:57
628,1f32d168f6f666508d42691adf78f909,2016-03-31 03:32:07
629,b58fe1da4877bae004ca793b2b60dc14,2016-03-26 07:08:25
630,c5a4903b1bd6c9e9ec513cdfc1bc5b43,2016-03-19 18:30:34
631,09a1bb3c43385b0674e47ccaf7278417,2016-03-18 06:20:51
632,13d4a2285ffd695856e1cfb6e48610b4,2016-03-07 17:59:01
633,e26f8786e4e0351a1c51e93f12671bec,2016-02-29 11:02:17
634,13979a9cc2971376996a6e032790013d,2016-02-24 02:07:13
635,82720d7d7dc0fe2066ad8524886980ae,2016-02-21 19:46:29
636,7bb5fd085304f434487532cd4fcd8276,2016-02-18 08:02:38
637,1ad0b76eef6864ca4327687a971b3610,2016-02-15 17:59:45
638,1fc5eea11608fc8b9f1726927ed5475a,2016-02-14 00:37:32
639,0b1284959cf82719f2eee0b478909fdb,2016-02-05 17:29:58
640,f267cb49d34b72f01952fbe073b37bce,2016-02-03 07:52:10
641,ca6c11b912a7fb9f65f5ae91e1a326dd,2016-02-03 01:02:56
642,99c37a43b57cb64cdc894502af364ae5,2016-02-02 05:05:16
643,d37b398b51a08914bc66b247ef4e90dd,2016-02-02 02:51:15
644,4de11e42be168146d169581295a0314a,2016-02-01 14:38:57
645,5afa9205b7f2c5a867552fd457b3c9fd,2016-01-29 20:50:15
646,22a851c6f72427bfdff8ff5000bcce7a,2016-01-29 18:25:17
647,f61fd9f924acee91f2ee1f61ca24371e,2016-01-29 18:01:01
648,a8da7ce13dc71b64aa0e1afc9cfe3bd4,2016-01-29 14:07:08
649,e65f276eadfe9cc9a8ef39ad654a0276,2016-01-29 12:17:40
650,1fd318f597e2f506575a5de4414efe62,2016-01-29 11:27:52
651,c3bfc9b62000298abadd85840b9ba265,2016-01-28 20:43:15
652,56e0ea141fe36e3343173516d2cee412,2016-01-28 11:53:51
653,bd704523cb0e53208e04cfaf371a146d,2016-01-28 11:41:33
654,d18c5d87cfc2b8667b925a488a9a1e89,2016-01-28 09:35:40
655,890f4232cc469f394a0f2baa3af746ee,2016-01-28 08:57:22
656,2ce80c3a61fb715cf7b1b9489d14c518,2016-01-27 08:11:38
657,94122c627947ca59a123f0e6be2393d4,2016-01-27 07:39:31
658,6842f7301f857f40bb273c6491ff4ece,2016-01-27 04:40:54
659,f74ba2e0f1bb7ccd95b42c6ab2134ce4,2016-01-26 10:23:49
660,a6b8a307d867a385e6c274df9be9298e,2016-01-25 22:35:52
661,6c8c62fa4f9eba972d9dc8924228a239,2016-01-25 21:11:29
662,1e8c1c00f3bb54db256dc1f9f51ac4d8,2016-01-25 17:53:59
663,626d8e5df3ba290ae06c1029bfb26b4b,2016-01-24 15:25:49
664,01ead172d89dcf96b536dc76f9e835b2,2016-01-24 02:48:59
665,17835a1a20e5da879ab91e165e694897,2016-01-23 13:31:05
666,2695d364985ad73e9822fe2ba60d2c1c,2016-01-23 12:19:37
667,4774bc1e2062db6648b4ebee92b2fef6,2016-01-22 14:45:54
668,34e2daf5587eb7b2aeac57e1bbc5c216,2016-01-22 07:16:49
669,eba6382245f2a8792f1d6cd85c292b48,2016-01-21 06:41:48
670,703b5dc960757c6e9a4ef2ed19af9ce4,2016-01-20 16:14:09
671,8a8ba2e355383cc479c83b9f4de92cd8,2016-01-20 15:49:31
672,b9f00a53a05236c659c79847a981f646,2016-01-20 03:06:02
673,65b67e82aa63d7b3c59b1334f4a5e51f,2016-01-19 19:02:10
674,80e521c87eab3738c8e12d9983d3bf0f,2016-01-18 10:17:40
675,a4aa39506abcb12f539685b677c82198,2016-01-17 15:21:24
676,9b42cfea5b75e5fd9794dc67eccf36d7,2016-01-16 13:37:26
677,2cc2841cbe1059b1c51308a6a9ccc393,2016-01-12 18:50:06
678,5a71691509a5afdae4bc54c115af8f8b,2016-01-08 14:08:45
679,e9c1f60cd8df84c4874113c396404a08,2016-01-08 05:18:07
680,e9061e742c891177a35a99df67b24ae9,2016-01-04 15:10:34
681,a43ad9f78f4e29889ddaa1bf3beb9300,2016-01-04 10:44:48
682,0ae879c422d282d5dfe05194534b62f8,2015-12-27 19:22:50
683,acf5dd14db934753eb94b13b5ba3643d,2015-12-27 16:19:08
684,164ea36dcfe2da49fc6bf4f845ec8561,2015-12-27 06:20:05
685,fffecf625f9b53bc7a0f2e3ce5589b27,2015-12-26 19:34:22
686,b75f27ca84bd04fd65a27158501f3164,2015-12-24 06:56:43
687,d5520fdffefdf662146a36a1218f3351,2015-12-17 21:45:05
688,f2ac4666a373e5515e67122355b343f2,2015-12-15 15:16:19
689,e6e43c05c76352907322f043d222595e,2015-12-15 04:51:15
690,f1abb5b0d6daea0b87556778b0192c89,2015-12-13 21:22:49
691,43b17ef4b7d2dac2197e9622febcdb89,2015-12-13 15:23:36
692,3286e322987948b372c08bbcc26d3534,2015-12-12 07:26:47
693,040eaeb37b98d04b5b6db6e9388cc994,2015-12-11 12:00:58
694,ee87996524253e58d8db3b0e65c5ff71,2015-12-10 18:04:49
695,510692eca99e66de7e1d9e01729cbebe,2015-12-02 05:01:17
696,5258f7d03be22667dcea4a6d9367b005,2015-12-01 11:34:45
697,dc90555b3bab0c7124429ab3cc90a13c,2015-11-29 15:23:47
698,377df111b301076db913208a5197b467,2015-11-29 11:21:44
699,167eb9b72935f3a232fa90e3a5752ed3,2015-11-29 03:45:52
700,52721fff5990deeb0a06ec92a72cb887,2015-11-28 03:40:58
701,7ea2f21acaa8eb1539233f9a4ee680ba,2015-11-23 01:14:45
702,be34b987d9cdc9ac1c8c5ad6ac7de2fc,2015-11-22 12:48:57
703,5096eeb9d888dea2cb7299359341ca42,2015-11-20 18:41:09
704,0ec7082165693eafca643cb727ae2d74,2015-11-20 14:05:36
705,9903b3f2a85afcc8c9a5ed278de3e2bf,2015-11-19 23:38:52
706,11fc6f83cbf7cce0efd3e597b1b6b53a,2015-11-15 23:40:23
707,4ae3cb53aba0811c34afe2782c77b05d,2015-11-14 03:55:15
708,6af9244d20fc021270214e22c33a46f8,2015-11-12 05:10:50
709,829715eee61c064f4fd2ad1e05f9175f,2015-11-12 05:06:19
710,66c58df862f616205af5c8a30b93e00d,2015-11-11 21:26:01
711,acd44db82d8a88222d6e937aeccc68d0,2015-11-09 10:08:07
712,d89f13e0eb3a57e8b3e364c1bb6c67d1,2015-11-09 07:22:59
713,0fc655d273ec129c9c8c29b6b1337fff,2015-11-09 00:34:08
714,7c4e9d72622981f002f7cafc7b15a4a8,2015-11-06 00:52:56
715,2f0d45217379a2f97f48409210597984,2015-11-05 22:21:48
716,e0ab8ebc2890ae6b1c3b1bdc5dff7ad9,2015-11-05 19:30:00
717,f33033aaac710bf402f34c1ef9ddea4a,2015-11-02 21:47:35
718,ff5db1be03c107913eb6b4a0c115ba33,2015-11-02 18:45:10
719,7c3778a08ee3f51377b5472526da8b25,2015-10-17 14:44:01
720,b75420b1a1dc2aee8edc65680c9a00ed,2015-10-17 04:46:06
721,72fc3ac205cf585773a8df067ebf7909,2015-10-15 13:29:02
722,63fe327dd433913547f768002891b587,2015-10-11 20:18:32
723,d589ac4d9bb91fe42fb64fe62c142fed,2015-10-04 15:13:07
724,990f2106c25e4b9efb520065d31aff04,2015-10-02 08:14:25
725,8658664c801b3c24b2c499347fefa2f9,2015-09-30 09:29:35
726,d0913a0441a52a9833943d5a8ba5ef7b,2015-09-29 06:39:27
727,20a35c795fac46ba174c1dd588fd0ab4,2015-09-28 03:05:52
728,a715233f5986022abd4781be63ae4df2,2015-09-27 16:41:36
729,8b0baeb382ef6806154e12199f37e589,2015-09-14 05:59:16
730,c260bf5986cac4cc3da183f508916fc8,2015-09-11 19:47:12
731,6c88fdce045bbe21deee491cf84fd371,2015-08-31 03:51:56
732,ec700e24268e0c205e452de0d6e8194d,2015-08-31 02:24:44
733,e576f6922be3b0a35555e700f405743b,2015-08-29 17:10:10
734,44a741e976c58e0ba563e73bff1d6a12,2015-08-25 04:51:16
735,2ab6d737db374322253b83f4487da789,2015-08-21 13:57:50
736,43893159b8e3ff6490aaaa4631168e74,2015-07-26 21:39:18
737,4c3b6b2b82597a0051f12001b88e8a3e,2015-07-25 15:44:13
738,6b2f573b84f1cb31d3d6031016816d43,2015-07-21 16:49:12
739,9a4f0bc97c94d67f5a30e3e67373d41c,2015-07-11 08:27:56
740,b5785684a5676cb88348d64e1e70e157,2015-07-09 16:58:40
741,75f3e99bba379d5dcf870a481f47f450,2015-07-09 14:13:18
742,f08b1f27e3fe9ee13380726756335942,2015-07-08 01:04:52
743,e80b7ced23a9144d29c8d9ca2b8ac003,2015-07-07 17:48:29
744,84fa76ffb70ffcce8bc65c19ec599db7,2015-07-07 06:18:32
745,fe4eecc21723cd64859ba969ce7b0e26,2015-07-06 18:24:23
746,5a012d92a25f1fdad70f1f18ad95550e,2015-07-05 19:27:44
747,fe99aa0ea147f620046b071490b7c984,2015-07-04 14:04:14
748,5e78e0c84f585578c629eb0f48ae136e,2015-07-02 13:03:13
749,52dad8408315cdcb6a9c81c8bb77cbf8,2015-06-28 06:32:38
750,a7105e564e12435ab226789217540d2e,2015-06-24 20:34:42
751,580aa247550a937e04c7106246493831,2015-06-24 01:03:45
752,afe8379e00b6ae7a85349a5ee641c768,2015-06-21 02:52:36
753,fa6e4f17ac7306e0513096294d620938,2015-06-11 06:52:39
754,4f30308c33c85e5a456886014cd1d101,2015-06-09 19:51:07
755,bc1cc4d7c7328ea755f3ac3db8c79792,2015-06-08 08:33:20
756,23e0ae86a02fa62e1a7dc0031ca966a8,2015-06-07 02:21:51
757,cf655c555881edb81758807c179f43de,2015-06-06 09:00:16
758,4a4c197a45579febbfbfe345782d5be8,2015-06-04 12:17:13
759,3de77a364a8a7edb3f3429f4cdbf50b6,2015-06-04 06:51:53
760,e354472f966f2e64b9e99d7bba02f004,2015-06-04 04:01:54
761,9bf2782162655866d47ea372c35656b8,2015-06-03 20:40:31
762,068fd28d306c8793c7a419f85a09a1a6,2015-06-03 17:02:20
763,85f18f1fe75ebda7f465e64c04f6504a,2015-06-02 14:53:12
764,9a55952bd482bb73298d3ff0f6edf262,2015-06-02 06:12:33
765,b4cf3dfcdd93b4d46a9af4ca51884e16,2015-05-31 17:27:10
766,33e8cd3f3e8957fbb0d91428908f986a,2015-05-30 09:06:39
767,aaeb3fc58f0751fe9b7fefb0f86cb73f,2015-05-27 18:19:36
768,da1aaeb5e7b5a35f837533cfe1b1996e,2015-05-27 08:29:04
769,efbe27f0b360a78f200e9c2147cb8299,2015-05-25 07:40:09
770,d066dfda2ab783d91753dd1b7648c096,2015-05-23 20:19:37
771,ea3dc4d727c51f5ea6fce7b0c9cd242b,2015-05-22 11:49:48
772,805d73d66b9691d945aab440e2a35077,2015-05-14 08:57:34
773,17e107e57045eb8fdb8b74649153ef8d,2015-05-12 16:15:12
774,3febbc53bf8f65100d1b9f6da52e85c5,2015-05-11 10:44:46
775,7261f1d1559ec54298403ee3e13240c5,2015-05-10 19:18:05
776,554899493381fbddd21e3246be10313d,2015-04-29 13:11:26
777,474102ef3748efc53237ecad21af9b41,2015-04-15 10:18:34
778,24dcca9ddc07d9852d6d7e664c25dac2,2015-04-15 07:52:32
779,fa24dada2d90cc6f6a960303ae7c2329,2015-04-14 18:54:17
780,9f13b788b55c48ccb27a5b2f1e54c180,2015-04-12 02:21:11
781,7c852635b4ec87a95dfed84e4b769d36,2015-04-07 20:05:54
782,f3a7da431ec5c9abc1913d16c89ebe28,2015-04-05 17:07:33
783,eb39be12c6671473b98b8bb0f55df655,2015-04-04 17:04:20
784,10949334381296f2224b899094a50815,2015-04-01 04:54:46
785,8b25ebfa41d7da7106f91951a8224201,2015-03-29 15:23:56
786,2c9c460195a6708ff185b563e63b03a8,2015-03-28 11:47:38
787,1c2030d9d36d19e25ab2e9f201983f56,2015-03-22 10:54:08
788,830be8e5de1fb926400af18f590828e5,2015-03-18 22:50:10
789,a3e1516cac9620c496d3f6d64945db90,2015-03-17 21:25:19
790,643c770ba48172ed57ddcb02d0405d30,2015-03-16 13:02:36
791,6f13e29b411cc8218984d94b0fda2b8f,2015-03-15 20:28:13
792,1bbc98a2871ac9241d4f2918b3d76d7a,2015-03-08 15:26:48
793,3274f1d58900d6084144a3fb1a59e1f3,2015-02-18 21:40:20
794,00a9c60d8ada9ea6b7c8c6b69501aed3,2015-02-09 16:04:19
795,69b8fc22e62176c6ca474d5b834a22f2,2015-02-04 07:33:08
796,f6cb0737989652dada910754f6cd93ff,2015-02-01 18:28:42
797,f08fac1e6e09d095980312b75a65fb72,2015-01-31 09:38:12
798,8ec2f28681bc2121d1a277dbc1121732,2015-01-20 17:34:03
799,8a6629f0f572478f47b00fe6eb83942e,2015-01-03 18:52:18
800,de739739d3f9523c7ebf3b2197721cc2,2014-12-31 00:15:11
801,41565813ec0a60a2ee442c08664053e7,2014-12-22 12:35:19
802,15f13eadceb0eea6f106ef27772be85a,2014-12-01 15:33:30
803,ac65d02e8081abd3e50ceac3c7f756ed,2014-11-15 03:42:23
804,6859075b6fcf1be259e232c7e1a8b74c,2014-11-08 02:03:47
805,50664996354b1a5eddf36adcf2028efa,2014-11-07 16:32:55
806,e1ffc1a1abe20f5cd8f3cb502e04fc22,2014-11-07 02:54:33
807,b5f5b1016892d99a694d7065feb5721e,2014-10-27 03:53:48
808,f2dda455594d249726a1c7ab07517efb,2014-10-20 19:17:37
809,985173d6a7cd82b40e2cf9f6adc9975b,2014-10-12 11:30:13
810,43ec831c32ab9b470446f49d63fc99af,2014-09-30 13:43:31
811,dd1f6527d044877daa4d14452480a24e,2014-09-25 19:02:50
812,b17c1bedd5756b7d53941e76d093f452,2014-09-21 19:34:59
813,7bc4fbad2182e180332efe83689d35a2,2014-09-21 11:36:35
814,ad9bd8f5ce31c6b51c8cc6e01999e59b,2014-09-13 10:17:08
815,ca60b3e8110ade69380d53bc88fcf703,2014-09-05 21:35:26
816,2788932d81cbd8118468d761411676e0,2014-09-04 23:13:49
817,8208b3ecacb4b3cfc6a393970df460f9,2014-08-30 23:59:30
818,e7b5b8a06b7aada57eb8be69c3b4e879,2014-08-25 14:37:56
819,b444b4056eb7958340559ebef45524f8,2014-08-21 21:40:54
820,8794e9d0191cb58dedada6c18624d1a0,2014-08-04 04:51:07
821,71a678edfb89a33e44d0ddb0de4de7de,2014-08-02 20:54:28
822,f5621b3739429eec89869e32149b6ebd,2014-07-23 04:13:11
823,1b6637297fa5432bb56d0bbd34a1db99,2014-07-20 10:43:55
824,c41bf9c664dd5672026e1b10171bb41e,2014-07-19 19:54:07
825,b7b22b65987efa771bb0a7ba7e177f32,2014-07-18 18:32:15
826,db35e15252dfcd63d81188d61d167e57,2014-07-12 09:53:47
827,3c90a31ffb79846a78fcddcbac7a03d1,2014-07-09 08:29:00
828,f92c8a00bac03497922aeb8de4d415e5,2014-07-08 23:45:47
829,0abe6b278525b38cb4c1af6c50a3cded,2014-07-08 19:42:05
830,f66f896852779eae11ea4693b735b3fd,2014-07-07 15:49:28
831,e00b2a34b92e8087783eedc573d13ba5,2014-07-07 08:22:13
832,a4bff5b02a8f477625f18ad77b2b4b2b,2014-07-04 08:35:59
833,9e5a8efccbacd47437de7fa2aaa1768b,2014-07-04 07:48:30
834,d9970cb001e8f7ae85a7cec36f4ccec4,2014-06-29 04:24:09
835,80d468857525f72a3a5fbd47a19d3702,2014-06-26 04:37:04
836,f3d9a6878a48c6bd7e878c432f7125b1,2014-06-22 18:00:33
837,7d12ba17a606e8209106a869a245e5cd,2014-06-13 19:49:38
838,eeea5fd508bc66d70420323ede748adb,2014-06-09 11:35:28
839,16a9164ee408cd14b4637ea952e430c7,2014-05-24 15:02:21
840,7d4065e16c06fccc6d882551b1f7c362,2014-05-18 21:11:24
841,a7d54c146f244b8006b947592ba3a79b,2014-05-15 19:20:25
842,36a3a12b8a48288d4fcc665fa4a82c45,2014-05-15 04:05:42
843,9ce0142c213d999fa34fbec4d6c85787,2014-05-13 18:29:44
844,3297c889a7f6a5581ed72c29e3e37e83,2014-04-13 16:38:42
845,6a12499a0d8765bb19772a6f4be5bccf,2014-04-04 15:23:11
846,230119ee9e74e046b529be4ab364ea19,2014-04-01 23:24:38
847,4e67e06d8edcc76933da6097644fc410,2014-03-31 21:34:20
848,730cc3f3d7982f834d7e1b5108a2da10,2014-03-31 21:33:31
849,870dbbb647523fbe19c4d1101af224ac,2014-03-31 21:12:20
850,e32a56807ab3e71bb5e07f7ffc8c5174,2014-03-27 01:21:44
851,27eb5c9d48b0664dc2bc52fe2d4cc4ea,2014-03-18 05:44:59
852,73bc9d995bf09eb8a363a6ca6cdad119,2014-03-11 02:49:24
853,28c91e83d1689581f4baa69abc4aa8d9,2014-03-03 11:47:40
854,a1bb054f72b52a23225adafa093bccc3,2014-02-24 16:05:02
855,f538ef41a8ebbadaf3ebccd14da2e52a,2014-02-24 14:35:49
856,77093751ee086a9f14df64cead77a0b3,2014-02-20 19:23:39
857,f4f3e3731374589cfb33976465896799,2014-02-19 19:39:44
858,597fc58f171fb9f39e85868ab16dc193,2014-02-12 06:55:53
859,8a769296f770704d32e2b754a29d85ea,2014-02-04 12:02:33
860,21070780cdc7de6d563c6e11dd52e3ce,2014-02-02 00:37:33
861,a9150eecebece64aa20fa8ddf88a760a,2014-01-30 09:01:20
862,8f9adbb6173f237800afa131ff2bb6c4,2014-01-29 18:52:37
863,883be0830264f5818c9192358380dad9,2014-01-29 18:51:01
864,5bee9b9f5bb799e14fb63cb384ffedfe,2014-01-29 15:55:48
865,341386a89f0853895504ff92574d2044,2014-01-26 23:00:50
866,45af29bb0896cedeb170d7589ba3d174,2014-01-26 04:26:17
867,17297d124c1b71de8f35fdb9ce06a202,2014-01-18 03:12:15
868,f49bbae5e042a05769227c24faa11f91,2014-01-15 10:36:08
869,9fa0bd309e17d9f79174ff8b2047571a,2014-01-12 20:01:17
870,515aab0768fa8375ccf8a4cdb72564fa,2014-01-10 10:35:25
871,7eada1d64b13b21d77bc26832bdf7983,2014-01-01 18:29:19
872,0b4e1a6e58b9d9e5cdc61c4b12a1c91e,2013-12-24 18:10:09
873,94832b8dafabc28f26ec6982fdca217d,2013-12-23 14:12:47
874,a41e75792f931417c0a12baaf639f28d,2013-12-15 10:25:41
875,70584a4e11803adc0fdcca96b56f4bf6,2013-12-14 01:26:12
876,50fb9f179f84fb291284fffd3cb579a4,2013-12-13 06:10:34
877,0538a79f0588f57ab2df2c05996c4f62,2013-12-12 21:43:28
878,5caf910b867a8bf2929cf2d0baa1bdab,2013-12-06 16:21:53
879,ae64428e8f71cdde671d1a8ac4598cb3,2013-12-06 01:15:48
880,7408923279d73bdf7c0ebda30e5be3b6,2013-12-04 22:06:56
881,dbb06c9aca1f54e80edd6fccab1f33d5,2013-12-04 10:47:50
882,acdb64c2ee95f905c1941afea86ac69d,2013-12-01 09:42:57
883,911bea3ba631a25890c52599fbd4a0ce,2013-11-30 03:08:41
884,6ebe421c8cc54ea1407dba4cf6e0024e,2013-11-29 11:06:37
885,9cba86c51495ec72c184caab02c32d29,2013-11-27 02:40:38
886,60671fac32d64b059eda5fb53e187fc9,2013-11-24 14:33:19
887,a09efe6c3679b40556ac496a156d36aa,2013-11-23 17:27:35
888,530a358a90806d4536ee55e189a8ad25,2013-11-22 01:22:16
889,decb09cd4198abc679a637ae417a8700,2013-11-12 19:39:45
890,dbdf77833ee48da25845672c57d4fa9a,2013-11-09 17:33:26
891,2fd4581f2a431aaeba734f78d6d9d595,2013-11-03 08:12:13
892,1cde2081a5960c10e5fcc0791237e2c2,2013-10-22 15:52:07
893,ac92601fe6bd23f8f312c74ee895e87b,2013-09-04 01:26:09
894,ff04cd6c23d27b7f656f6dcdeb54c113,2013-07-30 15:40:32
895,dbbad4f8eeed39bdc953f9f76ce95fba,2013-07-25 06:45:07
896,27dc8d15b5dcc8dd5f39eb8251d69570,2013-07-15 03:17:24
897,6008fbf25d71e0f0e13f04764fa32055,2013-05-19 22:35:02
898,2b495ebf929ec49af351009b68a44e9b,2013-05-13 21:03:05
899,b76d501637e09f52b5cf31b181dccc9b,2013-05-08 06:16:37
900,20b165036985eaa56473d8655452c405,2013-04-16 02:59:12
901,e86b9b54c39f982e6d83230ba6109d9d,2012-08-17 18:11:25
