,USER_ID,CURRENCY_TYPE,Aggregate_Amount_In_Wallet
0,0045d07aa8c56b25d078c2920219fed8,BTC,-9918.06663632792
1,00532657bb098803ee5b13b76ac739ed,ETH,-679.23756897944
2,006bae3ccde38fe8d5299c4123925b03,ETH,-2047.1424020906602
3,0086e30f8d8e1518156df8915269be34,BTC,-3.0896951663805796e-14
4,0086e30f8d8e1518156df8915269be34,ETH,-1915.30270257016
5,008793c7766aa0e097dfe58427b89389,BTC,-4004.2925240681
6,008793c7766aa0e097dfe58427b89389,ETH,-568.504
7,008793c7766aa0e097dfe58427b89389,LTC,-1047.609708997027
8,008c9db56b3ca8f4b7999c9d2d522d92,BTC,-348.669701364
9,008c9db56b3ca8f4b7999c9d2d522d92,LTC,-89.1349
10,00a0ce5819d991818ef208b80dcf4bd1,BTC,-1.04873744468
11,00a9c60d8ada9ea6b7c8c6b69501aed3,BTC,-942.6355148571299
12,015f3d430c65c962fb6bc8f7be2da503,BTC,-101.0118448752
13,016b9449d13f8cd1daadad398590c70b,BTC,-9.3969744
14,016b9449d13f8cd1daadad398590c70b,ETH,-220.075152846
15,017d8ca46b3cc4c8e8da5d5df0e5abe3,BTC,-18.753335793499996
16,01e8a2e7a4e57736df09c7807de66083,BTC,-9.6467448
17,01e8a2e7a4e57736df09c7807de66083,ETH,-1858.2849999999999
18,01ead172d89dcf96b536dc76f9e835b2,BTC,-0.0403198
19,01f99f82502b0579de53e98dd3c15c06,BTC,-1572.0351602691999
20,01f99f82502b0579de53e98dd3c15c06,ETH,-18785.595
21,01f99f82502b0579de53e98dd3c15c06,LTC,-4060.441242236144
22,0202c202afcf3dfc67e4a08bf17a4ee4,BTC,-0.06660308330000157
23,024525371a4ff934f58fbffd35a129df,BTC,-6279.105094493159
24,024525371a4ff934f58fbffd35a129df,ETH,-740.07995053427
25,02b3ac56fc650f992c3f68ceb3edfefc,BTC,-1879.2073288469905
26,02dfccf20904eaee49633aeb4d44adf0,BTC,-323.9669764785
27,02dfccf20904eaee49633aeb4d44adf0,ETH,-414.49287981802
28,02dfccf20904eaee49633aeb4d44adf0,LTC,-157.647528599484
29,032b9eca586459dc2d5b1bbdeb228c8f,BTC,0.0
30,0404795663f0281a0b539a65ed02d603,BTC,-9699.44
31,040eaeb37b98d04b5b6db6e9388cc994,BTC,-0.0450679
32,04ad74734d7bafe1823376610f59d5fc,LTC,0.0
33,0534cb3d8c58e07f1d54b102667bf3e8,BTC,-720.8430527396
34,0534cb3d8c58e07f1d54b102667bf3e8,ETH,-359.21673174925
35,0538a79f0588f57ab2df2c05996c4f62,BTC,0.0
36,05460fdf4361e1a43bb7b3f47acfffba,BTC,-488.74054139232
37,05460fdf4361e1a43bb7b3f47acfffba,ETH,-226.64303616538996
38,056cec273f01d7757ca925bfd38cf271,BTC,-1049.7712560774999
39,056cec273f01d7757ca925bfd38cf271,ETH,-7514.074276943849
40,056cec273f01d7757ca925bfd38cf271,LTC,-463.037613408629
41,05a5739881947bb5c455d7eebbf70e5d,BTC,-236.931727796
42,05a5739881947bb5c455d7eebbf70e5d,ETH,-540.1966033240101
43,05a5739881947bb5c455d7eebbf70e5d,LTC,-115.158142710312
44,0630825f119801ca90274cb8968946b3,ETH,-421.82512027919995
45,067c7285622245c385b261e28e16088a,BTC,-0.10890454100000001
46,068fd28d306c8793c7a419f85a09a1a6,BTC,-0.022580000000000003
47,06ddc401da2f5e3c6969c7a21273a341,BTC,-29473.859755801
48,06ddc401da2f5e3c6969c7a21273a341,ETH,-26215.5025031573
49,06ddc401da2f5e3c6969c7a21273a341,LTC,-328.2822
50,0786d4406e757ca28cc26954dc31ae48,BTC,-9329.46411093853
51,083743fdb35ded42d3b6cd68e2d3fa68,BTC,-143.59636340320003
52,084a152155a2f03b4abbb84e62e56866,ETH,-260.99702726144
53,084a152155a2f03b4abbb84e62e56866,LTC,-657.0384639633061
54,08a2564e8b0299daa763b823cce42755,BTC,-39.86298219514
55,08c1def55cf6880503336ba1f5234e37,BTC,-3291.9403162416497
56,097bd9dd47cde3bf62fede0ab072ef68,BTC,-2103.8634610259996
57,09a1bb3c43385b0674e47ccaf7278417,BTC,-0.044337485999999995
58,09c5e7c3356bf8336df6088be54481c8,BTC,-743.087436203
59,0a23653e68cdc58d7081d1535bba423f,BTC,-14301.310804888828
60,0a23653e68cdc58d7081d1535bba423f,ETH,-14073.237392949415
61,0a23653e68cdc58d7081d1535bba423f,LTC,-608.0435952324759
62,0abe6b278525b38cb4c1af6c50a3cded,BTC,-0.9978343459999999
63,0ae879c422d282d5dfe05194534b62f8,BTC,-0.042222300000000004
64,0b0c4105cc02f581c29c8930d06c6912,BTC,-3806.2107889956
65,0b0c4105cc02f581c29c8930d06c6912,ETH,-1189.3297251953
66,0b0c4105cc02f581c29c8930d06c6912,LTC,-189.61716424336902
67,0b1284959cf82719f2eee0b478909fdb,BTC,-141778.7746718925
68,0b260cf54761db050c660a62173b1da5,ETH,-1424.2167898401988
69,0b260cf54761db050c660a62173b1da5,LTC,-324.7568583746763
70,0b4339a6d42b0218acc903c7b876997a,BTC,-16.9636693234
71,0b4e1a6e58b9d9e5cdc61c4b12a1c91e,BTC,0.0
72,0b72d3f7d42cd93aaea83d819bb72b65,BTC,-0.0780178
73,0b819104b7757343e191bb2992db321e,BTC,-2.0740238161000017
74,0bad5fdedb0ddd1d2287039f6588c3c6,BTC,-19.3086309642
75,0bbef52284fd7c06a93c034090cc7ec9,ETH,-470.42696682912003
76,0bbef52284fd7c06a93c034090cc7ec9,LTC,-737.04497201703
77,0bc6ff0fd6e0408352e7635812bdcc1b,BTC,-5922.15375806928
78,0bc6ff0fd6e0408352e7635812bdcc1b,ETH,-18618.36583166405
79,0bce3a37e41aabdc48389916e8b2971e,BTC,-385.7163852624045
80,0bf6b91763432a35e94e6f1e19c9dee2,ETH,-1775.976
81,0bf6b91763432a35e94e6f1e19c9dee2,LTC,-475.869
82,0c5df2e47faf3b5dee8e041ce1c1f018,BTC,-38.1219661992
83,0c5df2e47faf3b5dee8e041ce1c1f018,ETH,-28.14862025995001
84,0c5df2e47faf3b5dee8e041ce1c1f018,LTC,-1915.754499954106
85,0cab77d877c86d3650188f2930c72812,BTC,-1841.7803851132
86,0cab77d877c86d3650188f2930c72812,ETH,-490.72338773222
87,0cab77d877c86d3650188f2930c72812,LTC,-92.916775368212
88,0e0c4e2fa70075d21e7f4faa6e1612a1,BTC,-431.5765468517299
89,0e0c4e2fa70075d21e7f4faa6e1612a1,ETH,-3.0522793602930003
90,0e44fa228e3e1b7dea2c5f58ac744e8b,BTC,-2.9401639789
91,0e46a3133940a800eafa3d9db70f51fd,BTC,-28077.2398822705
92,0e46a3133940a800eafa3d9db70f51fd,ETH,-774.28923784763
93,0ec7082165693eafca643cb727ae2d74,BTC,-47.89294386590001
94,0f36fd00238f57c52ca284770ddefaf5,BTC,-369512.0
95,0f391cd204bd31777ef8853d2112ffd8,BTC,-1.70987380773
96,0f676a57c0f9d1c6fc86b2f0d4ab01c4,BTC,-61.26989795189998
97,0f676a57c0f9d1c6fc86b2f0d4ab01c4,ETH,-2710.508778766044
98,0f676a57c0f9d1c6fc86b2f0d4ab01c4,LTC,-496.0502507525243
99,0fc655d273ec129c9c8c29b6b1337fff,BTC,-0.038515037
100,10022a67d99e53c2d78314b2eb83ec07,ETH,-4196.62537284913
101,10022a67d99e53c2d78314b2eb83ec07,LTC,-350.11754728017894
102,1017dec15693cd725c942d42484d982d,BTC,-0.3225850425
103,10949334381296f2224b899094a50815,BTC,-0.0247289
104,11014f3021c0cd5abe7e0dcea8f9192f,BTC,-24009.641871335036
105,1120523aa0ee28b06caf37564a26dbc3,BTC,-0.2969910657999835
106,113351fb32a0599e94b64a4b22b2d36a,ETH,0.0
107,11907e460d5be5726e1b2eabfe7694c6,BTC,-29.97585312
108,11c33ab06c3d4550fbed5a360f5fe4d5,BTC,-1159.7069000000001
109,11faec4ac2986d1aa1619bd0b7736d5a,BTC,-4.169519718000001
110,11fc6f83cbf7cce0efd3e597b1b6b53a,BTC,-98.54256890309
111,1239ed6422b303661e5b553e3019fcf8,BTC,-0.7426703035
112,124845fd51a739cdf386f70f36050f95,BTC,-12277.7806070649
113,1281c534d557441f03af871d9baab8fe,BTC,-28.59161356197
114,12bf0937717d8e910e1e914f3d97d2d1,BTC,0.0
115,132079a8696891c0884afd1b1b1d2e6e,BTC,0.0
116,13979a9cc2971376996a6e032790013d,BTC,-770.284824
117,13aa00d8936560ebefe35c5c57871739,BTC,-41.5905674093
118,13aa00d8936560ebefe35c5c57871739,ETH,-49.13560098176001
119,13aa00d8936560ebefe35c5c57871739,LTC,-44.0362
120,13d4a2285ffd695856e1cfb6e48610b4,BTC,-6546.224110633999
121,13de85cf9dc51d102844a3485a818e02,BTC,-115.29446863128
122,14051e5aa9c62eb4ff10b9509051f457,BTC,-98.49911882236002
123,143f4db31aa643706eed96c3a9d493f7,BTC,-260.7718899206
124,1474a5a74eddf80f23420340f8763513,BTC,-89.48318212105
125,1474a5a74eddf80f23420340f8763513,LTC,-48.28613759219999
126,150f7af15e094b87de01b6f266b9f911,BTC,-10.15345366
127,150f7af15e094b87de01b6f266b9f911,ETH,-17067.494753837902
128,151980fdbdc544a61db50f2c24cfaf84,BTC,-578.96374468746
129,151980fdbdc544a61db50f2c24cfaf84,ETH,-92.81723084688
130,151d40890861a403b788207a72e4a64a,BTC,0.0
131,151d40890861a403b788207a72e4a64a,LTC,0.0
132,1548693ab03c4bf87fe6579251368ecb,BTC,-9120.704743756605
133,154b32ffe1398a2e018eb4b2e13c37cf,BTC,-3667.651
134,154b32ffe1398a2e018eb4b2e13c37cf,ETH,-317.526274493129
135,154b32ffe1398a2e018eb4b2e13c37cf,LTC,-99.001220711227
136,15dfd72e7dfc3e7039e3b7a763bdb3c9,BTC,-89174.8264111075
137,15f13eadceb0eea6f106ef27772be85a,BTC,-108.04784123926
138,164ea36dcfe2da49fc6bf4f845ec8561,BTC,-0.042222300000000004
139,166c196d38dc4c7fca876a8230b25d21,LTC,-0.3493499766551266
140,167eb9b72935f3a232fa90e3a5752ed3,BTC,-0.0371419
141,16a9164ee408cd14b4637ea952e430c7,BTC,-10.045889940000002
142,171905e95d4ba808255e1d010345f857,BTC,-7558.161840015509
143,171905e95d4ba808255e1d010345f857,ETH,-610.6953000000001
144,171905e95d4ba808255e1d010345f857,LTC,-580.956
145,17297d124c1b71de8f35fdb9ce06a202,BTC,-2.0898103199999998
146,17835a1a20e5da879ab91e165e694897,BTC,-0.042178
147,17e107e57045eb8fdb8b74649153ef8d,BTC,-0.0241494
148,1878074d79b16225edebeb1de8af6f0d,BTC,-407.58351430724
149,1885b00d55950beaaaa01907ff6e5873,BTC,-103.172260675
150,18bc4d3962ea1876b8dbf03271866046,BTC,-84.409666714
151,18bc4d3962ea1876b8dbf03271866046,ETH,-93.44269422480001
152,18bc4d3962ea1876b8dbf03271866046,LTC,-364.89134592149793
153,18e3c55031b452fbde7db524bb1dcbc1,BTC,-11.504653707599994
154,194da53d57e61994fe830faecbca258a,BTC,-466.6873065618
155,194da53d57e61994fe830faecbca258a,ETH,-237.11604395001
156,194da53d57e61994fe830faecbca258a,LTC,-242.940078679435
157,19c2a8575c962730b66bd9b776a1784d,BTC,-1995.5596372812
158,19c2a8575c962730b66bd9b776a1784d,ETH,-4307.993364906
159,1a1838f25a915e4febf3d10c389ddaf3,BTC,0.0
160,1a1838f25a915e4febf3d10c389ddaf3,ETH,-227.83944396471009
161,1a788e529544b6118db9e027bfd94dc5,BTC,-211.8879009301
162,1a788e529544b6118db9e027bfd94dc5,ETH,-1.281031082
163,1ad0b76eef6864ca4327687a971b3610,BTC,-0.012195087439999999
164,1b6637297fa5432bb56d0bbd34a1db99,BTC,-0.47083473719
165,1bbac35687f006d8d07a503c67832800,ETH,-15948.58319130981
166,1bbc98a2871ac9241d4f2918b3d76d7a,BTC,-5.130962761829999
167,1c2030d9d36d19e25ab2e9f201983f56,BTC,-1.023373611
168,1c59f95a905b9a58b66fd6d4bf8b0807,BTC,-61.38523265375011
169,1cc1aa484fe04f5001f25a4c60e5d814,BTC,-1749.9036532111
170,1cc1aa484fe04f5001f25a4c60e5d814,ETH,-1155.19151184944
171,1cc1aa484fe04f5001f25a4c60e5d814,LTC,-2413.685783143448
172,1ccab5a6fea0515badb7e0bd867ddbc2,ETH,-4629.19491916472
173,1ccab5a6fea0515badb7e0bd867ddbc2,LTC,-17907.141366134336
174,1cde2081a5960c10e5fcc0791237e2c2,BTC,0.0
175,1d54fc1a3aaae553eebf72f6a60e7951,BTC,-509.7988987784
176,1e8c1c00f3bb54db256dc1f9f51ac4d8,BTC,-0.039187200000000005
177,1e994d39e2a393800ddc4b34bfa12772,BTC,-16.16180327153018
178,1eff7366e33c184a77cb2b41d61c2b65,BTC,-930.2345827864
179,1eff7366e33c184a77cb2b41d61c2b65,ETH,-2035.42443297203
180,1f32d168f6f666508d42691adf78f909,BTC,-330.69901004120004
181,1f3945cd8ed8bcffc50e37b2fa6ed99f,BTC,-27.345130780000005
182,1f7902456171bcf9067f45a296c671bf,BTC,-4143.5413088395
183,1f7902456171bcf9067f45a296c671bf,ETH,-2670.97088390962
184,1f7902456171bcf9067f45a296c671bf,LTC,-1150.3592141278718
185,1f9643b58707de304a236be0af01dcaa,ETH,-146.97316083885286
186,1fc5eea11608fc8b9f1726927ed5475a,BTC,-48.95513678727
187,1fd318f597e2f506575a5de4414efe62,BTC,-0.039241000000000005
188,1ff35ceb9a1c68d7780629b72acb3ebd,BTC,-1524.0950291515999
189,206a00b6ee66d7fd141c975515cf6b9b,BTC,-300.77440095954
190,206a3d09392c36500e98a45cd1bfd1ce,BTC,-519.9553038995002
191,20a340c088f1638c778a1cfcac4d8e77,BTC,-63.291295250800005
192,20a340c088f1638c778a1cfcac4d8e77,ETH,-18.716228138920002
193,20a340c088f1638c778a1cfcac4d8e77,LTC,-43.534781816274
194,20a35c795fac46ba174c1dd588fd0ab4,BTC,-0.023916700000000003
195,20b165036985eaa56473d8655452c405,BTC,-150.74169999999998
196,210547b96189ddac596fbdb286d69dae,BTC,0.0
197,21070780cdc7de6d563c6e11dd52e3ce,BTC,-2.02435695
198,2127532494f9b784a4f1a79282409e04,BTC,-44.7634830812
199,2127532494f9b784a4f1a79282409e04,ETH,0.0
200,2143bfcb2f6ab5ba4d60de001c97933e,BTC,-0.8137843152
201,2147626b7b251d8affe89bf16b5b98dc,BTC,-74.68194164890001
202,2188d5b4938b584c4fd37fe5c4eac4a3,BTC,-85.90771013090001
203,21d44acc58a1a251e1708ea3f1bfd4bd,BTC,-0.6234110181000001
204,22a851c6f72427bfdff8ff5000bcce7a,BTC,-0.039241000000000005
205,230119ee9e74e046b529be4ab364ea19,BTC,-348.12649999999996
206,23af4a56e9f3e118eaae6771a80bad6e,BTC,-188.2646890977
207,23c03101ad044f6dcc90c73c736bf486,BTC,-0.27615707168
208,23e0ae86a02fa62e1a7dc0031ca966a8,BTC,-0.022339
209,23ffbc08f559bea25ec96382ec84f085,BTC,-1.276086875057203e-15
210,242a62a8d856f186ccae90c99661b525,BTC,-558.6252305976
211,242a62a8d856f186ccae90c99661b525,ETH,-1979.3389037089996
212,242a62a8d856f186ccae90c99661b525,LTC,-223.362653682246
213,248dd9fceb1954429626913d7ff1fafe,BTC,-7.089745665599996
214,24af8ab16d12f02164d5cd5c97ed51c7,BTC,-17.40928268019997
215,24dcca9ddc07d9852d6d7e664c25dac2,BTC,-0.022365600000000003
216,259ea2c9e25c5774af9aeb01f5dce269,BTC,-11797.17667555844
217,25f0fccfa552efcf037053325136c23c,BTC,-5.095743454999999
218,26624560b28e85ba688d5d1cf7901da1,BTC,-15623.594672912197
219,2665b8ecc280a332fd7b1007bf4e0c37,BTC,-19.1396632172
220,2665b8ecc280a332fd7b1007bf4e0c37,LTC,-1350.279108016568
221,267860ac579d7aef4bd19b4a7ec82833,BTC,-2717.3907744413
222,267860ac579d7aef4bd19b4a7ec82833,LTC,-1023.4765981787219
223,2695d364985ad73e9822fe2ba60d2c1c,BTC,-0.0382775
224,26d2c2979af36d6c1a89b95533fb0294,BTC,-0.00024773159999999994
225,2728a6faf3a6de76ca9fcb456f583dc8,BTC,-7.264099
226,273a2ed19dc4578f66f62fe8b44bd71d,ETH,-12455.379033176961
227,27875b1ab58727a00044ef79e65fae13,ETH,-5141.61561175516
228,2788932d81cbd8118468d761411676e0,BTC,-47.4049
229,279bce5720a714e570be039c1f8abd37,BTC,0.0
230,27dc8d15b5dcc8dd5f39eb8251d69570,BTC,-191.72879999999998
231,27dc8d15b5dcc8dd5f39eb8251d69570,LTC,-193.8508
232,27eb5c9d48b0664dc2bc52fe2d4cc4ea,BTC,-0.0049186559999999995
233,28c6d03ee715c3c6a69cd960ca404123,BTC,-33342.38343682968
234,28c91e83d1689581f4baa69abc4aa8d9,BTC,-0.00133552
235,29008caf4054fdd324e3875c0aa3558a,BTC,-47.43403729760714
236,29008caf4054fdd324e3875c0aa3558a,LTC,-52.80847831341941
237,2964033fd7280ee5bc4596d94e2a805b,BTC,-682.6549099887101
238,2964033fd7280ee5bc4596d94e2a805b,ETH,-560.9461228097649
239,2964033fd7280ee5bc4596d94e2a805b,LTC,-42.461190067636
240,296b2c722b31cc92bd18834a74b9f87a,LTC,-207.846429528172
241,298c236ee85597cc0522b6138e28c3f1,BTC,-13.334220000000002
242,2995b860983b4210a6aee234f4bdbcb8,BTC,-0.00487976
243,29b0762e7a610c3cc3f0f7283d3e7684,BTC,-9.997430922437568
244,29b0762e7a610c3cc3f0f7283d3e7684,LTC,-143.84065264567275
245,29c556a42a2cef4beb032d567e5e2359,ETH,-418.29689817752956
246,29c556a42a2cef4beb032d567e5e2359,LTC,-3285.662050103334
247,29fe986ab58e3f43f552741587c232c0,BTC,-8.3173799192
248,29fe986ab58e3f43f552741587c232c0,ETH,-1035.24765247
249,2ab6d737db374322253b83f4487da789,BTC,-0.0232759
250,2b495ebf929ec49af351009b68a44e9b,BTC,0.0
251,2b6ca40618d0e5be82474aec830c068a,ETH,-1.139960382667
252,2c0e1013099c3d972b85a531267becd6,ETH,-7952.40256048529
253,2c46814a1b1caa6dc12615f7b6a61df9,BTC,-749.9449996692999
254,2c9c460195a6708ff185b563e63b03a8,BTC,-17.8602145783
255,2cafd1ff6e307b4d4065e167e494769b,ETH,-908.6692922608299
256,2cafd1ff6e307b4d4065e167e494769b,LTC,-293.273038006281
257,2cc2841cbe1059b1c51308a6a9ccc393,BTC,-0.0462134
258,2ce80c3a61fb715cf7b1b9489d14c518,BTC,-0.0403198
259,2cf47c9cf6f339b429a440a3f66261fd,BTC,0.0
260,2d3ce8d1a5f086a4ee9efb36c5d1845e,ETH,-86.47450758505
261,2e0070a08ae926555bf28c6e00d9fa3e,BTC,-2.505463984499995
262,2e4781a5b1a1fdedda28cbe09b703857,BTC,-9980.5848976955
263,2e4781a5b1a1fdedda28cbe09b703857,ETH,-190.34229061335998
264,2e4781a5b1a1fdedda28cbe09b703857,LTC,-250.1529
265,2eb902dcc9cbefa27e1207587d0f257d,BTC,-10.018011770000001
266,2f0d45217379a2f97f48409210597984,BTC,-0.038763700000000005
267,2f100201392d0619095f5390d134d45f,BTC,-0.40905511217
268,2f4b1a98419a3fe768604b48238a98a0,BTC,-1437.0262
269,2f7a52043f001ca7c6ca747a0a606159,BTC,-36355.6022609701
270,2f7a52043f001ca7c6ca747a0a606159,ETH,-965.13757602753
271,2fd4581f2a431aaeba734f78d6d9d595,BTC,-0.021505000000000003
272,2fdd6e64413686397b477468ec9f4d5a,BTC,-136.9605189190919
273,2fdd6e64413686397b477468ec9f4d5a,ETH,-54.13183025148
274,2fdd6e64413686397b477468ec9f4d5a,LTC,-136.24375049039492
275,2fe55a838eab8c7c15e34ddbe8a1fce7,BTC,0.0
276,306be2333f47737da1e6bd2ad2dd75d0,BTC,-6.3527745630000005
277,307348f8e195f044ab0bef28a2d78012,BTC,-62.695423908113916
278,307348f8e195f044ab0bef28a2d78012,LTC,-33.343574335506
279,30cb24d10654e22c59651545d272d390,BTC,-1279.9134673570074
280,30f39c1cf24265871a2eef1fbb4d0d92,ETH,-1819.1209051120002
281,310204d63ce32e9d28d4acedaae2fe8b,BTC,-88.88407020799998
282,310204d63ce32e9d28d4acedaae2fe8b,ETH,-87.0267008563
283,314e8e26bd1e06441cafe5cfd927df72,BTC,-46.72507783078171
284,314e8e26bd1e06441cafe5cfd927df72,ETH,-48.18113443881676
285,314e8e26bd1e06441cafe5cfd927df72,LTC,-49.29361264299322
286,3154e1e7fc457a3d8678ae42e2d2bc72,BTC,-0.4889187186
287,315a1fef6bcf42c7f16e132ba5e02566,BTC,-1125.99698307488
288,3274f1d58900d6084144a3fb1a59e1f3,BTC,-1.007697456
289,3286e322987948b372c08bbcc26d3534,BTC,-0.0435858
290,3297c889a7f6a5581ed72c29e3e37e83,BTC,-0.55096502664
291,32a455245cbb05f1c00083520de927bc,BTC,-102.75584159819999
292,32a455245cbb05f1c00083520de927bc,ETH,-278.46450379096
293,32a455245cbb05f1c00083520de927bc,LTC,-433.349942177396
294,32cc5ff2ead925d2dcf965ff03e2ef49,BTC,-26.367301226609996
295,335628e71b3c6ef7fde37861b721934b,BTC,-1092.61981163541
296,335628e71b3c6ef7fde37861b721934b,ETH,-1367.8987108992
297,3363e29ba4ed27ac97959febf68b0938,BTC,-11.944772302
298,337e15f1d3717b8b742e08c152728f1e,BTC,-5180.686609999999
299,337e15f1d3717b8b742e08c152728f1e,ETH,-2871.61293838218
300,337e15f1d3717b8b742e08c152728f1e,LTC,-2799.6367062920003
301,338dd5ae56ead65c61da0f47171983a8,BTC,-10.025152741800001
302,338dd5ae56ead65c61da0f47171983a8,ETH,-8.15538200016
303,338dd5ae56ead65c61da0f47171983a8,LTC,-51.52064325971901
304,33e8cd3f3e8957fbb0d91428908f986a,BTC,-0.023349500000000002
305,33e8cd3f3e8957fbb0d91428908f986a,ETH,-535.42079488744
306,33f115e5c15770e7b3c7dcb40b0a54a0,BTC,-2.06018
307,341386a89f0853895504ff92574d2044,BTC,0.0
308,3433956c9a994dff97079f1eb8718ab9,BTC,-634.49558760975
309,34bdda543a4c28366055a163830af789,LTC,-484.319542923762
310,34e2daf5587eb7b2aeac57e1bbc5c216,BTC,-0.0380688
311,3518c95b738815792e3d8258f72fdf4e,BTC,-48.5615172112
312,3518c95b738815792e3d8258f72fdf4e,LTC,-840.412536153406
313,351b82a9b3a6bc3a77baaeb38ab0e124,BTC,-94.8043336872
314,351b82a9b3a6bc3a77baaeb38ab0e124,ETH,-1262.43812995166
315,351b82a9b3a6bc3a77baaeb38ab0e124,LTC,-140.9346
316,35c3504d435fb064a0872cb25766b731,BTC,-981.1559701010507
317,35f030624760321089397b90dbd607fb,BTC,-19.82434121932
318,36555fa5fce6c254eddf3248f6053447,BTC,-41862.08345854413
319,36555fa5fce6c254eddf3248f6053447,ETH,-56220.330843224314
320,36555fa5fce6c254eddf3248f6053447,LTC,-7020.902691267174
321,36a3a12b8a48288d4fcc665fa4a82c45,BTC,0.0
322,37292943dd1fab7d7d71b36e2212c374,BTC,-10.14140952
323,37292943dd1fab7d7d71b36e2212c374,ETH,-998.6780717676472
324,37582aba78ae1ef7dcf74ea4ce2de8c1,BTC,-49.565342460000004
325,37582aba78ae1ef7dcf74ea4ce2de8c1,LTC,-39.01183076151901
326,3766e0c7933404fc713bca21f5a1138a,BTC,-0.5468375128
327,377df111b301076db913208a5197b467,BTC,-0.0371419
328,378f0ad64a0811c4f3444528fb328943,BTC,-15786.492479060584
329,378f0ad64a0811c4f3444528fb328943,ETH,-35380.07079909923
330,378f0ad64a0811c4f3444528fb328943,LTC,-9524.160451433876
331,395cef880decbb13dc52dc8a914dd1f7,BTC,-0.7819952095145507
332,397ccc02f0e0b423be9dbb20ad249244,ETH,-4914.837549559419
333,3a0e589bd7c17e25c6d6456df1d5b194,BTC,-196.20870014640002
334,3a0e589bd7c17e25c6d6456df1d5b194,ETH,-3939.615433711222
335,3a260fa07da8320f697b5eba30f76fa2,BTC,-8029.143461486599
336,3a260fa07da8320f697b5eba30f76fa2,ETH,-30552.938737262055
337,3a260fa07da8320f697b5eba30f76fa2,LTC,-3601.3407582228538
338,3ad0433259db461a9c04bb2cae63f2e1,ETH,-0.358823836638
339,3b00745fe39243691daf8d17b4decef7,BTC,-405.40794062
340,3b141d8efc4cec68ca444d5b9bac785b,BTC,-104.275
341,3b2b4c0f5b1e8315915fec25f5b1be8b,BTC,-200.30333315422305
342,3b3ef6dcf29673f9497e2e885e24a44e,BTC,-9.2058579676
343,3b3ef6dcf29673f9497e2e885e24a44e,ETH,-8.79856930044
344,3b3ef6dcf29673f9497e2e885e24a44e,LTC,-10.458545845020002
345,3b5115f10a699f21efd738de3071110a,BTC,-281.55393038141614
346,3b5115f10a699f21efd738de3071110a,ETH,-488.56952091497
347,3b587aa83a1c0e5989a8405044a9090c,BTC,-143.1417410344
348,3bc686a0648f424777b9538ddad302f4,BTC,-3037.74994636048
349,3bc686a0648f424777b9538ddad302f4,LTC,0.0
350,3bff435dc1ed1451a648e5f6518c4c86,BTC,-0.8085571554
351,3c87d1f6b6f1a46e3aa063f254d902f8,ETH,-279.4990072545671
352,3c90a31ffb79846a78fcddcbac7a03d1,BTC,0.0
353,3ce433f1c191f34597ad7dae8b60c12c,BTC,-1821.6225929271488
354,3ce433f1c191f34597ad7dae8b60c12c,ETH,-1427.2034488168802
355,3ce433f1c191f34597ad7dae8b60c12c,LTC,-599.43585964524
356,3d938da2f564fa01b7e21206fbc8232c,BTC,0.0
357,3dd980e67364684197c5304948a81e88,ETH,-71743.1579729567
358,3de77a364a8a7edb3f3429f4cdbf50b6,BTC,-0.0224273
359,3e48e77640724dacd7e00bb002ce2b31,BTC,-0.617123985249729
360,3fb8df2ea1035b900c5d2d380f6685c8,BTC,-4903.548378847099
361,3fb8df2ea1035b900c5d2d380f6685c8,LTC,-195.4654
362,3febbc53bf8f65100d1b9f6da52e85c5,BTC,-722.5601697738803
363,4066f4b3b966b680aa2c3aaa5b770265,BTC,-6845.6297504634995
364,4066f4b3b966b680aa2c3aaa5b770265,ETH,-378.85357847219996
365,4066f4b3b966b680aa2c3aaa5b770265,LTC,-4541.562346763006
366,40a982bb7e6c2bc417071bde8c3b7e58,BTC,0.0
367,410032f003ca8f7ac291b685ba141f42,BTC,-0.15882389804
368,41565813ec0a60a2ee442c08664053e7,BTC,-617.7730430940001
369,41565813ec0a60a2ee442c08664053e7,ETH,-0.952782
370,4208de92c03b401688dae1768f5e7512,BTC,-359.67035277019994
371,42bf5ebe4fbf4d1d7f9e7f22f8a63fdb,BTC,-1183.592278946
372,430dd7b91a6efc6da77e77f131d4c02b,BTC,-292.84064105824996
373,432caa80a6f8e36a6d17a9d6e744ebd0,BTC,-67.6997883378
374,437bec22d71d15faffbe017ab577817a,ETH,0.0
375,43893159b8e3ff6490aaaa4631168e74,BTC,-1.3414021679999975
376,43b17ef4b7d2dac2197e9622febcdb89,BTC,-0.3647320668399999
377,43c55bed7a0b4b9989f60ca7a3b9e442,BTC,-660.8596842764
378,43cb12aea0adfb33ad4203c11d1bb2f7,BTC,-141.9740935876
379,43ec831c32ab9b470446f49d63fc99af,BTC,-0.7418688353100055
380,44a741e976c58e0ba563e73bff1d6a12,BTC,-0.25439042436000003
381,44df8b45b776072fec17d78accd880df,BTC,-747.3497406969001
382,4552eb5a7bc7cc26c16e72c709add5dd,BTC,-1669.7665899767999
383,4552eb5a7bc7cc26c16e72c709add5dd,ETH,-633.4384286212301
384,4552eb5a7bc7cc26c16e72c709add5dd,LTC,-148.819750656248
385,459e2f900569ff4be0f1d19a2c6b2df0,BTC,-53.97541562490001
386,459e2f900569ff4be0f1d19a2c6b2df0,ETH,-10.23011173902
387,45af29bb0896cedeb170d7589ba3d174,BTC,-0.022429494000000015
388,45beadd0db2961f05da8e7521cd00116,BTC,-15.73678054945
389,4669164c2ab5fa495952831d5b083505,ETH,-1809.08996044346
390,4669164c2ab5fa495952831d5b083505,LTC,-1450.306760117755
391,467ccaa908abf155a96bdc6826c6ca44,BTC,-25313.900394599987
392,467ccaa908abf155a96bdc6826c6ca44,ETH,-2955.85317654104
393,46e218bc8d1f139555b2e828dbfffbc4,BTC,-1.9923895566499998
394,474102ef3748efc53237ecad21af9b41,BTC,-0.022365600000000003
395,475e92a973f3c8963c092ceee4b826fe,BTC,-196.924966548
396,4774bc1e2062db6648b4ebee92b2fef6,BTC,-0.0382146
397,47a0e9934e3c36a8274685d5c1308ea3,BTC,-240.22775335003922
398,47a0e9934e3c36a8274685d5c1308ea3,ETH,-21.61936919957
399,47d113811246cb2e1c3b5c44b7ab2098,BTC,0.0
400,484e853911d2c6be9191d1b6f4026ab2,BTC,-13640.1045848898
401,484e853911d2c6be9191d1b6f4026ab2,ETH,0.0
402,48c036dcb9291e6800ab9eef22d289a7,BTC,-1813.5249175521196
403,48cc9779135b57b6a8d4052e93bb843a,BTC,-258.25314196600004
404,48cc9779135b57b6a8d4052e93bb843a,ETH,-872.5151903206
405,48cc9779135b57b6a8d4052e93bb843a,LTC,-642.089138605472
406,48e077a9a49d2fc5a1a42ed43f8371ae,BTC,-3131.826500584386
407,48e077a9a49d2fc5a1a42ed43f8371ae,LTC,-810.6945799090591
408,48fe11b189a63b0f7108fd447050b82a,ETH,-344.14870611273
409,49612e1188e897b8cbc98143a8e11930,LTC,-209.1572
410,49c0a65e8fc52a7902591d5be0316bbf,BTC,-9.652425182584132
411,4a06ae4f7b47874e85493a27dc2f42df,BTC,-293.73875955619997
412,4a06ae4f7b47874e85493a27dc2f42df,ETH,-154.27605905936002
413,4a24485c5e5c1e309e319f2cbc39100b,LTC,-165.680589703636
414,4a329de221c93b2fb25bf4f3ceec9556,BTC,-3571.7876478646804
415,4a4c197a45579febbfbfe345782d5be8,BTC,-0.0224273
416,4ae3cb53aba0811c34afe2782c77b05d,BTC,-0.0332782
417,4aff5d412b4aab1863f0fde85dd20bc6,BTC,-5086.8234
418,4c3b6b2b82597a0051f12001b88e8a3e,BTC,-168.25148531789998
419,4ca376da48358549ef9c8ccf1309bfb4,BTC,-918.6990719297999
420,4ca376da48358549ef9c8ccf1309bfb4,ETH,-888.4421982357001
421,4ca376da48358549ef9c8ccf1309bfb4,LTC,-848.60082889127
422,4cca2ac347436850cd0896edf5faf0ae,BTC,0.0
423,4cca2ac347436850cd0896edf5faf0ae,ETH,-816.0926761640101
424,4d6538960fa993138515e6fd6f9a94b4,BTC,-1.2227611584
425,4dcae949219c6f885b9d62ed6ac1e97c,BTC,-2545.8649670079503
426,4dcae949219c6f885b9d62ed6ac1e97c,ETH,-11959.227683192072
427,4dcae949219c6f885b9d62ed6ac1e97c,LTC,-11366.415815969456
428,4dcb4a267dd79c5d1f0495808cf1b899,BTC,-0.4245600594
429,4dcf12844fea3e73976e234d5d524d04,BTC,-120.201345
430,4de11e42be168146d169581295a0314a,BTC,-108.5332002039
431,4e67e06d8edcc76933da6097644fc410,BTC,-457.001
432,4f30308c33c85e5a456886014cd1d101,BTC,-0.50825546835
433,4f5363ff9e0bd3cbc7b0c5e883a7c370,BTC,-5091.31657307313
434,504519fbd7b1d8d86f6624d31aa0ff84,BTC,-4955.6487083118
435,504519fbd7b1d8d86f6624d31aa0ff84,ETH,-3711.23027983195
436,504519fbd7b1d8d86f6624d31aa0ff84,LTC,-514.6922838280699
437,50664996354b1a5eddf36adcf2028efa,BTC,-1.0000386799999998
438,5071310254468d837cf1ba82cc359931,BTC,-8194.484791899999
439,5071310254468d837cf1ba82cc359931,ETH,-5706.665599999999
440,5071310254468d837cf1ba82cc359931,LTC,-3218.076291176
441,5096eeb9d888dea2cb7299359341ca42,BTC,-0.032216100000000004
442,50fa2e563e1d92479ff96843ab6787c2,ETH,0.0
443,50fb9f179f84fb291284fffd3cb579a4,BTC,-0.10250701200000001
444,510692eca99e66de7e1d9e01729cbebe,BTC,-0.06868500000000001
445,515aab0768fa8375ccf8a4cdb72564fa,BTC,-0.035568105600000004
446,51aabb204e27c2d67ac650ed07e3928c,BTC,-557.3182
447,51aabb204e27c2d67ac650ed07e3928c,ETH,-4095.4060946089994
448,51aabb204e27c2d67ac650ed07e3928c,LTC,-2163.8123
449,5258f7d03be22667dcea4a6d9367b005,BTC,-0.0362387
450,52721fff5990deeb0a06ec92a72cb887,BTC,-130.24879979448
451,52dad8408315cdcb6a9c81c8bb77cbf8,BTC,-0.0248987
452,530a358a90806d4536ee55e189a8ad25,BTC,-0.0211220272
453,536d3b5bef55c666487ed19db0b426a4,BTC,-824.7644934847499
454,5373af5aebe3961845324389c139569d,BTC,-0.10472400000000001
455,53a9176f484d28bacfed80c53c6ebbe1,BTC,-2040.6394696147208
456,53a9176f484d28bacfed80c53c6ebbe1,ETH,-976.8493801607489
457,53a9176f484d28bacfed80c53c6ebbe1,LTC,-610.6108795841922
458,54278deaffbb2692d5f62b1bb4bbccfe,BTC,-0.5483316816
459,554899493381fbddd21e3246be10313d,BTC,0.0
460,56e0ea141fe36e3343173516d2cee412,BTC,-0.0403198
461,580aa247550a937e04c7106246493831,BTC,-0.040092777499999996
462,581c2381f21cd1b64751eef577814c41,ETH,-1536.0058
463,581c2381f21cd1b64751eef577814c41,LTC,-852.6555
464,5829f4cf3f92b0690c988ed0771f3edf,BTC,-51.39301555815
465,58623813d9bfb5ccf96466a1c90cfe42,BTC,-2042.0212854624
466,5867ac641fb362074ac1bc6dde7f0c5f,BTC,-17.448769157585996
467,597fc58f171fb9f39e85868ab16dc193,BTC,-2673.8313113292
468,598604c41c31dbf7699fec30dbe84b54,BTC,-4.292164128420001
469,59d76c6bff6e7996e4232ab9c7b2f9ad,BTC,-4857.401442355117
470,59d76c6bff6e7996e4232ab9c7b2f9ad,ETH,0.0
471,59d76c6bff6e7996e4232ab9c7b2f9ad,LTC,-419.92743630259406
472,5a012d92a25f1fdad70f1f18ad95550e,BTC,-0.0271818
473,5a18d09b40c6fa8efd5acba2470cc864,LTC,-8.91401894334
474,5a58844acd272f8eb6ac58bbdfe00be4,BTC,-243.19691203047998
475,5a71691509a5afdae4bc54c115af8f8b,BTC,-0.0453353
476,5afa9205b7f2c5a867552fd457b3c9fd,BTC,-0.039187200000000005
477,5b0ec58841c6f5e5440fd96f8052daa9,BTC,-1493.11131799314
478,5b2725548f3b713fa70e39bb7aec5e7e,BTC,-111768.1261183195
479,5b2725548f3b713fa70e39bb7aec5e7e,ETH,-65674.44934634551
480,5b2725548f3b713fa70e39bb7aec5e7e,LTC,-1919.522794222894
481,5b6059948043ccb65f3b5c846b174028,BTC,-475.81030202430827
482,5b96da1a8dae6da9325181f801288c5d,BTC,-40.64290612894
483,5be19f11b4dcb65a38fc5c1b61545949,BTC,-78.57150174130001
484,5be19f11b4dcb65a38fc5c1b61545949,LTC,-100.198891424625
485,5bee9b9f5bb799e14fb63cb384ffedfe,BTC,-4.6206261
486,5caf910b867a8bf2929cf2d0baa1bdab,BTC,-0.00082945
487,5cc3c3f20a7516e3fa020b6a9b8559fd,BTC,-228.56637728232556
488,5cf3594a42c4730deeb975f2826a4fc5,BTC,0.0
489,5d0fca8f2c327276ca0d64b017c543b1,BTC,-0.00643701682082273
490,5d1d4c39e7b1f50751d76718c34c15f4,BTC,-633.60214557275
491,5d1d4c39e7b1f50751d76718c34c15f4,ETH,-623.4122279697316
492,5d1d4c39e7b1f50751d76718c34c15f4,LTC,-643.9438724225861
493,5d1e4285622c606658956a2e2420f030,BTC,-11111.97416947107
494,5e3240c732e5d7cf80836baa92863d4e,BTC,-20.111894208549998
495,5e78e0c84f585578c629eb0f48ae136e,BTC,-0.03991499001
496,5e9f2070817c0ad69c57b956175acf41,BTC,-10588.466542909768
497,5e9f2070817c0ad69c57b956175acf41,ETH,-614.8565992236701
498,5eae27aafbb3963fa5641aa1dc2246ff,BTC,-203.7244388982304
499,5eae27aafbb3963fa5641aa1dc2246ff,ETH,-15.99300520568
500,5f26bff62e2730ad83859f74dd20d920,LTC,-562.976383547584
501,5f337bf244a69a97484613237ce7e1cd,BTC,-8523.61728632951
502,5f5d9a8ca405f3bce97271ad48d82176,BTC,-159.57377751291997
503,5fae748684a430e684d6338e8b1d7856,BTC,-3.823997051330006
504,6008fbf25d71e0f0e13f04764fa32055,BTC,-0.006831439999999999
505,60284bd2881f5c72d9b56808f535a6f8,BTC,-2900.0596288195998
506,60284bd2881f5c72d9b56808f535a6f8,ETH,-839.4090331739699
507,60671fac32d64b059eda5fb53e187fc9,BTC,0.0
508,60cdac8a5b106fe4505c79b8e9388478,BTC,-110.01788798259999
509,60cdac8a5b106fe4505c79b8e9388478,ETH,-101.56492041124001
510,60ed43ea8ddf6367a39423d355ff399d,BTC,-1457.9256635286001
511,615fd5df0042cb8e6ee2f9fa8295495f,BTC,-219.4144514826
512,615fd5df0042cb8e6ee2f9fa8295495f,LTC,-764.7127482834871
513,618f8dc81cff705ebc30e11fd4e80e1a,BTC,-138.6787960442
514,619ddf27794d146c23ca2ab632a203e0,BTC,0.0
515,6247034239f8514eadd1db3363d49ddd,BTC,-10.149448393799998
516,6247034239f8514eadd1db3363d49ddd,ETH,-5.0051991192
517,6247034239f8514eadd1db3363d49ddd,LTC,-8.7250396952
518,626d8e5df3ba290ae06c1029bfb26b4b,BTC,-0.0403198
519,62f72f59ffd7489c4e9181e21e372da0,BTC,-11761.67565236086
520,62f72f59ffd7489c4e9181e21e372da0,ETH,-1691.769159982
521,62f72f59ffd7489c4e9181e21e372da0,LTC,-2194.8055
522,63388f60319fb38fe63369ccc7d728fb,BTC,-21.10093863
523,63388f60319fb38fe63369ccc7d728fb,ETH,-2733.12965406905
524,634006c0df4a137fde7b89bb28e3864b,BTC,-3292.9069308355997
525,63c831d7098022a87283afe15fcb9e73,BTC,-263.4392116946
526,63d782e8b0f5c93fa4cdcc1261bdaffe,BTC,-0.07938952998
527,63fe327dd433913547f768002891b587,BTC,-0.5367620160000017
528,643c770ba48172ed57ddcb02d0405d30,BTC,-0.98632898
529,6447cad9323c0e90f7687f128d7634b4,BTC,-31692.935703969957
530,6447cad9323c0e90f7687f128d7634b4,ETH,-3673.170012237
531,6447cad9323c0e90f7687f128d7634b4,LTC,-353.37861089176704
532,645155235d745291a4b49b183c9da258,ETH,-110.09008817713
533,64a77bdd711f2332688f45fbe46fd089,BTC,-5.910446791951122e-17
534,64e010e432b7dc4b66f3a750aafe8094,BTC,-3511.9933506178
535,64e010e432b7dc4b66f3a750aafe8094,ETH,-17163.10347191976
536,64e010e432b7dc4b66f3a750aafe8094,LTC,-5274.2348948878225
537,650d7759e013aaad8bc49b453cec52ea,BTC,-198.1213666777
538,650d7759e013aaad8bc49b453cec52ea,ETH,-27.29414920825003
539,65b67e82aa63d7b3c59b1334f4a5e51f,BTC,-0.0380688
540,6613cbf100035f159e038abb2f706c07,BTC,-1220.1934726217003
541,6613cbf100035f159e038abb2f706c07,ETH,-958.3699209771402
542,6613cbf100035f159e038abb2f706c07,LTC,-825.404050580156
543,669ee777533182634afac22b181c5160,ETC,-53.8059775
544,669ee777533182634afac22b181c5160,ETH,-14435.918691631696
545,66a29344adca38d118f19dbdae8e632c,BTC,-1210.5612417003313
546,66c58df862f616205af5c8a30b93e00d,BTC,-549.54495680023
547,66c7c0e0c06cb7b8e8ff710225242f80,BTC,-3240.6664967017
548,66c7c0e0c06cb7b8e8ff710225242f80,ETH,-390.935631847249
549,66c7c0e0c06cb7b8e8ff710225242f80,LTC,-55.514403115136005
550,67236843ce666bf59fd67ac51e2d904f,BTC,-538.0442080525676
551,67236843ce666bf59fd67ac51e2d904f,ETH,-204.41669633693203
552,67236843ce666bf59fd67ac51e2d904f,LTC,-20.511459202351006
553,67aa0847320a6f22ca3ee54f3748b808,BTC,-0.17811433169999968
554,67ef75518d52851758ef308522cc9fc9,BTC,-307.22494838920005
555,67ef75518d52851758ef308522cc9fc9,ETH,-2795.2862580638503
556,6842f7301f857f40bb273c6491ff4ece,BTC,-0.0403198
557,6859075b6fcf1be259e232c7e1a8b74c,BTC,-1.008351477
558,68d174508f64a55dde75eebd697ac499,BTC,-499.2062555879
559,68d174508f64a55dde75eebd697ac499,ETH,-284.84149032516
560,68d174508f64a55dde75eebd697ac499,LTC,-261.23626776030403
561,6976b014a69a5e8b3a1401731a8494c0,BTC,0.0
562,69b8fc22e62176c6ca474d5b834a22f2,BTC,-1.00861562
563,69dc6072b5194f84ae868a1f39d283a0,BTC,-6.227103612526578e-17
564,6a092c1b4cdb7f1742c3a3719ab5929c,BTC,0.0
565,6a12499a0d8765bb19772a6f4be5bccf,BTC,-268.97404
566,6a1bc97218233d0e37d37f91e9d7c720,BTC,-7780.517062517495
567,6a3a9316a22f9d714c0a8f0c916e9b82,BTC,0.0
568,6a4db33b8d4f3161bf0cc879877ac1b7,BTC,-42.6863148576
569,6a4e1f76f8ab2c65bc6616ef7d7db904,BTC,-536.2572578084371
570,6a4e1f76f8ab2c65bc6616ef7d7db904,ETH,-295.08678003441
571,6a4e1f76f8ab2c65bc6616ef7d7db904,LTC,-192.84107332796899
572,6accb819e251b0150c731331d3712cde,ETH,-2.2128691146399855
573,6af9244d20fc021270214e22c33a46f8,BTC,-0.0338853
574,6b2f573b84f1cb31d3d6031016816d43,BTC,-1104.928
575,6ba36e3a48300c0344e82b7c1a064925,BTC,-254278.58875414156
576,6ba36e3a48300c0344e82b7c1a064925,ETH,-58597.46090533001
577,6ba36e3a48300c0344e82b7c1a064925,LTC,-21848.2475
578,6bd1a1974ce9639975d6ff60449ef4c9,BTC,-205.38898364
579,6be14ae41aef33323b24ed1f1d428668,BTC,-762.2619347679
580,6be14ae41aef33323b24ed1f1d428668,ETH,-5982.820097133304
581,6be14ae41aef33323b24ed1f1d428668,LTC,-1593.5986160335729
582,6c2583e0003c26998964a2da44288b38,BTC,-3.197949674500003
583,6c88fdce045bbe21deee491cf84fd371,BTC,-0.023018
584,6c8c62fa4f9eba972d9dc8924228a239,BTC,-0.039187200000000005
585,6cb8947d1cdbecc50f022f7dd6f9d8df,BTC,-570.4905605795
586,6cb8947d1cdbecc50f022f7dd6f9d8df,ETH,-670.2476593259
587,6cb8947d1cdbecc50f022f7dd6f9d8df,LTC,-521.508146026348
588,6d4ddf6dfb4eba72b120992dd93231c5,BTC,-26.4669257355
589,6d4ef79c24158a9a25c3eb7d6876b1b3,BTC,-69.81541369114
590,6d9333dcb868de360c50c33364e8ea2a,BTC,-178.9534664438873
591,6d9333dcb868de360c50c33364e8ea2a,ETH,-296.5985208168638
592,6da8e98549cd711ed59373a4706d0911,BTC,-35787.98200526488
593,6db5227083eb5f05730567aac8633598,BTC,-633.9759607289001
594,6db5227083eb5f05730567aac8633598,ETH,-223.89714457588002
595,6db5227083eb5f05730567aac8633598,LTC,-63.520288491479995
596,6e9d36318bca172a93f73781c59609ba,BTC,-412.34135519785997
597,6e9d36318bca172a93f73781c59609ba,ETH,0.0
598,6eb3bca624c522426c461c9df91d679f,BTC,-2.528674318547086e-14
599,6eb3bca624c522426c461c9df91d679f,LTC,-333.28608479283
600,6eb95af5868d5f7e42d8470eb92e20d1,BTC,-47.986007929719996
601,6eb95af5868d5f7e42d8470eb92e20d1,ETH,-8.25522
602,6eb95af5868d5f7e42d8470eb92e20d1,LTC,-29.0406
603,6ebe421c8cc54ea1407dba4cf6e0024e,BTC,-1.1319700000000001
604,6f0ce56589c71ca3b298dd58ee01cc5f,BTC,-3471.2631462358595
605,6f13e29b411cc8218984d94b0fda2b8f,BTC,-0.9944835740000001
606,6f17e6561b710769b3d1bab508ff9348,BTC,-122.84111
607,6f17e6561b710769b3d1bab508ff9348,ETH,-20919.165400049842
608,6f249c38e287396614966bc11ba2883d,BTC,-4.21706430286
609,6f2a72dbcf07d1d698fdeeb09eca8ed9,BTC,-3826.7624584135333
610,6f2a72dbcf07d1d698fdeeb09eca8ed9,ETH,-7.771516846703001
611,6f6ede625256deb8c1998456618c1b51,BTC,-14216.339867740851
612,6f7f19af183bceea8ba6bbec8189c093,BTC,-14635.0197053419
613,6f7f19af183bceea8ba6bbec8189c093,ETH,-4735.59639580775
614,6f7f19af183bceea8ba6bbec8189c093,LTC,-4322.530290640948
615,6fb41be7fd912155102b9c9fc37c61e4,BTC,-61.6254903372
616,703b5dc960757c6e9a4ef2ed19af9ce4,BTC,-0.042178
617,70584a4e11803adc0fdcca96b56f4bf6,BTC,0.0
618,7059ca76fc19c3279e05e5446648a4db,BTC,-1499.3903731462
619,70672d581cbe29ad2c5e98bc700b05a4,BTC,-2224.8004946867995
620,70ae44077789ad88d5f6954ce62e2936,BTC,-21.4860090312
621,70c06a4865967605aa82fbf5f977890c,BTC,-19133.13681907431
622,70c06a4865967605aa82fbf5f977890c,ETH,-16109.928485382761
623,714630b33b38001d7a68813467a80a57,BTC,-3551.5596712436895
624,714630b33b38001d7a68813467a80a57,ETH,-202.33578042718
625,71a678edfb89a33e44d0ddb0de4de7de,BTC,-6400.949624000001
626,71c60a97de01d2a4ec9c68ded8501025,BTC,-1.2553558822
627,7261f1d1559ec54298403ee3e13240c5,BTC,-0.024049100000000004
628,72fc3ac205cf585773a8df067ebf7909,BTC,-539.646588932
629,730cc3f3d7982f834d7e1b5108a2da10,BTC,-457.001
630,7333ce3fe7f88d18746c3c6a5a66a552,BTC,-10.4979822675
631,73a06d8db77df4deb868c83beed93dce,BTC,-405.6144441013
632,73a06d8db77df4deb868c83beed93dce,ETH,-181.31790079486
633,73a06d8db77df4deb868c83beed93dce,LTC,-392.931790434256
634,73bc9d995bf09eb8a363a6ca6cdad119,BTC,-0.00507288
635,7408923279d73bdf7c0ebda30e5be3b6,BTC,0.0
636,742d819c6aaf33df3d6c9ccbbd4de6a2,BTC,-140530.5893730357
637,746a83382602a573e87a123c8737d42b,BTC,-10.24686831
638,746a83382602a573e87a123c8737d42b,ETH,-6692.354188712719
639,746a83382602a573e87a123c8737d42b,LTC,-10296.698231635712
640,75021bc60237c97c7fffae320c176e37,ETH,0.0
641,753f7ad5f109ed458b32386161a6e5a7,BTC,-6106.897028516584
642,753f7ad5f109ed458b32386161a6e5a7,ETH,-2790.9970000000003
643,753f7ad5f109ed458b32386161a6e5a7,LTC,-1030.95
644,75737414cdab107a2fb3d95199075a9b,ETH,-777.642
645,75737414cdab107a2fb3d95199075a9b,LTC,-132.0154
646,759be096cecb833c5b7d6795aad210fc,BTC,-4193.0878827078905
647,759be096cecb833c5b7d6795aad210fc,ETH,-202.30892443661006
648,759be096cecb833c5b7d6795aad210fc,LTC,-73.089430026477
649,75f3e99bba379d5dcf870a481f47f450,BTC,-0.026945999999999998
650,76e23316714d74410ddf0b90075420bc,BTC,-364.20179698280003
651,77093751ee086a9f14df64cead77a0b3,BTC,-2443.44
652,7781b375e325ae3d3c21a90a99b8c8dc,BTC,-0.2813399360389347
653,78a68a52aec4128a2decf1466a2a6c94,BTC,-14147.777820000001
654,78a68a52aec4128a2decf1466a2a6c94,ETH,-472.74800000000005
655,78a68a52aec4128a2decf1466a2a6c94,LTC,-23746.67836554521
656,79ab10f190a4931694ec9ef87e448197,BTC,-3851.39053838805
657,79d85bedab4ab8954bb663ab85856cd7,BTC,-15.570826167880002
658,79ecc9d05c1110f84e0f53cd0d9b968a,BTC,-9.90275688
659,79ecc9d05c1110f84e0f53cd0d9b968a,ETH,-877.0429526065698
660,79ecc9d05c1110f84e0f53cd0d9b968a,LTC,-545.6142418228758
661,7a1fbca7da15c229faf75adbc4d3db4e,ETH,-1346.932
662,7bb5fd085304f434487532cd4fcd8276,BTC,-117.16717886814999
663,7bc4fbad2182e180332efe83689d35a2,BTC,-0.05979674999999999
664,7c3778a08ee3f51377b5472526da8b25,BTC,-0.38496977025
665,7c435a996564fb9ea5256311669b9af7,BTC,-45.42522674827049
666,7c4e9d72622981f002f7cafc7b15a4a8,BTC,-0.001869295
667,7c54c779848a15dca07709fc201e9cdc,BTC,-177.5255247765
668,7c54c779848a15dca07709fc201e9cdc,ETH,-741.6317851431601
669,7c54c779848a15dca07709fc201e9cdc,LTC,-238.84937077509
670,7c6e171bcbaacf9bc3e4aae3ae2b3dbc,BTC,-2784.1541259337
671,7c6e171bcbaacf9bc3e4aae3ae2b3dbc,ETH,-14845.239960960002
672,7c6e171bcbaacf9bc3e4aae3ae2b3dbc,LTC,-2341.3711
673,7c852635b4ec87a95dfed84e4b769d36,BTC,-0.0253451
674,7c85277601b864d1eb9e1112808aea98,BTC,-0.772568121599999
675,7c85277601b864d1eb9e1112808aea98,LTC,0.0
676,7cb4d984837d37e94927aca14fbe3813,BTC,-2.250603614400119
677,7cb4d984837d37e94927aca14fbe3813,ETH,-0.6754584033600134
678,7cb4d984837d37e94927aca14fbe3813,LTC,-230.36623021143998
679,7cbaaf49a0636c3cf1c26230b407f378,BTC,-8702.13340255867
680,7cbaaf49a0636c3cf1c26230b407f378,ETH,-4961.858188167558
681,7d12ba17a606e8209106a869a245e5cd,BTC,-234.073464
682,7d4065e16c06fccc6d882551b1f7c362,BTC,-10.02755208
683,7d473f2e02c4b49349f5b807d34fa035,BTC,-509.73504845799994
684,7d592b7be09395380ba94fe9b2d86018,BTC,-27.7061750017
685,7d65eb8f1b69ed586b6d39e668046d03,BTC,0.0
686,7e108a1bf12461d487d0660174c4ece4,BTC,-22.283955
687,7e4b5f92dffa93ff7fef7f91252f6b15,BTC,-468.6816219481
688,7e69f45008eadb72a555a15cd0565073,BTC,-22.5355651208
689,7e9db9b99c6706a6cadcb0764bf2b97e,BTC,-15.292730045539999
690,7ea2f21acaa8eb1539233f9a4ee680ba,BTC,-38.731596109019996
691,7eada1d64b13b21d77bc26832bdf7983,BTC,0.0
692,7ece3d6c8abe3b525512229b7f380922,BTC,-28.53033843103701
693,7f246f6d75107123c063662f6b67a79e,BTC,-1297.661080490109
694,7f246f6d75107123c063662f6b67a79e,ETH,-390.64085228755
695,7f246f6d75107123c063662f6b67a79e,LTC,-401.98319854069985
696,7ff9f93d2d3e86d4fc9a8cc2374ff758,BTC,-4.07732247744
697,7ffaa918608181884419e232b69091c7,BTC,-7.245721583599992
698,8022ad60e37dd53adfeaac7847f0daae,BTC,-80.2556704737
699,8039a446aaf0be09fc0d8175212f04e5,BTC,-10873.814161009403
700,8039a446aaf0be09fc0d8175212f04e5,ETH,-6669.17278090644
701,8039a446aaf0be09fc0d8175212f04e5,LTC,-25927.86426966946
702,805d73d66b9691d945aab440e2a35077,BTC,-0.0236886
703,80a22e10cb53c3d3743fbe01ceec33dc,BTC,-222.76137227106
704,80a22e10cb53c3d3743fbe01ceec33dc,ETH,-384.7055757126472
705,80a22e10cb53c3d3743fbe01ceec33dc,LTC,-155.3919
706,80d468857525f72a3a5fbd47a19d3702,BTC,-4510.40032484392
707,80e521c87eab3738c8e12d9983d3bf0f,BTC,-0.14244430254999998
708,80e844453749708db0eebc3d2d7ad7ce,BTC,-0.0836835839999995
709,8171d23f969cff692a79f58a4ac41b63,BTC,-146.77091077557998
710,81860beeceab6ce06fac0b5cdb82b0cf,BTC,-5.894059550555453e-17
711,81ee004af283eb330fa9018286a6de68,BTC,-1100.9298146
712,8208b3ecacb4b3cfc6a393970df460f9,BTC,-705.6642099999999
713,82240b748b47b518445c32cccfa4ad25,LTC,-103.649129194
714,8254f76a6974079f0836d16ee84a7c02,BTC,-43.86952038105902
715,8254f76a6974079f0836d16ee84a7c02,ETH,-28.65002801689368
716,82720d7d7dc0fe2066ad8524886980ae,BTC,-0.50397136905
717,829715eee61c064f4fd2ad1e05f9175f,BTC,-0.0338853
718,830be8e5de1fb926400af18f590828e5,BTC,-2.012136
719,831227d8efd5f6b3cdbe8f1033cc9ca2,BTC,-0.1761820471
720,8333351cdefb4ed33e672e11cd625172,BTC,-36.9694342039
721,8399b3eab8f4ae5165d20bc91bdd21b8,BTC,-148.55415778740002
722,849b234ec990304fb126b8f5c4d80662,ETH,-247.29
723,84bd6efdffcd7d0e894a505ef1700d18,BTC,-2524.9280464140998
724,84c4a2bbc100c5bf7d55db524a9ddd0d,BTC,-14.567106475400001
725,84c7e0eee31ba7ca5bcdb9781280cc70,BTC,-11024.787581234781
726,84c7e0eee31ba7ca5bcdb9781280cc70,ETH,-11166.935120760725
727,84c7e0eee31ba7ca5bcdb9781280cc70,LTC,-3199.1130251286527
728,84f2fa43f07adc4eae26783d5b1b4710,BTC,-20874.949170202475
729,84f2fa43f07adc4eae26783d5b1b4710,ETH,-1035.576
730,84fa76ffb70ffcce8bc65c19ec599db7,BTC,-0.0266683
731,852fff790740560658491f1b082e6fb8,BTC,-5.06922521541
732,85f18f1fe75ebda7f465e64c04f6504a,BTC,0.0
733,861169c5c1aa59c06b8aa5568a8e85a8,BTC,-1990.6560896052
734,862dec4dc0a0b4f0bfc7e47e71066dc7,BTC,0.0
735,8658664c801b3c24b2c499347fefa2f9,BTC,-45.90111744800001
736,86c89b1ba16e4270bd4739c6b098735c,BTC,-24.0404051183
737,870dbbb647523fbe19c4d1101af224ac,BTC,-457.001
738,8724b0f11580df979bf232545b7c93bf,BTC,-344.46915873020055
739,87632d947537371b4dc9adc534781d5f,BTC,-44973.4
740,87676ab4f1b063c438667dbc8d97a6eb,BTC,-137.28724032000002
741,87751a2de24f35eb01f318fe6e453e8d,BTC,-228.414
742,8794e9d0191cb58dedada6c18624d1a0,BTC,-58.7238
743,87da60f6311ffa8f4d526529894fdcea,BTC,-10.17531786
744,87da60f6311ffa8f4d526529894fdcea,ETH,-1977.9903
745,883be0830264f5818c9192358380dad9,BTC,-8.26e-05
746,886038dc135f1337773cf3def4c2dcb3,BTC,0.0
747,886038dc135f1337773cf3def4c2dcb3,ETH,-5347.389776325215
748,88bb20c73660faeac3090971b1a2142b,BTC,-2734.3724861452692
749,88e61ed056efca0a866ec84d5c16dca2,BTC,-46.7700079936
750,890f4232cc469f394a0f2baa3af746ee,BTC,-0.0403198
751,8948c92b26ff1b198aaf887687d59968,BTC,-132.8803863501
752,8948c92b26ff1b198aaf887687d59968,ETH,0.0
753,8948c92b26ff1b198aaf887687d59968,LTC,-2055.110262573765
754,89522d098b2becfb0abeff4e438873ea,BTC,-12204.04297629892
755,89522d098b2becfb0abeff4e438873ea,ETH,-15813.576321253862
756,89522d098b2becfb0abeff4e438873ea,LTC,-1517.964
757,895fd22adb4fd573466f721d690c4a28,BTC,-79.5583696572
758,895fd22adb4fd573466f721d690c4a28,ETH,-145.79819819225048
759,89eb5284e8d6d7a5cc0f5982ecaa80f2,BTC,-1648.209499932
760,89eb5284e8d6d7a5cc0f5982ecaa80f2,ETH,-174.727670964996
761,8a6629f0f572478f47b00fe6eb83942e,BTC,-6.09320058582
762,8a769296f770704d32e2b754a29d85ea,BTC,-0.00331184
763,8a769296f770704d32e2b754a29d85ea,ETH,-62.51613864703033
764,8a8ba2e355383cc479c83b9f4de92cd8,BTC,-0.042178
765,8ac0151ee26d5181546d899b9ef4f4e2,BTC,-0.9240198075000019
766,8b0baeb382ef6806154e12199f37e589,BTC,-0.023065600000000002
767,8b0e81fdaff838380d35df8cb42b2803,BTC,-0.6682648311299999
768,8b25ebfa41d7da7106f91951a8224201,BTC,-0.03431857728
769,8b5a8fa7c8fa7c0928b7d7d810a35027,BTC,-0.5262333053700001
770,8b8bc84ea6701385dd8a286e6da690d3,LTC,-130.4365979828
771,8bbc5f1d3e69f6f62bc58164baed3661,ETH,-2104.1419626992197
772,8bd3b3ceafd4e5ebcbc3be7dcb6c92de,BTC,-95.12076242391636
773,8bf781d11ae1208c9d258ca922f2159a,BTC,-2951.22550815887
774,8bf781d11ae1208c9d258ca922f2159a,ETH,-1829.145
775,8bf781d11ae1208c9d258ca922f2159a,LTC,-320.2532
776,8c4e6ebd28cf77afbabed04b7fd267f3,BTC,-30618.19501079245
777,8c4e6ebd28cf77afbabed04b7fd267f3,ETH,-12.504195
778,8d0d60086cf22aeac5dcb2574a2b6279,BTC,-30132.043955653804
779,8d216dcf6e8374bc95c6ac82a5e38ef7,BTC,-510.54301332269995
780,8d25da1fb404f124c769cf54eacf1ae0,BTC,-563.396920248225
781,8d6a354065a8cfc3336cee344b305a1b,BTC,-0.12830240000000143
782,8d7b5b1fa468db5a3fa7ddc7f1a5a3ea,BTC,-12.007992699999999
783,8d844e6dc34b2583110ca8b7d9791af9,BTC,-1066.993476228
784,8d844e6dc34b2583110ca8b7d9791af9,ETH,-193.34587382112002
785,8d844e6dc34b2583110ca8b7d9791af9,LTC,-1030.779033577182
786,8d99cba987f98ada11cce9eb8a5b7b45,BTC,-104.8304637904
787,8da796bbb9eb203f1efe15be15668837,BTC,-502.57827348422
788,8e9379e729b4439c32f81dec2f2fa569,BTC,-1622.0237823465563
789,8e9379e729b4439c32f81dec2f2fa569,ETH,-3198.30637354978
790,8e9379e729b4439c32f81dec2f2fa569,LTC,-303.840808322025
791,8ea0b04d163aa9f514b9f4e4b300f692,BTC,-58.790911148000006
792,8ec2f28681bc2121d1a277dbc1121732,BTC,-0.9929126
793,8edeffbcff0f8a265ffcc0a490691e77,BTC,-32656.68044991477
794,8edeffbcff0f8a265ffcc0a490691e77,ETH,-176.03240351528
795,8edeffbcff0f8a265ffcc0a490691e77,LTC,-46.141949999999994
796,8f9adbb6173f237800afa131ff2bb6c4,BTC,-8.26e-05
797,8fe4d48761fc96126ae2768fd751c641,BTC,-2732.37674820692
798,8ff9ce6d43f0a77f1a81ba282f2f0b72,ETH,-1044.8065940676
799,9006b702b3821ea010b61b42c529e77b,BTC,-215.59050364559997
800,907aafae0fcfc370fbd7463c4ce989b7,BTC,-44935.27648066031
801,907aafae0fcfc370fbd7463c4ce989b7,ETH,-39489.064574907985
802,907aafae0fcfc370fbd7463c4ce989b7,LTC,-474.008721046548
803,911bea3ba631a25890c52599fbd4a0ce,BTC,-0.14332598036
804,915b8610753bdae7bcb1c97281f05332,BTC,-1174.6941869000002
805,91b8706775da88b2b9d179bb748e4117,BTC,-8.917583843
806,91c0fbdf1ce91ab3b175a5510f9a8a63,BTC,-11352.542997829307
807,91dadbb65731fe508bcc5db9758ccb42,BTC,-9.8600606456
808,9260c2cb2c91292ea08ac5d752b1042b,BTC,-7.466441175400041
809,9260c2cb2c91292ea08ac5d752b1042b,LTC,-384.21349999999995
810,92a674b2c5522cb8546e0d8d43802883,BTC,-152.94030781968002
811,93266f486019897c9578cfe006dcc35e,BTC,-370.21716949279994
812,93266f486019897c9578cfe006dcc35e,ETH,0.0
813,9360e21efeb3dde49903ac7567a02129,ETH,-62.95186519304001
814,9360e21efeb3dde49903ac7567a02129,LTC,-20.595777668532
815,93aba76f4e4d8910b1868d9dbf7f8b84,BTC,-166.04551556240003
816,94122c627947ca59a123f0e6be2393d4,BTC,-0.0403198
817,94832b8dafabc28f26ec6982fdca217d,BTC,-0.0106600803
818,95060cd182ba5fa63ad3ba5fff7e7501,BTC,-22.18911284125001
819,953435c68c869ae5e7168feaccf810a2,BTC,-1870.3589265287505
820,95776a12b1b225a06d546c84351d5e1a,BTC,-0.9995329063999999
821,95fff4f8ee48fda7ed432be7c8ff2653,BTC,0.0
822,9639a1196fbacca03285901ac105673a,BTC,0.0
823,9641dd07b501a8811a462b3288d46053,BTC,-5703.760781225079
824,96cdb6fc5c3024242cb90620fe15a9a8,BTC,-21.563604206300003
825,96cdb6fc5c3024242cb90620fe15a9a8,LTC,-139.294
826,96e42fe344372a15f183a9ead43cbcb8,BTC,-1005.8992994343402
827,972e877c8c6c56cc6c02aaef85b8286a,BTC,-7071.223269383095
828,972e877c8c6c56cc6c02aaef85b8286a,ETH,-1497.06
829,972e877c8c6c56cc6c02aaef85b8286a,LTC,-14809.156498188328
830,974f6dfccedd45397ab2d9f3413d4af0,ETH,-4967.35405035229
831,9753391f77902121193db0a129a3c739,ETH,-1730.8258513901199
832,9753391f77902121193db0a129a3c739,LTC,-272.803276709915
833,97e8eda4bc42bc9b50a05d5a19e93b58,BTC,-198.3705220035
834,9809ea41344fe457cdf908e5c55562b4,BTC,-139657.7021054565
835,9809ea41344fe457cdf908e5c55562b4,ETH,-25048.043001023772
836,9809ea41344fe457cdf908e5c55562b4,LTC,-6818.444004103458
837,982a2b116c53d5a463ae5f670dc7de97,LTC,-140.4084
838,985173d6a7cd82b40e2cf9f6adc9975b,BTC,-0.41395267441000005
839,989ac5c3632043686826434b7eb97182,BTC,-2.44845832788
840,98ca99b2723feb296079a30535a44c2d,BTC,-32.00364725
841,98ca99b2723feb296079a30535a44c2d,LTC,-992.9163445429859
842,9903b3f2a85afcc8c9a5ed278de3e2bf,BTC,-0.032605300000000004
843,990f2106c25e4b9efb520065d31aff04,BTC,-19.261181380380002
844,993154ef99bba43d1e95829728d32955,BTC,-60.274810656574374
845,99c37a43b57cb64cdc894502af364ae5,BTC,-0.037989
846,99e37d397360acce219954eee659ea67,BTC,-278.88623442
847,99f5507bde2ddfac74308b2f51f96f36,BTC,-20.02509419515
848,99fb4a468b04eca72b71321050b8a3bb,BTC,-62869.81790003595
849,9a4f0bc97c94d67f5a30e3e67373d41c,BTC,-0.0293156
850,9a55952bd482bb73298d3ff0f6edf262,BTC,-0.0225827
851,9a6bd81a055be21354f7b1102412dec6,BTC,0.0
852,9a6bd81a055be21354f7b1102412dec6,ETH,0.0
853,9a6bd81a055be21354f7b1102412dec6,LTC,-118.107440346945
854,9ac64944bd1cafbf34b79cb9e997467a,BTC,-1327.8597867910103
855,9b42cfea5b75e5fd9794dc67eccf36d7,BTC,-0.03877
856,9b5e893aa8a1c3c26550a6285b76aafa,ETH,-726.56716343936
857,9b5e893aa8a1c3c26550a6285b76aafa,LTC,-691.582607280016
858,9b8402c10976c1e04dbef810efabff41,BTC,-32572.70205586668
859,9bd7ceaf445d4877fe8a185e90e33e85,BTC,-54.912732219999995
860,9be237d2e0ec5acfc13b5d7245db908c,ETH,-4520.8382411435805
861,9be237d2e0ec5acfc13b5d7245db908c,LTC,-2836.524423831668
862,9bf2782162655866d47ea372c35656b8,BTC,-0.022580000000000003
863,9c53ce9492d7f5d7a4d76332629a9277,BTC,-5.7554
864,9cba86c51495ec72c184caab02c32d29,BTC,-204.5914717499999
865,9cba86c51495ec72c184caab02c32d29,ETH,-4939.83830909276
866,9cba86c51495ec72c184caab02c32d29,LTC,-5088.717729148189
867,9ce0142c213d999fa34fbec4d6c85787,BTC,-1334.9557928
868,9d47bb895f6d83249f9e43a1049c6df3,BTC,0.0
869,9d4a01ac3b08f3a26015907a832278b2,ETH,-283.201059053205
870,9d4a01ac3b08f3a26015907a832278b2,LTC,-179.722874614344
871,9d5ca06f5661dbf5324f4aba3e509e9d,BTC,-0.50060527046
872,9d7c31c393bd5bc31700fb89f50e0cd4,BTC,-20.45454180816122
873,9d7c31c393bd5bc31700fb89f50e0cd4,ETH,-20.135935660590043
874,9d7c31c393bd5bc31700fb89f50e0cd4,LTC,-20.083853680490094
875,9d807eaa535a97054e4d2df54f776b7d,BTC,-2988.4479917682
876,9d8f1627e9790ed369e88dbcc947c5d0,BTC,-1.1646742739
877,9dc502d01dd5fcf1361bfd819f2c18e2,BTC,-20.223026105021077
878,9e5a8efccbacd47437de7fa2aaa1768b,BTC,-0.98703298
879,9ea66b7337d5668706ac7e4bcb9aa347,ETH,-1021.3887431162
880,9f13b788b55c48ccb27a5b2f1e54c180,BTC,-463.27038751453
881,9fa0bd309e17d9f79174ff8b2047571a,BTC,0.0
882,9fb4ff92d3593d14ed71fcab108424ea,BTC,-145.954361595
883,a00acd0117e6cccfade7a09c65cbe204,BTC,-8.7941038526
884,a07a89e1e869a3e6cf12b13ecfc5ebf4,BTC,-249.2817601196
885,a09efe6c3679b40556ac496a156d36aa,BTC,-0.019067898000000003
886,a1015aab1d04d8c603dd5a96e370310e,BTC,-0.6398762424999911
887,a10d65d37b81cab83c224c475511ed26,BTC,-1424.8773086548001
888,a10d65d37b81cab83c224c475511ed26,ETH,-295.251
889,a1bb054f72b52a23225adafa093bccc3,BTC,-92.32808000000001
890,a2052328b44702ce2ca930d36b1f6bc6,BTC,-1.2798519811999989
891,a2490fb2390225687fa21da6f3929058,BTC,0.0
892,a3704fe33c1484eb0d1e7705f9ea2050,ETH,-601.26734307599
893,a3e1516cac9620c496d3f6d64945db90,BTC,-298.43086000900007
894,a41e75792f931417c0a12baaf639f28d,BTC,-0.0106098132
895,a43ad9f78f4e29889ddaa1bf3beb9300,BTC,-0.0433122
896,a4643495e80952f9de44a3a525f3e456,BTC,0.0
897,a466bca4143b65e12369bfecf4eec845,LTC,-853.7688572649299
898,a48248ecfa5d52464ff5d8bc72a531e6,BTC,-131.83663960500002
899,a48248ecfa5d52464ff5d8bc72a531e6,ETH,-258.90111105874996
900,a48248ecfa5d52464ff5d8bc72a531e6,LTC,-132.089315770754
901,a4aa39506abcb12f539685b677c82198,BTC,-0.0382775
902,a4bff5b02a8f477625f18ad77b2b4b2b,BTC,-0.98387952
903,a4d6b9985aabde565e83d5b5b236430a,BTC,-61.2674266016
904,a53f16ad42a5cd357c8ec135f4ca1d85,BTC,-20.1096952385
905,a543d70bf8b9f23299480205ec71088d,BTC,0.0
906,a611ec17afcf61d5f44f86abcb286e66,BTC,-643.8595373605
907,a611ec17afcf61d5f44f86abcb286e66,LTC,-395.27560000000005
908,a6b8a307d867a385e6c274df9be9298e,BTC,-0.042178
909,a6f7b4d568976e9e702c197601ee3e68,BTC,-4.092646269400001
910,a7105e564e12435ab226789217540d2e,BTC,-0.0240525
911,a715233f5986022abd4781be63ae4df2,BTC,-0.023274800000000002
912,a71b73f256b5fac20306298f75e4b288,BTC,-0.021417765600004975
913,a71b73f256b5fac20306298f75e4b288,ETH,-8.47580571574
914,a7d54c146f244b8006b947592ba3a79b,BTC,-9.9960822
915,a8ac2b5d1476d36a9a3f3baa50292e8f,BTC,-0.56359176601
916,a8d687dbdbf49d7c24e9927f722534f5,BTC,0.0
917,a8da7ce13dc71b64aa0e1afc9cfe3bd4,BTC,-0.037989
918,a9150eecebece64aa20fa8ddf88a760a,BTC,-0.14125325489999999
919,a9da47a9ae2e8c2d435e433e835f226d,BTC,-28.89237909269367
920,aa09231fa4f689be19369ca7913ac1d1,BTC,-4757.823120654899
921,aa09231fa4f689be19369ca7913ac1d1,ETH,-1149.34950044444
922,aa09231fa4f689be19369ca7913ac1d1,LTC,-504.481241669354
923,aa2a5a5ab3c99c977d073781a4c7e4f2,BTC,-128.66988664317998
924,aa2a5a5ab3c99c977d073781a4c7e4f2,ETH,-696.97391953483
925,aa2a5a5ab3c99c977d073781a4c7e4f2,LTC,-95.674505241879
926,aa69f04f36e5ca3b4a140c3126180938,BTC,-0.02813329999999885
927,aa8534abf63c4f535adbe9e440360ba1,BTC,-1300.7926081917997
928,aac1462122adfc1cc29c3488b61969de,ETH,-357.005545236884
929,aac1462122adfc1cc29c3488b61969de,LTC,-28.40156324068
930,aaeb3fc58f0751fe9b7fefb0f86cb73f,BTC,-1.047815232
931,ac5ee3dc4a38cac5cfaf49c80826e3d1,BTC,-43.32981337721
932,ac65d02e8081abd3e50ceac3c7f756ed,BTC,-257.6787
933,ac92601fe6bd23f8f312c74ee895e87b,BTC,-0.07604399999999999
934,aca6fcfb9d9d8db6b432f4dce7bf9984,BTC,0.0
935,acb8139e8c26dc80398d2ae6d98c37be,BTC,-245.53512668431992
936,acd44db82d8a88222d6e937aeccc68d0,BTC,-0.0381337
937,acd6f9255525b87e041e56ebbdc32ce0,BTC,0.0
938,acdb64c2ee95f905c1941afea86ac69d,BTC,0.0
939,acf5dd14db934753eb94b13b5ba3643d,BTC,-0.042222300000000004
940,ad9bd8f5ce31c6b51c8cc6e01999e59b,BTC,-0.18197402000000001
941,add432bb4627fdd37bb20410caef1c87,BTC,-2241.9047417165
942,add432bb4627fdd37bb20410caef1c87,ETH,-1524.7318082555698
943,add432bb4627fdd37bb20410caef1c87,LTC,-883.682275700377
944,ae29207a0f048324f8c9aa2caf3d9d83,BTC,-7442.7
945,ae64428e8f71cdde671d1a8ac4598cb3,BTC,-8.294500000000001
946,aead3b52a6111128635a09e1de1e161d,ETH,-5378.85868232931
947,af039100800221963e8940343610ee36,BTC,-4529.362799668801
948,af039100800221963e8940343610ee36,ETH,-14512.857859827862
949,af2187f3b93cfb55403bc71f3d9d13e2,BTC,-0.35641891430000006
950,af80ebf18f1223397bf7063a33591959,BTC,-4700.83861324564
951,afb2c97967c86fcda4f6027a8081e637,BTC,0.0
952,afe8379e00b6ae7a85349a5ee641c768,BTC,-0.024394600000000002
953,b0a54325dc2515262e396b82e5aa2c5a,BTC,-9.984211415599999
954,b0a659c3752ed3e1f5a31485d45fb597,BTC,-9763.72003855462
955,b0c87b63a65b7bb1446ed2023990c2af,BTC,-18775.778971039
956,b0c87b63a65b7bb1446ed2023990c2af,ETH,-11710.941530645901
957,b0c87b63a65b7bb1446ed2023990c2af,LTC,-13291.79268808177
958,b0cd78ffdcbff06253f180a24435b141,BTC,-37950.44522394041
959,b0cd78ffdcbff06253f180a24435b141,ETH,-16786.004637697017
960,b0cd78ffdcbff06253f180a24435b141,LTC,-13293.238408352809
961,b17c1bedd5756b7d53941e76d093f452,BTC,-4.93921155
962,b1aee51a7d04f51ba977da8157b771ce,BTC,-1.9802562367665643e-15
963,b200203a377aa50d31dd589ce5cc018f,BTC,-185.528554654
964,b2150afa1ebdb5eaefe245f53384aca6,BTC,-5761.773855608817
965,b224b5873d3ea9750a1d8b5f3e269552,BTC,-17.409568848
966,b224b5873d3ea9750a1d8b5f3e269552,ETH,-120.23953852726001
967,b394b3c630298e9e7266148380c49eb1,BTC,0.0
968,b3ca42b4841836ca0fd610008441295e,BTC,0.0
969,b3ca42b4841836ca0fd610008441295e,LTC,-171.42660445735999
970,b3cc5caa3ffb399f7aab741ead8c7136,BTC,-1372.3369269018
971,b3cc5caa3ffb399f7aab741ead8c7136,ETH,-1725.4400329269101
972,b3cc5caa3ffb399f7aab741ead8c7136,LTC,-1150.660661226939
973,b444b4056eb7958340559ebef45524f8,BTC,-15.51459
974,b48db3af5c2b0d8f3a0acac1aa8e92ed,BTC,-1454.0429337458202
975,b4932a05ffeb1cd491c4a8cd0194c97b,BTC,-10.003981500000002
976,b4932a05ffeb1cd491c4a8cd0194c97b,ETH,-1088.11172196
977,b4bd994d6aa4a7df98dc8c9382fb5101,BTC,-1494.2963538015001
978,b4bd994d6aa4a7df98dc8c9382fb5101,ETH,-513.46061334833
979,b4cf3dfcdd93b4d46a9af4ca51884e16,BTC,-0.0229968
980,b4ea5e1aca864397d81bf6a783fdcfac,BTC,-25218.953223734683
981,b5785684a5676cb88348d64e1e70e157,BTC,-4.990467359999999
982,b58fe1da4877bae004ca793b2b60dc14,BTC,-0.11158486009999999
983,b5bd188bc9d52db887191194cd3ee178,BTC,0.0
984,b5bd188bc9d52db887191194cd3ee178,ETH,0.0
985,b5bd188bc9d52db887191194cd3ee178,LTC,-0.07851776480000738
986,b5ca2aad3515223d5f87664995036345,ETH,-1179.928890916822
987,b5f5b1016892d99a694d7065feb5721e,BTC,-1.09701449105
988,b5fc049c6690f2b2333e2c8b36d13c7b,BTC,-2075.89065505257
989,b61a031f7c6051a9939b930f0b0a50ff,BTC,-9739.862785262829
990,b61a031f7c6051a9939b930f0b0a50ff,ETH,-11607.758259903265
991,b61a031f7c6051a9939b930f0b0a50ff,LTC,-1449.3463663106238
992,b6dbac32af2f363be44ffec4568b6b88,ETH,-357.164
993,b70ce3dec8f8f3577290099994607327,ETH,-977.0169252094357
994,b748173cd987ce063de30be1c30a6f5f,BTC,-16.374150390500002
995,b74de3abb11f844cd6f48a3467999f07,LTC,-3775.6138602768647
996,b75420b1a1dc2aee8edc65680c9a00ed,BTC,-0.06344859
997,b75f27ca84bd04fd65a27158501f3164,BTC,-2.9059179194
998,b76d501637e09f52b5cf31b181dccc9b,BTC,-0.0038652864000000005
999,b78caa9fbe1fb63cf471799105f24ea1,BTC,-192.99180897920002
1000,b7b22b65987efa771bb0a7ba7e177f32,BTC,-44.16924999999999
1001,b83d20897feeb1236ab9ae9e294d8e3d,ETH,-306.727
1002,b83d20897feeb1236ab9ae9e294d8e3d,LTC,-96.3006
1003,b83dfb57c1dfa46b13d53fd61b782786,BTC,-501.0517128058439
1004,b83dfb57c1dfa46b13d53fd61b782786,ETH,-117.33718331555157
1005,b83dfb57c1dfa46b13d53fd61b782786,LTC,-21.703849462386003
1006,b867f4a96271d1f8074907c16cac31b4,BTC,-15342.739865598438
1007,b87d61c1b846a488949791748622e9f9,ETH,-44.665641801039996
1008,b87d61c1b846a488949791748622e9f9,LTC,-114.495282921924
1009,b91bdb9719e89023cfe0cecb1af44b42,BTC,-9.71501556
1010,b91bdb9719e89023cfe0cecb1af44b42,ETH,-173.65469344153
1011,b91bdb9719e89023cfe0cecb1af44b42,LTC,-53.227101316602
1012,b9f00a53a05236c659c79847a981f646,BTC,-152.41474000951
1013,b9f5cdd41b93956cbb10ef0122d42d1f,BTC,-34.81089077406
1014,ba4d1b4ef9ba6234a1af783ce5a9aced,BTC,-209.0720559517
1015,ba5844dbda82c9b5fe9f08c8a923a3ab,BTC,-581.4948653402846
1016,ba5844dbda82c9b5fe9f08c8a923a3ab,LTC,-423.1153377523461
1017,baa8b11a074701fef4c75ac3bfce1d5d,BTC,0.0
1018,bab8dbe65e1276308fe41fb161a74670,BTC,0.0
1019,bb3bd644c9db946e8fd6ba9dce7a4cd9,BTC,-414.2693170688001
1020,bb3bd644c9db946e8fd6ba9dce7a4cd9,ETH,-1682.3554719668937
1021,bb62a3dcbd1070dbf2ae3cec629a407b,LTC,-55.28479123836368
1022,bb6809f26cf987ce23cd69e2427e1217,BTC,-291.69005440995994
1023,bb6809f26cf987ce23cd69e2427e1217,ETH,-394.44652560505
1024,bb6809f26cf987ce23cd69e2427e1217,LTC,-600.6942190052
1025,bb95dc4321d1d632c061e743786be997,BTC,-15.350281536979997
1026,bbb45a52e1a3bc9ac178a907c57d555b,BTC,-544.705723580714
1027,bc1cc4d7c7328ea755f3ac3db8c79792,BTC,-0.0228536
1028,bc59c4089af97b8c2ba4612714c44768,BTC,0.0
1029,bc7327d41f1168aa86a2f545441e0915,BTC,-151245.20243241056
1030,bcad59150ff03790d9483f7ea85504f7,BTC,-2772.63543788834
1031,bcbb4f536522e93cebf84768f22ccca3,BTC,-0.7584511200000009
1032,bd1132281d7a7492cc14295141eda6a8,ETH,-7594.374907514
1033,bd1503bdb91f9c99a8db7d69abdd6716,BTC,-319.5300878
1034,bd1503bdb91f9c99a8db7d69abdd6716,LTC,-292.564097768
1035,bd704523cb0e53208e04cfaf371a146d,BTC,-0.0380316
1036,bd9dbbf1c33d5ef266169fbcc462a10f,BTC,-3854.50722703372
1037,bdbafe9718953bca12351ad347c43b9f,LTC,-213.67975150285403
1038,be34b987d9cdc9ac1c8c5ad6ac7de2fc,BTC,-0.0324223
1039,be488513574bcf7dd962dc59ed1140e3,BTC,0.0
1040,beae82a0fa6b0b301aa051d3a5d78684,BTC,-406.90010796661045
1041,beae82a0fa6b0b301aa051d3a5d78684,ETH,-305.6418051503972
1042,beae82a0fa6b0b301aa051d3a5d78684,LTC,-121.1326752681635
1043,bee0b412595ec2ed1191fa1df07bbfd9,BTC,-6702.004894963591
1044,bee0b412595ec2ed1191fa1df07bbfd9,ETH,0.0
1045,befbddf34f71095d3fe49efd79a8996e,BTC,-2397.3623753709003
1046,befbddf34f71095d3fe49efd79a8996e,ETH,-1558.553591377758
1047,befbddf34f71095d3fe49efd79a8996e,LTC,-135.434980213899
1048,bf675faf03a48481d372c3add94f7a45,BTC,-10866.774347130955
1049,bf675faf03a48481d372c3add94f7a45,ETH,-218.2946
1050,bf8ebf3e2748b96a32df01f0f0813b6d,BTC,-0.0039231299999999995
1051,bfcb5a392eeea161fcb75e2a4ca956cc,ETH,-62.28864288496
1052,c039fedb504dc0853bddeb840fd9bd0e,BTC,-5.3043477588
1053,c03cacb60e0d718226b72446665df3f5,BTC,-63.30203948700001
1054,c03cacb60e0d718226b72446665df3f5,ETH,-50.997756111650006
1055,c0b887697010a43c7aaf88b3bad5aa80,BTC,-68.51882412279875
1056,c0d8ac4aef462f947dfb3027f576ecc1,BTC,-65.93247673434999
1057,c1270c2d39255086ce386b62582811bf,BTC,-59.23002341155056
1058,c1942d1b8570cb346c3b55f28e0ddad5,ETH,-334.045
1059,c260bf5986cac4cc3da183f508916fc8,BTC,-3.8410340065999997
1060,c2b6afb6cfdadc953bf6692898de6278,BTC,-104.17347638460001
1061,c2b8ccffdd0a79fcb91ac1e3017bd2ff,BTC,-1458.7662475284003
1062,c2b8ccffdd0a79fcb91ac1e3017bd2ff,ETH,-1187.2586718430202
1063,c2b8ccffdd0a79fcb91ac1e3017bd2ff,LTC,-964.0819999999999
1064,c2baf83dab4b07c7d5064a05bda37f5e,BTC,-247.41380341580003
1065,c2baf83dab4b07c7d5064a05bda37f5e,ETH,-2649.1020726396664
1066,c2baf83dab4b07c7d5064a05bda37f5e,LTC,-1820.9267412918261
1067,c2d43b488cd2ec62b878fa8fa0bfa32c,BTC,-31.85147516715
1068,c2ef646029858a80fd5b733c521e21e0,BTC,-157.8447255523144
1069,c344bb54bbbed3e5840627ead8b17daf,BTC,-0.3299321569
1070,c36af85918828bccf221f6f6a436222a,BTC,-49.3430468832
1071,c39f21b29a9c126b2156901581e37148,BTC,-1.5984890085
1072,c3bfc9b62000298abadd85840b9ba265,BTC,-0.039187200000000005
1073,c41bf9c664dd5672026e1b10171bb41e,BTC,-2.6339513199999995
1074,c486853daca10fda527d24978597a35e,BTC,-24.81071799643
1075,c4d8bf491e3c3ebe4967e252d9c73976,BTC,-0.9785988378999999
1076,c5037c4b6becafe4f3ff75f39d771a48,BTC,-3273.91889306849
1077,c529df6da103ef8b88f7a89c8b84c165,BTC,-1.796029999054649e-05
1078,c529df6da103ef8b88f7a89c8b84c165,ETH,-1089.442146327956
1079,c549acb4231fbef0f20e0eab7b9c2ea4,BTC,-9.886357942699998
1080,c5a4903b1bd6c9e9ec513cdfc1bc5b43,BTC,-16.68577838814
1081,c642eb30b29a26afddca6e232895f0e6,ETH,-65.20571976045453
1082,c642eb30b29a26afddca6e232895f0e6,LTC,-5.598398698920004
1083,c649b989b1f9502c553cee2eaa06b72c,BTC,-28.2310702101
1084,c659050a5163c810475173c9fbd2ebe0,BTC,-46.681760488690024
1085,c67bde0604e7e7ba799fdd09a54619f0,BTC,-1.1171931306
1086,c75699acc4c8d503a3028b665a9802f8,BTC,-58.31397771550001
1087,c76e6282058c25579937c956f145bb75,BTC,-10.58733466
1088,c7b5aa189565188b2d18510fc6d1bd9f,BTC,-172.089310774
1089,c810d7de4302799f153adb50e9cb42cf,BTC,-3747.3174267450004
1090,c810d7de4302799f153adb50e9cb42cf,ETH,-5937.944738314331
1091,c810d7de4302799f153adb50e9cb42cf,LTC,-1223.757908246756
1092,c820555270552ef46e3a7fcb025f1361,BTC,-159.57717348199998
1093,c823f283034d5579e6b4ad4a47ee0da7,BTC,-2115.2302390481495
1094,c8691d1c60e9537da42e187170ab369f,BTC,-4366.702556270988
1095,c8691d1c60e9537da42e187170ab369f,ETH,-1850.60741761404
1096,c9c7fec9cf5e071dead30141a93d6439,BTC,0.0
1097,c9e0b7cd259b1c98ebae79f01edf4abe,BTC,-7953.569296859531
1098,c9f1591db8136a62c975f18c9f31475e,BTC,-242.157830166
1099,ca28dde538c4a14f80b18a89694f3f69,BTC,-107.23250934407999
1100,ca4172f864238e8578a415e215713ea6,BTC,-1729.6000520233913
1101,ca4172f864238e8578a415e215713ea6,ETH,-669.62312417728
1102,ca4172f864238e8578a415e215713ea6,LTC,-892.2079318796
1103,ca60b3e8110ade69380d53bc88fcf703,BTC,-2.709314528
1104,ca6c11b912a7fb9f65f5ae91e1a326dd,BTC,-0.0380316
1105,cac676e0fddac885cef989da777d1e15,ETH,-3.9845300000000003
1106,cb5877e2c7e46327c3c79af4bab3de59,BTC,-11.447999232640008
1107,cb59deb30b98273f9d2a07597024590b,BTC,-316.3450316692484
1108,cb59deb30b98273f9d2a07597024590b,ETH,-383.05092546251
1109,cbd900c921c337d38b0a66b610997db9,BTC,-35.8832880828
1110,cbdabb7a27ee6cee781415a06c6c5d13,BTC,-118.4598767404
1111,cc3e1c2ed42e8e55ea616f3c74c0eba0,BTC,-148.96615591670002
1112,cc3e1c2ed42e8e55ea616f3c74c0eba0,ETH,-111.10500945198
1113,cc3e1c2ed42e8e55ea616f3c74c0eba0,LTC,-111.103194802
1114,cc4759e1f969b2ba59e020ef07ec6da4,BTC,-17805.4582962712
1115,cd4f00a2a2266f2ae2e927b11a906b14,BTC,-9.074411125919992
1116,cd4f00a2a2266f2ae2e927b11a906b14,ETH,-896.14
1117,cd5ef9ca08f88d9439796debfe5adb66,BTC,-0.24355700000000002
1118,cd7ca1dadcbdcf9fc74371e8337d5f64,BTC,-64909.7943900787
1119,cdadf041b101e72dbbdb1df71be2e179,BTC,-2501.2910409097
1120,cdadf041b101e72dbbdb1df71be2e179,LTC,-689.4045170026
1121,ce4a6cd541e8e5e47c310260b6707c1c,BTC,-4783.262000000001
1122,ce69658aec0b197b0e4dcb0b8918e71c,BTC,-4.588643459400001
1123,ce9611e4cd84557f00a1ee6106da2f97,BTC,-311.741939834
1124,ce9611e4cd84557f00a1ee6106da2f97,ETH,-300.34335502066
1125,ce9611e4cd84557f00a1ee6106da2f97,LTC,-300.921940562243
1126,cef762063b3071f59e897d736eb5730b,BTC,-1304.7141875464997
1127,cef762063b3071f59e897d736eb5730b,ETH,-8098.7044477932795
1128,cef762063b3071f59e897d736eb5730b,LTC,-1250.091355564699
1129,cf5bcdf1d830626f0d73866dce0b48e0,BTC,-15755.245297471665
1130,cf5bcdf1d830626f0d73866dce0b48e0,ETH,-115.77698471766901
1131,cf655c555881edb81758807c179f43de,BTC,-0.0225616
1132,cf890273582fee0634ed1a30aaa0bd7a,ETH,-146.173819290548
1133,cf8ab3e3910b0fdaa69042e6a7422a77,BTC,-49.505624388300006
1134,d066dfda2ab783d91753dd1b7648c096,BTC,-1.022321564
1135,d07a04abeb01912628628efc5821243f,BTC,-3.0762615243999973
1136,d0913a0441a52a9833943d5a8ba5ef7b,BTC,-0.023654900000000003
1137,d0a60bd3a1aac24c42cb4e15bff1866a,BTC,-431.8197500936
1138,d0e43ad07f9d877d6484e0baebcefa66,BTC,-0.455025823
1139,d18c5d87cfc2b8667b925a488a9a1e89,BTC,-0.0380316
1140,d19318a41a3404eb7d905c06d4bd4260,BTC,-5.281295216399992
1141,d1daedb92db288d27e49f23b9fd521eb,BTC,-369.37423255673417
1142,d1daedb92db288d27e49f23b9fd521eb,LTC,-53.100838820908685
1143,d203bf23455b39ba9e7d6c2d52473ba5,BTC,-229.24778464040003
1144,d203bf23455b39ba9e7d6c2d52473ba5,ETH,-34.04767684300001
1145,d20d8f793fcc12c60330a1c0362e78b6,BTC,-0.40837974720000003
1146,d2a4376d134018f507a075fafb4fb21a,BTC,-0.7771679676000001
1147,d2a545fa3af88c689ef374e1271db1c0,BTC,-35.715680875800004
1148,d2a545fa3af88c689ef374e1271db1c0,ETH,-1004.2501760931798
1149,d37b398b51a08914bc66b247ef4e90dd,BTC,-0.037989
1150,d382b5762cbb0e93735fdaa2519eb83f,ETH,-143.042948
1151,d382b5762cbb0e93735fdaa2519eb83f,LTC,-34.800675
1152,d44c339604588a2962b528bcd9390265,BTC,-4809.12328455121
1153,d44c339604588a2962b528bcd9390265,ETH,-674.7565366311949
1154,d4c16d1d47c83fad9c693cb8d4089905,BTC,-394.5627376095
1155,d4c16d1d47c83fad9c693cb8d4089905,ETH,-998.6857756055699
1156,d4c16d1d47c83fad9c693cb8d4089905,LTC,-2854.4926797996113
1157,d5520fdffefdf662146a36a1218f3351,BTC,-0.02851068616
1158,d578d055de250cc6540348dc9e46261e,BTC,-64.5972940005
1159,d578d055de250cc6540348dc9e46261e,ETH,-20.1282217308
1160,d589ac4d9bb91fe42fb64fe62c142fed,BTC,-3.4182134050900004
1161,d58bd8027cfe60edfe999a4ac08ba7dc,ETH,-954.6937117606001
1162,d61a944acd9ee24d5d142f6d15113515,ETH,-507.27818835612004
1163,d6956699f5da259ab25a1051ea4caf2e,ETH,-238.23490365562003
1164,d6abcdbec471a92a2f04e0139b00c856,BTC,-1282.8307684971999
1165,d77149a51e67e3bd99c81359d66b095d,BTC,0.0
1166,d82cff3eb5f74538e10aecc4f1416f78,LTC,-1965.799358663955
1167,d8641499a4e3b6b5383f8bc7d31b8997,BTC,-198.6297718649352
1168,d8641499a4e3b6b5383f8bc7d31b8997,LTC,-267.6085258886204
1169,d89f13e0eb3a57e8b3e364c1bb6c67d1,BTC,-0.0381337
1170,d950fee6e661665e36377c1d80677a2f,BTC,-1279.9482993118002
1171,d9970cb001e8f7ae85a7cec36f4ccec4,BTC,-1940.7423000000001
1172,d9b0e99060689d42dd22694a77820804,BTC,-263.73585543082004
1173,da1aaeb5e7b5a35f837533cfe1b1996e,BTC,-0.0237277
1174,da3bf248026c637a58badf9c7639c829,BTC,-2259.8983514188
1175,da3bf248026c637a58badf9c7639c829,ETH,-2945.4119885822297
1176,db09e52ea34b2a79b7410556efbba2b5,BTC,-1496.0943201819005
1177,db09e52ea34b2a79b7410556efbba2b5,ETH,-31234.19588068166
1178,db09e52ea34b2a79b7410556efbba2b5,LTC,-345.74
1179,db1d4fddddb1dab0868b52dfbbf383d2,BTC,-847.35474201108
1180,db1eefb821156e4ec8dc150db3d0c9df,BTC,-9040.8601724869
1181,db35e15252dfcd63d81188d61d167e57,BTC,-0.002537112
1182,dbb06c9aca1f54e80edd6fccab1f33d5,BTC,-0.031806827100000004
1183,dbbad4f8eeed39bdc953f9f76ce95fba,BTC,-34.918334353411
1184,dbdee3b221edcb297fa07ba96e811dbd,BTC,-0.76876690937
1185,dbdf77833ee48da25845672c57d4fa9a,BTC,-9.562902
1186,dbdf77833ee48da25845672c57d4fa9a,ETH,-5444.355113476848
1187,dbdf77833ee48da25845672c57d4fa9a,LTC,-1955.0303614357742
1188,dc51d769460b50803941d48eff7d8101,BTC,0.0
1189,dc51d769460b50803941d48eff7d8101,LTC,-113.4122591516
1190,dc840c190c00f213e2a7081b9cf428ab,BTC,-372.1691942445
1191,dc840c190c00f213e2a7081b9cf428ab,ETH,-376.4235137704201
1192,dc840c190c00f213e2a7081b9cf428ab,LTC,-258.530118468308
1193,dc90555b3bab0c7124429ab3cc90a13c,BTC,-0.36087883446
1194,dca18643ed6030c877d144c6deab5ab3,BTC,-101.21084338040001
1195,dcab8582184c64c03844171fbe00b909,BTC,-10.085878739999998
1196,dcab8582184c64c03844171fbe00b909,ETH,0.0
1197,dcc54fb9dca40a6729a6863ae9db6723,BTC,-4872.620191450764
1198,dcc54fb9dca40a6729a6863ae9db6723,ETH,-3258.46480465792
1199,dcc54fb9dca40a6729a6863ae9db6723,LTC,-566.6480571355704
1200,dccf44954b2cd7a7b563b3f96477df2a,BTC,-30.51523144
1201,dccf44954b2cd7a7b563b3f96477df2a,ETH,-375.01105720475
1202,dccf44954b2cd7a7b563b3f96477df2a,LTC,-493.438343531662
1203,dd1f6527d044877daa4d14452480a24e,BTC,-32.21049
1204,ddfac2b449a0c724cfc82e054ff8456b,BTC,-61.240928829800005
1205,de4ced9f42842ab5d8f1a81b5ee278b7,ETH,-820.468
1206,de4ced9f42842ab5d8f1a81b5ee278b7,LTC,-180.48616087846798
1207,de739739d3f9523c7ebf3b2197721cc2,BTC,-505.2262147380698
1208,deae0f169616e81d26fd61213c3874c6,ETH,0.0
1209,decb09cd4198abc679a637ae417a8700,BTC,-0.061688495999999995
1210,dfbc4227b3f28b9aea4e86e827e2415c,ETH,-160.85096274889997
1211,e00b2a34b92e8087783eedc573d13ba5,BTC,-0.9891763100000001
1212,e0916628d03f181e609bc1d1f5c55d02,ETH,-686.7566107
1213,e0a6cfa13eec972b25bf2e63a00ff669,BTC,-2.7619665492237
1214,e0ab8ebc2890ae6b1c3b1bdc5dff7ad9,BTC,-0.038763700000000005
1215,e118ee8d25b5834ab4e378d5379dc015,BTC,0.0
1216,e118ee8d25b5834ab4e378d5379dc015,ETH,-4.604583991029999
1217,e14cf4620db432a6dc677a58b7ab4c02,BTC,-251.45047207241
1218,e19fa6b6ebd2c8037c3ea7761d16c052,BTC,-109.0861517583
1219,e19fa6b6ebd2c8037c3ea7761d16c052,ETH,-152.39243781538
1220,e19fa6b6ebd2c8037c3ea7761d16c052,LTC,-138.049213702231
1221,e1ad0af538a29bee75481999f19a5518,BTC,-6724.307851072871
1222,e1ffc1a1abe20f5cd8f3cb502e04fc22,BTC,-1373.604697047
1223,e241c7391023479ad2511ed02d9ebe9c,BTC,-274.89470708700003
1224,e241c7391023479ad2511ed02d9ebe9c,ETH,-413.23456150440995
1225,e241c7391023479ad2511ed02d9ebe9c,LTC,-209.82504152534497
1226,e26f8786e4e0351a1c51e93f12671bec,BTC,-74.55192570732
1227,e27fbf0edd9905bcb86c4a1d9350d5fb,BTC,-183.50542966800003
1228,e2ad0c20390bc8deb97daed038af75eb,BTC,0.0
1229,e31f8b8c6d8b6f780b9d51a1d95bda61,BTC,-0.18451450622
1230,e32a56807ab3e71bb5e07f7ffc8c5174,BTC,-1884.9947
1231,e32a56807ab3e71bb5e07f7ffc8c5174,ETC,-38.0069109842525
1232,e354472f966f2e64b9e99d7bba02f004,BTC,-0.0224273
1233,e414837856e90e77a72fe05a4fa6f1b7,LTC,-435.5605476031931
1234,e42c2fb287dd5e68dbc8bb86e9fb6fb8,BTC,-79.008595752
1235,e4c191a24422031d5be30f15d224a517,BTC,-9565.074999999999
1236,e4fc01c4043df92fa0d9866026c4c926,BTC,0.0
1237,e50fba45a9cafb5b93e3514690eee96e,BTC,-0.008285780000000003
1238,e576f6922be3b0a35555e700f405743b,BTC,-9015.287357600004
1239,e57eb591f472416f122cf1ae5a39d27e,BTC,-1669.607574523738
1240,e57eb591f472416f122cf1ae5a39d27e,LTC,-2.664376818114
1241,e58712a622836e57ee537c3dff1cf59d,BTC,-150350.92123670515
1242,e65f276eadfe9cc9a8ef39ad654a0276,BTC,-0.039241000000000005
1243,e6b16db2b4f70b9e1bb6e90583abf4ae,ETH,-203.79517123757998
1244,e6cfb9a08917a6487c7c167e1b439432,BTC,-21.05091269834
1245,e6e43c05c76352907322f043d222595e,BTC,-0.0464106
1246,e70316628440dd4eba3f2e1a11ef0cfc,BTC,-248.48847296230002
1247,e70316628440dd4eba3f2e1a11ef0cfc,ETH,-121.07228357230998
1248,e70316628440dd4eba3f2e1a11ef0cfc,LTC,-119.92605511768699
1249,e724e21cbf649c4f3c55365a62e8ce05,BTC,-0.0006808117999897408
1250,e73207d88e1df3580e425f9e868b8fba,BTC,0.0
1251,e732281a7f72f6d047ed9bf9eb3ab798,BTC,-5102.2376757443235
1252,e759358bf89c95ecd78b1188af5608cb,BTC,0.0
1253,e75be4d635b2bc5dea495feba67a04cc,BTC,-184.37501492422922
1254,e75be4d635b2bc5dea495feba67a04cc,ETH,-168.62759551585998
1255,e75be4d635b2bc5dea495feba67a04cc,LTC,-326.338833485412
1256,e7b5b8a06b7aada57eb8be69c3b4e879,BTC,-0.99775231
1257,e7b8c22b6ee1799d212ac77a049d2da6,LTC,-93.34
1258,e7e046b40f0547c7757b76d52c64c888,BTC,-109.73781323500002
1259,e7e046b40f0547c7757b76d52c64c888,ETH,-8.790504846500001
1260,e80b7ced23a9144d29c8d9ca2b8ac003,BTC,-16.89899673109
1261,e860c1f7ee8c4ac2d1d1b060c93b2b44,BTC,-1393.9209672387701
1262,e86b9b54c39f982e6d83230ba6109d9d,BTC,0.0
1263,e8da57cf4944935892307a0e05905e9d,BTC,-1015.81724115311
1264,e9061e742c891177a35a99df67b24ae9,BTC,-0.0433122
1265,e90b32bea4736a5587cf1a682880e0a3,BTC,-0.15990321606000002
1266,e921f94e5e1943a6185518751eda618e,BTC,-4.4980355194
1267,e9c1f60cd8df84c4874113c396404a08,BTC,-294.633842490928
1268,e9d7271281d543743df3e602dd7fc9d0,BTC,0.0
1269,ea366c7f0e2957168fcf8f004fa7020d,BTC,-22185.913486928963
1270,ea366c7f0e2957168fcf8f004fa7020d,ETH,-2494.6185670549794
1271,ea366c7f0e2957168fcf8f004fa7020d,LTC,-4414.3071897
1272,ea3dc4d727c51f5ea6fce7b0c9cd242b,BTC,-0.0240463
1273,ea43c111fa7e94d9d9a1d6a5fb2870ce,BTC,-0.1450184343
1274,ea7193e4474d44645e6cfcc130e66a8f,BTC,-242.911834173919
1275,ea9e5eb54136731cfaf64e54ada5910d,BTC,-0.10503277762
1276,eacd74ee5c85c80a4a3b2122b7e81ade,BTC,-0.9849913596600001
1277,eb39be12c6671473b98b8bb0f55df655,BTC,-0.025383000000000003
1278,eba6382245f2a8792f1d6cd85c292b48,BTC,-0.0408952
1279,ebbe76fcb37c6eeeed487bd4e560e075,BTC,-0.12626672249999998
1280,ebfc7b0602788d9a9458ee9cd2b67b27,BTC,-10.0026432
1281,ebfc7b0602788d9a9458ee9cd2b67b27,ETH,-14740.093304299538
1282,ebfc7b0602788d9a9458ee9cd2b67b27,LTC,-2905.8433241857115
1283,ec3c20fb430620c9ef458a7f5e227061,BTC,-9.780686415
1284,ec700e24268e0c205e452de0d6e8194d,BTC,-0.023018
1285,ed7fd6b093a396f4ebb9f1f397a6d339,BTC,-93.5944782419381
1286,ee11246b0101704ff04ef97a9f12ecc6,BTC,-1.8909674421281794e-16
1287,ee5b289d9a94e2782ea207b8f27c79aa,BTC,-691.70448457621
1288,ee80cbb1adbfa3cbed60223546079777,BTC,-131.06320781442992
1289,ee87996524253e58d8db3b0e65c5ff71,BTC,0.0
1290,eea24036a803bc05c4872466d6674711,BTC,-1398.5823447630598
1291,eeafd0228b5746e30bed32667e82ad1c,BTC,-625.41556616258
1292,eeb8a267087febaf2710b536c1c1f099,ETH,-4036.21117564654
1293,eed2c16a661c7882dad4e889752403bc,BTC,-1282.8717804036
1294,eed2c16a661c7882dad4e889752403bc,ETH,-1519.5570332285
1295,eed2c16a661c7882dad4e889752403bc,LTC,-1084.2896331028
1296,eed9ebf46eaf11287120bd13d9e22e36,BTC,-22.56352667490001
1297,eeea5fd508bc66d70420323ede748adb,BTC,-500.501589
1298,efa4bff874eba47b59e2f3f9033c2842,BTC,-11.14126466812
1299,efbe27f0b360a78f200e9c2147cb8299,BTC,-0.0237096
1300,f05487fb5c2165b0a4237e917e358f40,BTC,-580.1633900948
1301,f05487fb5c2165b0a4237e917e358f40,LTC,-123.623207307308
1302,f08b1f27e3fe9ee13380726756335942,BTC,-0.027059600000000003
1303,f08fac1e6e09d095980312b75a65fb72,BTC,-0.9334908000000001
1304,f0d996d63982b988889c6735e4fc5450,BTC,-77.826262806
1305,f1233fdfc0459aaff8a94c3c02636f9a,BTC,-1835.4464626265053
1306,f1233fdfc0459aaff8a94c3c02636f9a,ETH,-524.93623532374
1307,f14a85b26512997ddae7f8cd2ffca934,BTC,-0.979672302
1308,f1541c940807014f685c6b7b796d3727,BTC,-96.379504698
1309,f1541c940807014f685c6b7b796d3727,ETH,-641.6844483526801
1310,f1541c940807014f685c6b7b796d3727,LTC,-9.39773725527
1311,f190f15dbd8686fc9158d247c09189fe,BTC,-215.4894692989
1312,f190f15dbd8686fc9158d247c09189fe,ETH,-298.479483463908
1313,f190f15dbd8686fc9158d247c09189fe,LTC,-149.915271489013
1314,f1abb5b0d6daea0b87556778b0192c89,BTC,-0.0434394
1315,f1c41199fd8c53fc25a7c88e93288dea,ETH,-285.838
1316,f217e3b3bf80478d9e20a7af394c22c6,BTC,0.0
1317,f267cb49d34b72f01952fbe073b37bce,BTC,-0.037989
1318,f2ac4666a373e5515e67122355b343f2,BTC,-0.0464106
1319,f2dda455594d249726a1c7ab07517efb,BTC,-9529.39471549
1320,f2e726a859423f29c944a2e86d7ef53a,BTC,-757.012545649
1321,f2f794290977b2ca63bef2447cc04d5c,BTC,-117.42498313280001
1322,f2f794290977b2ca63bef2447cc04d5c,ETH,-252.66624813624298
1323,f2f794290977b2ca63bef2447cc04d5c,LTC,-152.54854121550034
1324,f33033aaac710bf402f34c1ef9ddea4a,BTC,-770.5181361242
1325,f34068b6b53a6c6e053ac2a116fa76af,BTC,-163.10670644720622
1326,f3a7da431ec5c9abc1913d16c89ebe28,BTC,-3986.164
1327,f3d9a6878a48c6bd7e878c432f7125b1,BTC,-1.05639631286
1328,f442a9f2a5df0f39e7941974ceabfbb9,BTC,-3.80340211387
1329,f4459c34d8c8e538845e305e7efbfb8a,BTC,-6.1501501702
1330,f49bbae5e042a05769227c24faa11f91,BTC,-0.0208616102
1331,f4d8b3571ea3e0818e2fb7f728f77672,ETH,-803.2324436047501
1332,f4f3e3731374589cfb33976465896799,BTC,-1326.59
1333,f508e4eae5480514ea3e13f730832fc1,BTC,-943.3099138840199
1334,f538ef41a8ebbadaf3ebccd14da2e52a,BTC,-0.00109264
1335,f555ece5c0848efcb140c1195c22328e,BTC,-123.76820502466
1336,f5621b3739429eec89869e32149b6ebd,BTC,-1.02086556384
1337,f5850af92222466710b25e03a904189b,BTC,-55.68855696226
1338,f5a59955e64c7ecc508218c8579bfb1d,BTC,-672.6952646210999
1339,f5a59955e64c7ecc508218c8579bfb1d,ETH,-995.495122748584
1340,f5a59955e64c7ecc508218c8579bfb1d,LTC,-721.7280251728059
1341,f61fd9f924acee91f2ee1f61ca24371e,BTC,-0.037989
1342,f6258426715df2724e664d8f97f2c44b,ETH,-458.58504320998
1343,f6258426715df2724e664d8f97f2c44b,LTC,-1244.2342016620569
1344,f6373797deaf231b8118687fc7e8c538,BTC,-178.86759060435
1345,f66f896852779eae11ea4693b735b3fd,BTC,-1.008522976
1346,f6b56b1de9190cd961755cf462c5ddfe,BTC,-322.06379119999997
1347,f6cb0737989652dada910754f6cd93ff,BTC,-0.023927859179999997
1348,f70c6341aeedda2368c274a6211156a2,BTC,-7589.804510707998
1349,f70c6341aeedda2368c274a6211156a2,ETH,-156103.01330067197
1350,f70c6341aeedda2368c274a6211156a2,LTC,-0.41536368425698866
1351,f74ba2e0f1bb7ccd95b42c6ab2134ce4,BTC,-0.039241000000000005
1352,f8084cd7ad5b3f4d7e99219eb222ca94,BTC,-3537.9878938786896
1353,f83ab2cff478c3a52e55ef4e16657f42,BTC,-0.09644154450000683
1354,f8702f9044e4fb95684d5c1788bf5d79,BTC,-150.5385591662
1355,f8702f9044e4fb95684d5c1788bf5d79,ETH,-190.11205133635
1356,f8702f9044e4fb95684d5c1788bf5d79,LTC,-148.776074624152
1357,f8e2961d207af649a9cfdb9e0472ca20,BTC,-95.70922651293498
1358,f910baf29aff1495c30260e0dd6749b4,BTC,-15.559658928700031
1359,f914870c171e1e796e2a7815f451ae9e,BTC,-3636.8067475579396
1360,f92c8a00bac03497922aeb8de4d415e5,BTC,-0.9997088000000001
1361,f9da07d605a2b7e6653342c4f1301441,ETH,-10.33703316276
1362,fa24dada2d90cc6f6a960303ae7c2329,BTC,-495.86332486955996
1363,fa6e4f17ac7306e0513096294d620938,BTC,-0.0229689
1364,fbc6fd7ef565c668eb7e7a2c7d692078,BTC,-145.38008468867002
1365,fc1dda05e601e83604692dde314fd3a4,BTC,-55.73006836284001
1366,fc8012bb606724ac1e60451126e49ca1,BTC,-13236.713524686858
1367,fc8012bb606724ac1e60451126e49ca1,ETH,-1811.259325852
1368,fc8012bb606724ac1e60451126e49ca1,LTC,-1528.4955316341072
1369,fc973b1170853b6849dad1d20a521f9b,BTC,-6008.159635332489
1370,fd48ba6fba9161af68a1391ac30d85a9,BTC,-223.8918451609
1371,fd818001b33bc1ae7046f401769f11b6,BTC,-1120.6178408463
1372,fe4eecc21723cd64859ba969ce7b0e26,BTC,-0.0269045
1373,fe99aa0ea147f620046b071490b7c984,BTC,-0.0260974
1374,ff04cd6c23d27b7f656f6dcdeb54c113,BTC,0.0
1375,ff5db1be03c107913eb6b4a0c115ba33,BTC,-0.0360628
1376,ffad798bfe79dcf90a2b3ad0412bc8ac,BTC,-0.008795563800000942
1377,ffbe66e9facf39781fd2c6e8b0f05af0,BTC,-0.17155013140000003
1378,fffecf625f9b53bc7a0f2e3ce5589b27,BTC,-0.0417869
