,ACCOUNT_ID,CURRENCY_TYPE,Aggregate_Amount_In_Wallet
0,0042dfbc7cf8c6792238a3a26b08cb82,ETH,-2.2128691146399855
1,004ea8c1e77f514c929608a7b64f3154,BTC,-1.04873744468
2,00933f73f7f29ec5cf2fc878a2c33f0a,BTC,0.0
3,009aa4a96d37e6478a6cfe218075bec2,BTC,-634.49558760975
4,00a98554299be4a0cb650c523c295553,BTC,-15.292730045539999
5,00ce08242dffdf228fb4db0c9c1edf46,BTC,-12.007992699999999
6,00e32be9424801b7434f5464f3715a98,BTC,-536.2572578084371
7,0106a158591861adb956113be96234da,BTC,-1494.2963538015001
8,012a32d1dc1948c1dbd278cdd42d0102,BTC,-7.089745665599996
9,014653b27187340568c22ab26956aba6,BTC,-7953.569296859531
10,020418ae7010c2e2edce288f99fd1269,ETH,-86.47450758505
11,025266de11bf734f2f47e29bc317697e,LTC,-2413.685783143448
12,02545f67109049ed47e8dc2ce2d1d072,ETH,-513.46061334833
13,025ef561a7e01acc92eb066c7ec8da99,BTC,-0.274403
14,026e8da592fcb73e0898f58a1cbb3d97,LTC,-1030.95
15,0277753714e1429d423cd68d80071f59,ETH,-11607.758259903265
16,0283bb650e3cda63b20b195089d71a09,BTC,-0.9240198075000019
17,028f919d30c754a55186801ccb9aa43a,ETH,-2649.1020726396664
18,029d1279a452435c762dd7f67560061c,LTC,-53.227101316602
19,02d071858d4c70658a4869781116d148,BTC,-502.57827348422
20,02f4fbbdc7829d4480ac729f5d952610,BTC,-0.0371419
21,030e98e818b0abbbb22beade6e8f4bd9,LTC,-293.273038006281
22,03cccc88856b8efe76e3aa79bcd5d9b9,BTC,-6008.159635332489
23,03ccfcce479620a4c7f63dcf2a7a31d2,ETH,-1536.0058
24,03e95d1e0fb5fb2478ff2b480092bd70,BTC,-0.0380316
25,03e9de4513c4f16b3f83913e65071364,BTC,-117.42498313280001
26,04017fb338c75ba1db981cc860640b6d,LTC,-326.338833485412
27,043b0703fca92d6801f1c84ac9b6ed25,ETH,-279.4990072545671
28,04695544275742dab462910341306c8c,BTC,-0.2847498623999958
29,047c57b1a6c5f30be6fba235dc4eae1b,BTC,-0.0403198
30,050915a41a1f3e7edc032104afaf7f18,BTC,0.0
31,05354d29a9d37100137a814c034350fd,BTC,-4004.2925240681
32,0542cac1179c5ac9dd35293ac5ee1b17,BTC,-0.0225827
33,05515facbc07443942375e3d8d830ecf,ETH,-2795.2862580638503
34,0589291f31d1ec88600091da60b912a4,ETH,-317.526274493129
35,05a1c6a2d19bea7c3f74c88d56f92f15,ETH,0.0
36,05ad758d8ca296e47f9b36bfcbea4345,BTC,-4.292164128420001
37,05b6e6ee77ca5545130917c7d23c75c3,BTC,-0.00082945
38,05e2b1dc6d66619873aaddb6578b9e22,BTC,-15.350281536979997
39,060acad6e49bb65204564af7b26a19d4,BTC,-49.565342460000004
40,06586dd40ca823cf44c4505846a005ce,BTC,-431.8197500936
41,065b077bc8a3a5a8cc2d8384e6edbed1,BTC,-54.912732219999995
42,06941e97cc2445a33b8728c812fddc4c,ETH,-278.46450379096
43,06c0487b11bbf3a5743187adf1a8f94d,LTC,-140.4084
44,06ccbe8726a8695044068266daa34068,BTC,-17.409568848
45,06e10857fb6b6d8ad228722c3b775c76,BTC,-8.26e-05
46,06e77e01d2972ac7a6adfb2b40f7e328,BTC,-0.023065600000000002
47,06ee64e6e310b5109c369539e66fe634,BTC,-0.0403198
48,06f324a8f10e7f0ac90f3548267a9b9b,BTC,-22.5355651208
49,071f17d3d5dd948dd43444b1321c2dbb,BTC,-1393.9209672387701
50,0750a4423a53f6eb7a65bdf8d7140077,ETH,-18618.36583166405
51,075217a751ae5d8d978224e8c804dfee,LTC,0.0
52,0757c565fe0aef66f5f1240f871b471b,ETH,-1819.1209051120002
53,07608fb92084697f30a6659a727d4ab3,BTC,0.0
54,077aada2fa2153ad3c729755fc514279,BTC,-300.77440095954
55,07addf20a5d0d55714cafd206e044644,BTC,-204.5914717499999
56,07b3c4dc790a0f27203a542a530ae0fd,BTC,-150.5385591662
57,07d81690e4ef3eb635932ddcfe1cfb0c,BTC,-510.54301332269995
58,0813da82a58038847be3d07abab37a7c,BTC,-0.021505000000000003
59,0869fdedebb4c9639336e6f80cecacb0,BTC,0.0
60,086c0164857620c5550dd70e55856aa9,ETH,-28.14862025995001
61,086e848cdac434886e025c916d8a824d,BTC,-743.087436203
62,08aa96a9d2252e77b9a4a8c56e59bdbd,BTC,-46.72507783078171
63,08c629c3288f73c3ce351bb959a4b557,BTC,-495.86332486955996
64,08cde8c99e0e06da3e09b9afa1550ccf,ETH,-15813.576321253862
65,08e6571bbdf6637b2afe3905a565c85f,BTC,0.0
66,08f7c7f38f5f1e819eeb0ce459707106,ETH,-173.65469344153
67,08f987607bdac4de3ab7073db6497376,ETH,-193.34587382112002
68,09024caaccee91ce886181ea3b9d13ed,LTC,-132.0154
69,090c4b4e01e6f1761e4d74b37dee456c,BTC,-110.01788798259999
70,091282825a40fb68628797716c1d4ab6,ETH,-633.4384286212301
71,0914c1b544bb8043da7a4ac50b73cc95,BTC,-1669.7665899767999
72,09452a955482c11d9060ee470a3c188f,BTC,-0.042178
73,095ee8adf2b0142e9631cfc2d3c5d24b,BTC,-0.0403198
74,097c52f7e7bc950ccfb330a4176a964b,ETH,-30552.938737262055
75,09a979c2821a278dd3a896a393095cf6,LTC,-484.319542923762
76,0a4a3399dac016b003ce1ba300ae9db5,ETH,-154.27605905936002
77,0a5e0c105426d5c2a730fcbcc62ce3af,BTC,-53.97541562490001
78,0a6c16371d046154a055dc2b3e8b942e,BTC,-51.39301555815
79,0b12941205fc11c013c54dcb46e84043,LTC,-51.52064325971901
80,0b854be49d9ccb72f637afec83d148ad,ETH,-540.1966033240101
81,0b8cb3b35bb23d0b010aa8f3a99e0a36,BTC,-103.172260675
82,0ba0f1aa87d03ebd9e3ed1e44da03bc2,LTC,-4322.530290640948
83,0bbf26371a1bbaa55b79b554978b4276,BTC,0.0
84,0bdc2980e3f54eb6e5f70f763c4c322c,BTC,-1.00861562
85,0bf9521f5e594565b68f6a87843aa67f,ETH,-3.0522793602930003
86,0bfa4c26a61a28d3b54a74a0f0f9f02e,ETH,-507.27818835612004
87,0c8a240de0dd6ea3cab5295b1db1f84e,BTC,-0.07938952998
88,0ca76268c59dffe39617e56d0135b03a,ETH,-679.23756897944
89,0d0a42380c582c265253073564fd239b,BTC,-0.0247289
90,0d0d76b6aa5f79e3685218f3b24a245b,BTC,-24.81071799643
91,0d34b0cae4f7602ced30d2bd3200369d,BTC,-0.0403198
92,0d5613502337be16fbc4c17479c567e1,ETH,-65674.44934634551
93,0d5cf89d561df33dae1252215421d6c4,LTC,-1965.799358663955
94,0d754beeb4239574342b136a383110ff,BTC,-9.886357942699998
95,0da232720a44bff9236112c81bd03134,LTC,-0.41536368425698866
96,0e2103490502f6680e2db86b23c15634,BTC,-2115.2302390481495
97,0e4b741b41b5b0ec7ae681a3d48879cb,BTC,-2673.8313113292
98,0e5fded511ded60d2807c18bf5de3a3a,ETH,-20919.165400049842
99,0ea0e2a7b6d03c6a945165d326062296,BTC,-0.41395267441000005
100,0eb74eb4ede057f8eb8b5f3af33b033d,BTC,-1870.3589265287505
101,0efdbb057b98fbf14538dbf132ec124e,BTC,-1729.6000520233913
102,0efde70de00f34d7b7fa24104f5d6af9,ETH,0.0
103,0f3e4b59f2452fa26b610bf2eb26cb09,BTC,-2397.3623753709003
104,0f63161b537c2fa5eb243f15fc1ce3e5,BTC,-0.9997088000000001
105,0f6857a7a2d89ddc0fd2822464f8e253,ETH,-740.07995053427
106,0f8bac270001e6bfdb2c1c1be23ed11e,BTC,-0.027059600000000003
107,100cf4946faca89c0dc26a8d65e352bc,BTC,-15755.245297471665
108,10153093ccd46ff2bcf8974a1a14f26a,ETH,-62.28864288496
109,101531c4a506d6da26deafcdc779b63d,BTC,-141.9740935876
110,102bda2b144551ed351269d6a35aed45,BTC,-155.06703
111,1031f19d2d7b3421d573b98c23f7797f,LTC,-1593.5986160335729
112,104e1f1e0b79b65b304fa017380baa72,BTC,-7558.161840015509
113,1060a270ae340cf8a6a05fd9c988b937,BTC,-9.90275688
114,108a594d7bb9e1d259fb615550f17ea5,LTC,-852.6555
115,108a93cf15d7af24ce43a3ba066e8b0d,ETH,-421.82512027919995
116,10da5ba7c0c94c80c67811bea31b014a,BTC,-228.414
117,11386078a5648298202929293c64bfb6,LTC,-5274.2348948878225
118,114c1657e7872891b1828692f761291a,BTC,-5.281295216399992
119,114fc48d071b1d50f10d93e5d4408d04,BTC,-80.2556704737
120,118c148ac826db183d833e01bdde023b,BTC,-0.0434394
121,11bb7ff4f19d6953f117b5e417e9c026,ETH,-686.7566107
122,11e0450168477f7eb3a236df247ff0a1,ETH,-111.10500945198
123,11e9d7e574fe9ff1620c22ed3b56f9e4,LTC,-171.42660445735999
124,1210e574df66420ed9ab26a2cb4f58a9,BTC,-412.34135519785997
125,121ce88f21edd6b520ee46aca51d9b78,BTC,-205.38898364
126,122139933c03e5b402b1560b4669a9be,BTC,-234.073464
127,124b0ece755e785433729ef647bd9d53,BTC,-9763.72003855462
128,127063b11b7e9dc0ea3e3a709042beeb,BTC,-20.02509419515
129,12770202575af97eae2f2bd630f64f69,BTC,-1327.8597867910103
130,1283024c4abf20d997a5abb10522b612,BTC,-0.0229689
131,1331b134e589d6d52941a3ee40e054ba,BTC,-0.7418688353100055
132,133227ddd21a741d23c324d9e1e5b575,BTC,-0.0293156
133,134d14bc39d51e909e175b4457e8e1af,BTC,-2.4345240010475698e-05
134,1364a6f3b0b49fe171caf61b0bdf525a,BTC,-9.9960822
135,13ac2f54ab6294ac9b225b0450fe155c,ETH,-4629.19491916472
136,150caad67bf76cded2a7d4938b753657,BTC,-89174.8264111075
137,153bb275871c1869e37964a160ae1052,ETH,-3939.615433711222
138,15731bed5ae3494acdd83348c36761ab,ETH,-1149.34950044444
139,1586ed9819a8c082eeb89141e938b6f5,BTC,-747.3497406969001
140,15d918275e3001dcb5e95e1bf5547a05,BTC,-95.12076242391636
141,165128d2c61d21067a5481114f8a98ac,LTC,-892.2079318796
142,166a7bb851ad2c3b61947b45a0f481d1,LTC,-303.840808322025
143,1672bd702c8b135a4f506bc6784f9da4,BTC,-0.044337485999999995
144,16b576117facc61c727b735b9d42519e,BTC,-0.023654900000000003
145,16b8e822a512ce4f088a41765618529e,BTC,-0.006831439999999999
146,16c0c9bd15ae73c0b8a1a60bed371e83,BTC,0.0
147,16c77d38d5a4e180f39953283bf477fb,ETH,-181.31790079486
148,16d319321c8f7d737e4c446debfbef7b,BTC,-2.6339513199999995
149,16f819353312ef3fb956e45eb775c7e1,LTC,-6818.444004103458
150,170fd40bf89a25e83586079d8f01ced8,BTC,-3667.651
151,171143599dcc6f1bc18a36db7d53ca6c,ETH,0.0
152,1769f0abb121b3c6112c6989949a0b4f,BTC,-2784.1541259337
153,179dc6a28233d386ccdf8a74292c826a,BTC,0.0
154,17a637cb777f70dc62e10050da84ec24,BTC,-47.4049
155,17ff1088f9e4ec4aff029450426ca5d5,BTC,-0.038763700000000005
156,17ff346c68ab9f7ee15ecad6390a504e,LTC,-848.60082889127
157,18492cc3d3b17e9db5ecd8e7d347e8cb,BTC,-2.505463984499995
158,189da67cf78e78796d274cf0511fd00e,BTC,-0.76876690937
159,189edd18a999ee5dcf72b6553097ce22,BTC,-137.594739744
160,197bba269bf2a8c4c284c44367aa70ce,BTC,-24.0404051183
161,19b6fe27433fa188ac0957e67331e368,BTC,-19.82434121932
162,19b8e6d9c98d468ca690c46a7b4869ff,BTC,-0.10472400000000001
163,1a28fce9a098c297e87815bd24f12007,BTC,-34.918334353411
164,1a6f64d0f93593b5a0546208e74f1ace,BTC,-0.0453353
165,1a7000ddd25f57f2e27812239b24f3c7,LTC,-53.100838820908685
166,1a8ac4896517dbe6e89498ba06170a19,BTC,-8.294500000000001
167,1ad1c8e7468c4a8bc6d770cb2a2e96da,LTC,-13293.238408352809
168,1aea78e43963813bbab9b2da0e706151,LTC,-514.6922838280699
169,1b03084adb387957683f2f703c48e1b7,ETH,-1088.11172196
170,1b591acaceed6283cf8b313498b368fc,BTC,-157.8447255523144
171,1bb33dba859674d2cdb341ba9e57bf64,BTC,-1.8909674421281794e-16
172,1c3d7aceecb9ab5b98dbd8edde4d801a,BTC,-3471.2631462358595
173,1c4ede631282eec0953cba49dfcc86b2,ETH,-414.49287981802
174,1c6fcf78e5a1621cf63a9837ec8a786c,BTC,-9.562902
175,1c8d8c6e62968c9502c8adf29ab6a6f7,ETH,-376.4235137704201
176,1cca228a45163757ce601dfe5fb2afdd,BTC,-15.51459
177,1cdcbfa25efbddf6871a325cf4702312,ETH,-674.7565366311949
178,1ce56f9bb71335046c524b6cc5336e52,BTC,-61.6254903372
179,1cf5b07644bbd8cc1023d56194975072,ETH,0.0
180,1d5de7a0e8e45451ab50ffd6082a3b55,BTC,-14635.0197053419
181,1d61377de49a581f2171bebe83abb710,BTC,-0.0240525
182,1d693ed10d1a66b6e74db3bbc2c674a6,BTC,-222.76137227106
183,1d6fcf3bdba8bcb06b2df26e7435d7af,ETH,-3711.23027983195
184,1d86d538bf19b29167936072b27e8397,ETH,-2035.42443297203
185,1dddc81b59eadbe8b1a2afa9ba740746,BTC,0.0
186,1dfaf6dcf36f150a04ebf495453eabaf,BTC,-1373.604697047
187,1e2eee87cf4d3cc93adcc6c06d80e44a,LTC,-0.3493499766551266
188,1e925afc5d6954e002b92386878d667f,BTC,-30132.043955653804
189,1eb4d6b2907eac85a97c0d89cc8783cd,BTC,-11.447999232640008
190,1ef6858f72ba672c51bb40db7ef87388,ETH,-472.74800000000005
191,1f2f096df52b87e556cd152d74c3a5e6,ETH,-143.042948
192,2046f98d73e41777f2404e36257d2930,LTC,-132.089315770754
193,20702b66b4703286aaa7268ce8de03be,BTC,0.0
194,20b42c4ff99b75c19df9bcefaac835f5,BTC,-11040.751859829306
195,20ceabffb506b217630b00679192b019,BTC,0.0
196,20f0dec5512e490d190967d2740f5913,BTC,-5.130962761829999
197,21148d24bd8067730c51b9ebcb1574b6,BTC,-107.23250934407999
198,2150c7578635a830a87c1b5f1a0d487e,BTC,-47.986007929719996
199,2167e233dd5a24de44070f6f40fa9ebf,BTC,-1282.8717804036
200,2175813ffb9799b658e9b3af3950f9f5,BTC,-0.50825546835
201,21929a20a18b3d3b073fa3e55e05a8f8,ETH,-1.281031082
202,2202bf80ec6410ccc0a58d74442c6646,BTC,-18.753335793499996
203,221b3e24baaa77d642a39c2e74fb8c0c,ETH,0.0
204,221f0cef6be86573cb6819edafcab3be,BTC,-10.02755208
205,225be05876002924eb4aedb890973782,LTC,-496.0502507525243
206,22e888e4a45c248a985d9d6510082948,LTC,-475.869
207,22ee87f0f1241a627650b8b9fcb45319,LTC,-100.198891424625
208,2368a3adbb3df261f59b4b86c26c69b5,ETH,-156103.01330067197
209,23ce3a405b113c511723c5919782019f,BTC,-4510.40032484392
210,23e3643c8c96c508089fa1c3d6e0a34d,BTC,-274.89470708700003
211,23eb445cdd5cb6ecdf72a9e55cb4e51a,ETH,0.0
212,240b5826f3a2c0f822ded8eebad42feb,BTC,-20.45454180816122
213,241480e9ee1e6dc94b040f6d3314bfa8,BTC,0.0
214,24935ba850f6103026293257b743edd7,BTC,-254278.58875414156
215,24d17b345c6cf6692337fd86625fcce0,BTC,-26.4669257355
216,24e16da5576d192f3dd27e65134235ae,BTC,-0.06344859
217,250b4f3a8019d5a85b0434811f4d4949,LTC,-642.089138605472
218,254ef8fcb891b56e4b71d8960ec06015,ETH,-10.23011173902
219,255765bf807b51739edefff74710835e,BTC,-22185.913486928963
220,255a6a7459c539af75d156a41af5ed21,BTC,-2.0740238161000017
221,25ccde5bf3daf5ec691d7fee6d559b52,ETH,-1189.3297251953
222,25d53ec0732485872df33bf7d9a38dce,BTC,-9565.074999999999
223,261807217302568f10fde001fd7a5db5,LTC,-566.6480571355704
224,2625647cc42f4327d793bf31cb4503f9,BTC,-58.790911148000006
225,2682b77a158652c16d91e359a6709e34,ETH,-152.39243781538
226,26a7ed02ad2bb1f710a10be995e33ab6,BTC,-7.466441175400041
227,26bc50f699d88890e51be841ff92c8fb,BTC,-293.73875955619997
228,270de1a8cba184e7c0c854f7801ee21b,BTC,-0.039241000000000005
229,275457adf5a3d96caf9924597cd581f6,ETH,-5706.665599999999
230,27a998cb030155a151a8df0944eebdfa,BTC,-6.09320058582
231,27ea96a7ed32048d62695a4920a351e4,BTC,-0.12830240000000143
232,27efd534afdafc361a74ef934ed5d95c,BTC,0.0
233,287b3ff9e7fd357ddd16561cbd85ab24,ETH,-0.952782
234,28faa823684789fa3040a5961ad9f845,BTC,-8.3173799192
235,28fd9308ad9129fcb2c3b917a6f9afd8,ETH,-15.99300520568
236,290025af3bd3dba70ba35daeb4581b92,BTC,-431.5765468517299
237,2933313d84b850cd48338bf37216dd8b,LTC,-353.37861089176704
238,29b89e3e6f5f00f6e038ae9b5240fad8,LTC,-608.0435952324759
239,2a6380fba9d63e9236562122b0da161a,ETH,-260.99702726144
240,2a68e5d6a52bb6c67da2035a06055233,BTC,-6546.224110633999
241,2a7aca0c5e79a97d6d62e1ed2b25c207,BTC,0.0
242,2a905065dc4b350c4ee5ee9e3fa94c59,BTC,-35.715680875800004
243,2a9421de1b940a5c58d045b93d5a79b5,BTC,0.0
244,2acb2022763644b78736f2b283d8c97b,ETH,-8.79856930044
245,2b08e5e24bd3e8558fcc1d0968bb755a,LTC,-1449.3463663106238
246,2b53242bfdf8a37a45e2f7984d3765fc,BTC,-0.0271818
247,2b79b8867c7706562582032b261b689a,BTC,-1.022321564
248,2ba792cb30c261bd4ecb2918808cc3a3,BTC,-10588.466542909768
249,2bda71c23a24c7ef00d6061be6c68b01,BTC,-1.047815232
250,2c4492f7a96f79449183ecc1a8d22107,BTC,-198.1213666777
251,2c996f83a7a055fac2e6ba711f7448b8,ETH,-995.495122748584
252,2d223de2138ffc0bddb5deb9f198f8cc,BTC,-13.334220000000002
253,2d23c880f3b900057495a310878b74c3,BTC,-0.47083473719
254,2d25aef380777fe503d69ddf62999f11,LTC,-10296.698231635712
255,2d2bd86a63d454fc71c09f2bafaea52a,ETH,-1915.30270257016
256,2d2bdb13ff3e7bbf785628b8e6da2a3e,BTC,-0.061688495999999995
257,2d300064dd6ce95a9df572184f94ae35,BTC,-9918.06663632792
258,2d3d443312e866108b70f1e1a067aa5e,BTC,0.0
259,2d665c874631a723c52aa85654dad8cb,BTC,-0.0381337
260,2dc7380cd26f25bfbbfc8027ec725036,BTC,-0.022365600000000003
261,2df36100dd612142fa305de683a3decf,BTC,-55.73006836284001
262,2e1916fc7d1f4900709c21bf12a59ba0,LTC,-1250.091355564699
263,2e41686bc8e1c45048b8012dcd3e5cb0,BTC,-0.0338853
264,2e9541c5d7a777500f78bd2412593824,BTC,-43.86952038105902
265,2e9e189e7ff8b9691e69f0766a657833,ETH,-488.56952091497
266,2eba8872320e3541c7861990ad6fd68a,ETH,-390.64085228755
267,2ed37367ad1648fcb8bd6cc3f61aad44,BTC,-1304.7141875464997
268,2f1db387b44bdbfd08d3788f569d3e4f,BTC,-1282.8307684971999
269,2f23cbd1c46b27c7aa597b677424b229,BTC,-643.8595373605
270,2f2fb5fd95240023b7661b9e37de0ddf,BTC,-4811.858338071524
271,2f49960d2f087fde9b9e90c20eb13d58,BTC,-2.012136
272,2f73662353cc14cb72f70ed6b7967e07,LTC,-2194.8055
273,2f9fd1424bc225bdef9aa89de0b389c1,BTC,-0.00024773159999999994
274,2faa2020985b5db1f01c5b4161ba8bbc,BTC,-1.2227611584
275,2fcfa8c608f7a7cbf5479e59763a8fba,BTC,-0.1761820471
276,2fe51a9f47c02021042ccdae00d81504,LTC,-103.649129194
277,30c4ea69ed0b144de440513e2076f651,ETH,-623.4122279697316
278,30dedcabc503c294e16078d6e4116c08,BTC,-1104.928
279,317f59faf0f3b9a1986494875e3af738,ETH,-357.005545236884
280,3198385f7cdbc902347d1b65a13f68fa,BTC,-21.05091269834
281,31b2c42e152e9013565d31cd3d88d1eb,BTC,0.0
282,31bee0c0ca5cc0d897f49d1f771c5e68,LTC,-324.7568583746763
283,3211844400c1884a1dd3ff63ddb584a0,ETH,-641.6844483526801
284,3271e1311c02786e29e773172429b83b,BTC,-79.5583696572
285,32790d4de8d05ecb82b8b08f2c225ec7,LTC,-4541.562346763006
286,328d0c557fa817928a86a8017c2b71c0,BTC,-1220.1934726217003
287,32d02bfd9f7fde4f234192823570d6f6,BTC,-263.73585543082004
288,32ee9c1283045e7af9739292238fb4b5,LTC,-384.21349999999995
289,32f30e61b4244e5802dfe80f7b67cee8,BTC,-2524.9280464140998
290,335ecae149b92ad5f1766bc99d178000,BTC,-1424.8773086548001
291,33f34128a4f1e96680b282a3973e1aaf,BTC,-9.780686415
292,33fff2146b516a658a4b88f485a09157,LTC,-1150.660661226939
293,3425a980c6ad78304c788bb350d4d6af,ETH,-18785.595
294,3432e04c80622f135fda8c75d6fbab6e,LTC,-1919.522794222894
295,34b72c1f366800d4929a5328576d3cc5,LTC,-123.623207307308
296,34b9c0e490b675e1c4732a28f34b7701,BTC,-31.85147516715
297,352c62a94d7ef8866e42e4b99092c569,BTC,-1372.3369269018
298,35432d53732219802e486e2f07fed20b,BTC,-544.705723580714
299,355183454f686de4b3701c9e46cb8baf,LTC,-4414.3071897
300,3570a8061a3d7bb5e841cae4e41df8ee,BTC,-369.37423255673417
301,3584145dc3e2e5f33cbc5a40a14c958f,ETH,-774.28923784763
302,35861d2db268ed2a013d078d19e3dcf7,BTC,-9.8600606456
303,358aef94c11a8eeae4d6f479f7c17c78,ETH,-4520.8382411435805
304,35b73742109fd9ffa76765ab4f074c9f,BTC,-6.227103612526578e-17
305,35bd5e59519993562311f2f5a8831bdf,LTC,-521.508146026348
306,35f6d918cdcf279ddb76d340348d0b32,BTC,-0.0462134
307,3647a634dcb96a2d83e63a62d4f3eb8a,BTC,-28248.3448044298
308,364e3e61721f4829fe12fc059286f64e,BTC,0.0
309,36558d38db2bde5a1cab14df8a06b91f,BTC,0.0
310,36d33949fe26cc44725674daa51f071d,BTC,-93.5944782419381
311,36dc7064848bcee897569a9a59027087,BTC,-2.9059179194
312,37362c7288559c8d573bb7fe9ac59345,LTC,-3775.6138602768647
313,378a05eee8436061163fc4250beee95d,LTC,-152.54854121550034
314,37d1f2d7b232d7032f247c1d2f886c5d,ETH,-1682.3554719668937
315,381ae007764871c9d3206403209dd72e,LTC,-139.294
316,3854394f6334adf594368b7fb443c54b,BTC,-307.22494838920005
317,388965311aaf45ea465e4791af873cef,BTC,-1334.9557928
318,38e7eed23db4c74debab4c384c5905bd,ETH,-1829.145
319,38f084d0e3af338b6731f3382887c28c,LTC,-39.01183076151901
320,38fd2ed080555f26eb4ad16623b4d82c,BTC,-0.00643701682082273
321,39590f890dcfde298d2e746ecf14f0ee,BTC,-0.11158486009999999
322,396a431218c6dad00796a529705fdef7,LTC,-2854.4926797996113
323,39a98671845d7f7aafa6206d79f08ddb,ETH,-976.8493801607489
324,39c653eb7c5fd91f11879cc592e92ec4,ETH,-998.6780717676472
325,39cf3bee757fdc86ff55d6f669e72baf,BTC,-316.3450316692484
326,39d7962c9da95e625bd368d12d5b19fd,BTC,-1.70987380773
327,3a1bda5f0c4c73d640f7c63347a35bf3,BTC,-0.037989
328,3a1ce7833de91ed7652a7e675823922a,BTC,-9040.8601724869
329,3a5767e790fdb71cc7400af50b974fec,BTC,-0.8085571554
330,3a663062697848d2258c1f335a2cefb6,BTC,-578.96374468746
331,3ac9b5e100fac4dd63eb0ad7e229a697,BTC,-0.0049186559999999995
332,3aefc5265f57ad78ee27e142afab6e5c,BTC,-39.86298219514
333,3b0911b5832ba9eb5ad3553ff2b587f3,BTC,0.0
334,3b48064f5483dfb786c810d49466c237,ETH,-1497.06
335,3b5421749ee7ff2d49cc71f043b15d87,ETH,-1691.769159982
336,3ba07944f0570570ac4db3105ae37731,BTC,0.0
337,3bab14acbc724c7bc84801211364533b,BTC,-457.001
338,3be006da47b0e768da490bc91af00509,LTC,-737.04497201703
339,3bee81cfee5918312bd644e9977fd95d,ETH,-394.44652560505
340,3c3033a44011b319224661fa9e5a07c1,BTC,-2443.44
341,3c57ee81bd407938e4b0e11a13b0562f,BTC,-1524.0950291515999
342,3c5f8070c5fed235ff21ee24569c9272,BTC,-2259.8983514188
343,3c893be5bd4f55163b850748e3ce6cd7,BTC,-0.0266683
344,3c9e8092a787807a9d3d42defd4eeb68,BTC,-5.910446791951122e-17
345,3d1a15ec1ee802c948b155d360755180,ETH,-4735.59639580775
346,3d1a51cc65b254c9c8f4279ce71e374a,BTC,-2224.8004946867995
347,3d5f4857d61a4e8ed6a19ec7c817d1ca,BTC,-1120.6178408463
348,3de0939f9d9a4ce69ae22a29dc9231d9,BTC,-0.037989
349,3e576fcfd866de33a3b502a2a05fd5ea,ETH,-1858.2849999999999
350,3e626b19c9311da5189bed4560bca0cb,BTC,-209.0720559517
351,3f22c4a7d890a751b1f22dd4109c8782,LTC,0.0
352,3f24766c5639280c5608a74a09ed2068,ETH,-378.85357847219996
353,3f2df7d5a6386020f5673f6d6e088e0c,BTC,-0.021417765600004975
354,3f7c7f072d93cd65786efc269edc88f7,ETH,-1.139960382667
355,3f848c0fe30851aff516b3f16e4dc660,BTC,-0.9995329063999999
356,3f8acbcfa9a792357a3f467540ed9d2f,ETH,-92.81723084688
357,3f9732c305a8b22014fcde916fa75d06,ETH,-284.84149032516
358,3fb5dadcc18f2204e6ec6f1fbf941dde,BTC,-0.022580000000000003
359,3fce2d8dc2ac6e230e30e3393d238303,BTC,-120.201345
360,3ff74d3ab9332f4c2b07cbb5d9980527,LTC,-136.24375049039492
361,3ff8a98c0900389f8f5dee22aafc0f0b,LTC,-135.434980213899
362,4069677ea027031e79518cc193e57969,BTC,-67.6997883378
363,40890093d28aafbc249e4c8c0b5377a8,ETH,-12.504195
364,40c9b6fa14cbad86c69a7ee6fcc3b1b9,BTC,-38.1219661992
365,40d10af479ef6b0bf104c1f4ca952641,BTC,-0.019067898000000003
366,4122df9dcb07d0027b5d972e8da42b83,BTC,-63.291295250800005
367,412fa36c0b26dc5c785dacda743c29e0,BTC,-0.0403198
368,414480d211798bddf60f0e3d8e5aca54,ETH,-1262.43812995166
369,41594ac2d2464d095e093238662b7cac,BTC,-2042.0212854624
370,41770f905e5ce4fa0c71cc82cc76a53f,BTC,-77.826262806
371,418dcd638a1dda94aee265569ac03893,BTC,-0.36087883446
372,41bef541b7ee3743b350625eca00abbf,ETH,-344.14870611273
373,41fbd65531709f122d34d36ea3c714e6,BTC,-8.917583843
374,4273ceaac4639ba67e63b4cd9c15240d,BTC,-27.7061750017
375,428d23d9b60def973afa957e5c84a17a,BTC,-44935.27648066031
376,42902130e6ce1a634db185fc7512be4b,BTC,-9739.862785262829
377,429d1255724c7f461bb12c1debc394e2,BTC,-24009.641871335036
378,42e6c6686b59623b247a7511a0bb5f8d,BTC,0.0
379,42efbbfc4052d0ed596c6d4c25a500e1,BTC,-11024.787581234781
380,43acc1436c89bcb8d64d5d78a813a16c,BTC,-191.72879999999998
381,43f3e6a2738cce559780b871d614da45,LTC,-764.7127482834871
382,4415e8d3b19fd3db6d3130f117117372,LTC,-493.438343531662
383,4418d67fb3c2bd0c0e20230b501f0754,BTC,-705.6642099999999
384,4431b31b87b54c25c6d32fa385522f3f,LTC,-34.800675
385,4447899f8a36bec84eaa7eb91a9d6887,BTC,-981.1559701010507
386,4452ba85b0ea3ec8e7659f5a68b34fef,BTC,-1.9923895566499998
387,44604bf5e0beee6597ac5976467e99b9,BTC,-263.4392116946
388,446bc18254aa8321e1fee32be808413b,BTC,-0.5468375128
389,44bd76c99a1774d43c68a299faf806aa,ETH,-7.771516846703001
390,44ce082903f72b11d6d3147b87f4ab57,ETH,-115.77698471766901
391,45252fc12cdadaee91cecd35d6362903,BTC,-10.14140952
392,45276e670290a966a868cde6ea74d3a6,BTC,-16.9636693234
393,453cf1f8c3a856226a49b66f4efa053d,BTC,-0.2969910657999835
394,4547875ab6afd9e879595ca8ae202690,BTC,-0.008795563800000942
395,457963ef428740ace23fff08d38f17ac,BTC,-128.66988664317998
396,457e9e94a0ca2997326390d8a3874535,LTC,-242.940078679435
397,458234c31be03891657b2c18418f82c7,LTC,-89.1349
398,458a3ff6e9e895f4e64cbeb3840cec07,ETH,-490.72338773222
399,45b6ae18862ae74b751bb4d44ca6a7a2,BTC,-0.02813329999999885
400,45bfb896bc1021444df1898fc2d4b87e,ETH,-2945.4119885822297
401,45cdc30dae0a97c306a6df763aa70a99,LTC,-192.84107332796899
402,45dd9c5062b5bf13aadf1ba8829ed97a,BTC,-185.528554654
403,46222bbe9e9ab00fefedde7a833e9ebb,LTC,-55.28479123836368
404,46450a1e2fe7cbf0bf4e5e388b9753fd,BTC,-228.56637728232556
405,468f216141cb65d85c39e7e1faee1b07,BTC,-500.501589
406,46a4c2dc008225c1ed8c7de97fdba60c,BTC,-0.35641891430000006
407,46d51d1a13927652bff8cd8520630cc0,ETH,-4939.83830909276
408,4709dd6b497700356f538c56350b7b8c,BTC,-2.7619665492237
409,470e1c9b6f3afb02eb0cf29320095145,LTC,-95.674505241879
410,4710c07c667f9b14a044bdcc3544beca,BTC,0.0
411,4743f59123192729da48be7d1a9ceada,BTC,-749.9449996692999
412,4766bb25231a18c43d5e08ba09bdcfa8,BTC,-0.0225616
413,478c9bb1f075f76ad88b9fc035f98ad4,BTC,-59.23002341155056
414,479d2c13288cd21c70cc879f90670dbc,BTC,-9.074411125919992
415,47afc73bbba9c37062f559542aa307af,ETH,-223.89714457588002
416,47fcbbe6dbb03eb5ce86d113a0eded9a,BTC,-152.41474000951
417,4803600d84be2a0e8a3c6978a5e5d0b0,ETH,-1725.4400329269101
418,484fd08ccbc8825da520013c497b276f,ETH,0.0
419,485657ea861a4b809f87b3785f89dc89,BTC,-9.3969744
420,48582fc4f45271fd036bdd6f8e1ff7ef,ETH,-7514.074276943849
421,487eb55215fce34a79bff606ac2a1d03,BTC,-475.81030202430827
422,489ad40034709b63b27ad56561506928,BTC,-159.57717348199998
423,489d205b21390812af24ec4bbe008897,BTC,-0.0232759
424,48c40a8f4a0f05dfd3350b5df20d100e,BTC,-15.570826167880002
425,48c98a70ed17199ce5cbac2c296014d7,BTC,-32.21049
426,48ef0d7cfd94fc9c89c4f1d3f0f3fb2f,BTC,-10.15345366
427,49304177db7da21bde420f7a586d3c02,ETH,-190.11205133635
428,49aef02c7a3416f4fb26e40f14e90922,LTC,-5.598398698920004
429,49ce76e073f5a2b49dba1bec1b432956,BTC,-0.8137843152
430,4a0aea78ffcda7e86fe90aa0c9a9a797,ETH,-2710.508778766044
431,4a3fd3f9df377a123cad075b713136c1,LTC,-20.511459202351006
432,4a73abc978a018a1275b5bd8d76fb799,BTC,-4.588643459400001
433,4aba89a47b5b14d525d975866d38d554,BTC,-0.002537112
434,4babd281cc0545d0beb4bf0ad3391395,LTC,-992.9163445429859
435,4be3a267471ee6d93e5ba8e82e943a6c,BTC,-0.0836835839999995
436,4bf03b73e24afda02afe794178a58386,BTC,-0.3814776
437,4bf31bb60c881119918698ef7b50758d,BTC,-757.012545649
438,4c45d422fc67983b5238e3f1a0e90ad7,ETH,-1977.9903
439,4c63bc8496b859d7244b222401565503,BTC,-0.3225850425
440,4c94bbb24d5295f63b88c5e52ab3544d,BTC,-0.037989
441,4cb051473b51c7524bc35f237e3f4028,BTC,-0.001869295
442,4cc85851b17dbd6cd20d8cfda192c5ef,BTC,-0.0229968
443,4d56bded04fe4332fb68883a5e5db5eb,ETH,-1427.2034488168802
444,4d5be4d82c4f8f678f8a6206ab7a7773,BTC,-1.023373611
445,4d7ca58b1b96b9a3a9ec8028ad7c40ab,BTC,-5091.31657307313
446,4d97245a8aaba2432f92d8cfaf8cdb01,BTC,-1.2798519811999989
447,4dc5cf6976d186e331604d1317048c2a,BTC,-6702.004894963591
448,4ddec06fbd48144f92be754c871afb61,LTC,-7020.902691267174
449,4e820be49391e426b7875c46d94e6283,BTC,-3.0896951663805796e-14
450,4e8460d5b6228cdc9acdb40fdcf76d65,BTC,-11.944772302
451,4e98e7faaaeb0337c11dac1213db383a,BTC,-268.97404
452,4e9ba2a58a49d1bee381c99e97b912d7,BTC,-8523.61728632951
453,4ea60835e4afb2222578e7cb18dbffff,BTC,-32572.70205586668
454,4eaf27c592031956feada497b4275428,ETC,-53.8059775
455,4ebab6d87f35b97ea5822ac43eea7ea8,BTC,-13640.1045848898
456,4ef005760e7ab3dbf03167e7d74c667b,LTC,-721.7280251728059
457,4f0a81cae1f4ee455839cd339841006f,BTC,-0.0408952
458,4f1e0a2301f5cc4218018b790c7b333f,BTC,-5180.686609999999
459,4f3ee56b6718b12601a476c8b2edf979,BTC,-1.008522976
460,4f9572c09f0b66aadb498b38c156e6bf,LTC,-2341.3711
461,4fa9826403455637a22ee7ac13c57fbb,LTC,-1915.754499954106
462,4fd9b5546830890d324599c22ae61d30,ETH,-3673.170012237
463,4fe65ce2b904bcbe70cdce4285e73591,BTC,-0.40905511217
464,50136958b8ace492124e3a399c2d7174,ETH,-12455.379033176961
465,504fd0c50eb5f55b3f0bc715b3f40811,BTC,0.0
466,5061e54beedc8d68d78b2cfb29a3840b,LTC,-292.564097768
467,5062168f0249ac3151aa23d3fd6d59aa,BTC,-2075.89065505257
468,5064c6fc310f2f808282d7d4cc25c910,BTC,-60.274810656574374
469,509cb86d038975075410a8bc2dd15d65,BTC,-0.0106098132
470,50bde0fc1a709f3efd775f16b2f49e93,BTC,-79.008595752
471,50c62bba728cb5c1e6e9ade1c875d889,BTC,-0.0380316
472,50d29c01109ce47c9633231d9995cab6,ETH,-176.03240351528
473,50e5376721a5b7e530486c53c5df1413,BTC,-10.003981500000002
474,519297dd82193859868d777a729e20b9,BTC,-0.00487976
475,519d0715bc6a807f364e4cb5c0ce128f,ETH,-458.58504320998
476,51a50b2076603225212c5fc843e843c4,LTC,-853.7688572649299
477,51c7cba693ac029732b4fee67207dfc4,BTC,-21.10093863
478,51feabff6abcf022512c50ed673b8eca,ETC,-38.0069109842525
479,5216ea94382331e6ad03b636418ed073,ETH,-10.33703316276
480,5220da7aef0f660b573b841ed423d933,BTC,-0.0038652864000000005
481,523649228d223ad56f721071516a4c2f,BTC,-0.0403198
482,525128b2bef9033987d151bec56a7b69,LTC,-9.39773725527
483,52c0c8e6661cd7e2042a5c9fac4d648b,LTC,-250.1529
484,52d095a4a59b055611977b758d057426,LTC,-25927.86426966946
485,534290b3acfc0160471f71f00218b794,ETH,-4036.21117564654
486,5380609c5485738d457bf70c6cf8941d,BTC,-35.8832880828
487,53e9de02063b05babdf38561fc1555ec,ETH,-2733.12965406905
488,542c8ef6bfaaa5f499c54fe3572d2a66,BTC,-2103.8634610259996
489,5433d5c31950640f346bad78a083b8a3,LTC,-3285.662050103334
490,54978854a1d9a06b5a1829bc44bb8357,BTC,-61.26989795189998
491,54e37fbaefcf30562bc84f5bbceaec0c,BTC,-15.559658928700031
492,54e6c429f06c6714b9f465704efa771f,BTC,-0.023349500000000002
493,54eb7d70ee7445d9a1658a1d4a006c4f,BTC,-2988.4479917682
494,552d830306f58db91858ec4da1c7c2c7,ETH,-31234.19588068166
495,5557849542ff263a6bd0894233fbfd61,LTC,-213.67975150285403
496,55b0eaed879d7bc9b8ba53a5112f4e3c,BTC,-488.74054139232
497,561837a9b1e8d5c3a051c76ab929f8d5,BTC,-0.99775231
498,5628b7d9fcddd4f48ec5c45e91df93e9,BTC,-0.0241494
499,5701ebbdde2c727b8fd4da2da6d5dd4a,BTC,-0.038515037
500,574391eeb4ab18efa1a1a0546ec02cff,BTC,-918.6990719297999
501,57dde3c49fee43977b27bd2ca47c3ef5,BTC,-1.1319700000000001
502,58042004470fde88a64ad9ea6274dea4,ETH,-359.21673174925
503,5842ad9dcafed2729f47234c5e152a31,BTC,-691.70448457621
504,588b32706f7ac401cbc1c55368f5ce26,BTC,-414.2693170688001
505,58b41cab2b42ce01e3496999ac06849a,BTC,0.0
506,58e6a35ebf262b3bdb6b8dd6b9add0aa,BTC,-1.796029999054649e-05
507,5901918078841a3c7b94f800bdff8239,BTC,-166.04551556240003
508,590a6aa7c7c958fafe27815f8cee0e1c,BTC,-27.345130780000005
509,59521a9f86ddaa275e76838868990bf0,BTC,-509.7988987784
510,596645be7f284d6883606661ec81c5e9,BTC,-824.7644934847499
511,598db8ec72c58e68036d6f278112c882,BTC,-0.0417869
512,59a2067a33ea01e05882934bb877f943,BTC,-406.90010796661045
513,59ac85cc71bcc2dc48a5c1fb15f59080,BTC,-74.68194164890001
514,59fb88bbe0829ea9dccabf9c7c9384cc,BTC,-1457.9256635286001
515,5a04ff17e2ad92fb82e6c5cfec955bcf,BTC,-5.095743454999999
516,5a2a61d4dc50d922df28cd444df4cc66,BTC,-0.14332598036
517,5a333b5c631e2ea359b182ab1552e83b,BTC,-3551.5596712436895
518,5a44287d56e7682024338dd97e925fb4,BTC,-0.9785988378999999
519,5a66247eebb026b327875fef4ddd0646,BTC,-123.76820502466
520,5a9f8247e6fe26751f41a703d58d09cd,LTC,-267.6085258886204
521,5aca26036e6ecd3a3f5d15a967bb6d44,BTC,-131.83663960500002
522,5b2ad28149d76a27eaddb8289b77ddb9,LTC,-114.495282921924
523,5bb64a8c8370145ad988fe86a3ba4590,ETH,-965.13757602753
524,5c78389d9fab11b5ee5d91f2684eb01c,LTC,-148.776074624152
525,5c80cac92921e27be80d51e8eaa9731f,BTC,-2951.22550815887
526,5c83e65d08735bff8bb3b3f8e202486d,BTC,-0.0780178
527,5c97bbd9bf44aead9c5706d89a80cb11,LTC,-180.48616087846798
528,5ce7685ac05e62f630f05a045fddc021,ETH,-4307.993364906
529,5d2f4803cbc24f2787de7420bf04559b,BTC,-1995.5596372812
530,5d67b4c7705287e0a263bde798e62651,BTC,-4857.401442355117
531,5d795f369793d17235f524451261fd2d,BTC,0.0
532,5dbd7a95b15735efe849aae1e45eae32,BTC,-22.18911284125001
533,5dc09418a144210c9f80be92b6d6e2e7,LTC,-115.158142710312
534,5ded9d7d87076eafea0c61019524e750,BTC,-44.16924999999999
535,5e6b497a7adf283ab677732bf8d4c2f3,BTC,-0.9891763100000001
536,5e8317987b3533618e0f6e575e7c7a09,ETH,-998.6857756055699
537,5eb48dccfc75c1f52a908750001bee76,BTC,-28077.2398822705
538,5ebe7379a044d0d13e3ac4536452087e,BTC,-215.59050364559997
539,5ecd1a60cdd797cd3c930ace7fca7674,LTC,-474.008721046548
540,5ed2118e15b300e165bdc48d5630667e,BTC,-1.9802562367665643e-15
541,5ed2ce8f20be2409f1448db06b492ca3,BTC,-1.2553558822
542,5ed3a81bd63af399a0e825d2f4cecfc1,ETH,-7594.374907514
543,5ef7d1921f94c553c796ae111a4ec8e1,BTC,-0.0433122
544,5f48dda4d49a90a7120fcb2475d71dd7,BTC,-5.7554
545,5f7183b11966e319c158008f9fbf0759,BTC,-0.0260974
546,5f77f80a3ba1394fd1d22eb2cc9f44bd,BTC,-5.3043477588
547,5f86b7eab854a1070fd8cb907d8a2639,BTC,-281.55393038141614
548,5fabc1cc373be27767787c507c4b8b6d,BTC,-1454.0429337458202
549,5fb46eb9f9fcbdb3909b980bdc0dc3a8,LTC,-657.0384639633061
550,5fc06bd7d02c6d06c6b2f17e16e6cd4e,BTC,-29.97585312
551,5fea60ccad06ac32818e4a49f170a97f,BTC,-2.250603614400119
552,5ff6dcf7ce34ef4d81be5531d904d626,ETH,-5444.355113476848
553,600294fdea1e35d6e02dfffa33739995,BTC,0.0
554,600f157ad8253e1ecca706c2af29fb06,BTC,-505.2262147380698
555,60310096ce0e325050044fd4dcc72f3b,ETH,-4961.858188167558
556,607a3158455a054367647f14bec234e0,BTC,-108.5332002039
557,60b56ef9967c2e1cc12678725ea008fc,BTC,-10.045889940000002
558,6104aabc2a2ce1f8aa71576bab8d5236,BTC,-0.0450679
559,613a5dd6f48868c5ed0309fb4d58392d,BTC,-0.5262333053700001
560,61463a641ada8944e8589debfff685aa,BTC,-28.89237909269367
561,61482112e3536461d69f544cc7e86f5a,BTC,-137.28724032000002
562,620ef7da2d1f798eb825f05b8471f58f,BTC,-4809.12328455121
563,630fd4247ed6890086607f15484680d8,BTC,-291.69005440995994
564,632857667575f02e6231c2ce844f807d,ETH,-285.838
565,637bb100ed9ed509990b6bdf13a0570e,ETH,-610.6953000000001
566,6393728e36e4021bf12e68c4d4c81d7c,BTC,-141778.7746718925
567,639ec7bff25c2d09b56d198230f44296,ETH,-741.6317851431601
568,63dd85c9860f55d28fe07228596597ee,BTC,-0.7771679676000001
569,63e2af54d22abe42a9f88934f6484a5b,BTC,-1.007697456
570,6402110a61392ec2398eb47b8376bc64,LTC,-810.6945799090591
571,640ba6c6c6f98c94ee4a18e066be35f1,BTC,0.0
572,64ecc7df7b0154f2eff555798dd82155,BTC,-163.10670644720622
573,6513017b577c5908cd384522f64cd0b3,ETH,0.0
574,652cb124e18596547de31c2d153f04da,BTC,0.0
575,6577ed9c21c2ea26330bb262a66dc66f,ETH,-295.08678003441
576,65aca2d5f1e1f6ebd52fec4f4016b5d0,BTC,-0.0435858
577,65b3fbb1fbfb6d3da5f9d5dd3dc2f164,BTC,0.0
578,65d56196c74f5aa2fdc8758545c7becf,LTC,-73.089430026477
579,65ed23ce4fa5f7ea64b48cb0df71ebc6,BTC,-20.111894208549998
580,6605c99a9e9a65275e33ff7b5cef7dee,ETH,-14073.237392949415
581,661171f87ce75575f503f35fc18aef16,BTC,-0.98703298
582,6698fa6431c2855b2f4992a340be5d59,ETH,-2871.61293838218
583,6754624902b976d5f594e114b811497a,ETH,-110.09008817713
584,67745bd73b2b700a7b4e153d990dae95,BTC,-2.9401639789
585,678d0c6c17807a950d602193d6fa8efa,LTC,-14809.156498188328
586,67b2454fb9c289c94ce9848a96f46490,BTC,-0.12626672249999998
587,67c8e1a24ae3fc0d3b978642f2e56cc7,ETH,-384.7055757126472
588,67caef566fa016a04b12f8d39c252693,ETH,-28.65002801689368
589,67d3cb53365a80afb2901f195aa790f2,BTC,-0.037989
590,67fcd74907865b6fade8224420cfd95a,ETH,-35380.07079909923
591,67ffda68f0e74994d5438897048c90c7,LTC,-46.141949999999994
592,683da120d30d1ec09a624b9400c2e5e4,BTC,-405.6144441013
593,68a76a7634b96eb29528f8f9066be3ab,BTC,-7589.804510707998
594,68e0b1afd9bb6e90c3657ce22130101b,LTC,-21848.2475
595,68f056e78ae95d70c102af50b8323089,BTC,-188.2646890977
596,691ee44a942cf5f5b085cca79c4423f5,BTC,-539.646588932
597,696536d2f57367b7d51e57c4015c490c,ETH,-14512.857859827862
598,69900d9263f9196784d5833ea0fd382e,BTC,-47.43403729760714
599,69a67072c89d5ec4554f95b41ba1557c,BTC,-0.56359176601
600,6a36942f21ca8c5b0b206cb38ba3d533,BTC,0.0
601,6a38052e9e21ba5be52c370cace03a23,ETH,-334.045
602,6a51910ff8b5f4a0cd1a318dc5c99724,BTC,-245.53512668431992
603,6a7c12515dcfc0f77f50c80420b270c5,BTC,-1.05639631286
604,6ac3d7ce9b2fc02f11bc90ecb0c7f726,BTC,-7385.683403200308
605,6ae584ce36dbf9daf1ac5edb7346d19b,ETH,-17067.494753837902
606,6b0546438ac4fa303220bf1a9ef0508b,BTC,-28.2310702101
607,6b1ec260e76b521eb69422cf57d4f2c9,BTC,-33342.38343682968
608,6b3cae2331cb46e5a893b62be285cba1,BTC,-1159.7069000000001
609,6b4474e9d23fda63b0b5762347dd7e09,BTC,-4903.548378847099
610,6b7b0ee135d14d17e8da1e5830369d65,BTC,-1990.6560896052
611,6bcde7678d40d300a0b22f5caa12e0e3,BTC,-0.022580000000000003
612,6c1c1fd4c35f84fe5c73b2402c356d69,ETH,-1044.8065940676
613,6c3cf71d7d1acb0fd4c4ce7a4bd5c8c2,ETH,-39489.064574907985
614,6c61e7675080821b89b51fa3020e07cc,BTC,-0.032605300000000004
615,6ca8ce7944967b25aca4302e134e7d56,BTC,-0.07604399999999999
616,6ca915b3391c86e6aebc44bae9c8dcf7,BTC,-49.505624388300006
617,6cf1f8d4f65054bdf44d9998e5578395,BTC,-0.9929126
618,6cfcd603894f4ba2a8e33554bc9deb80,ETH,-670.2476593259
619,6cff7f487f554cd7f6e27bb0ebfd86a6,BTC,-0.15990321606000002
620,6d426dd4bee986f456583271d64d66d0,BTC,-200.30333315422305
621,6d4c4c8562e91a24cdc2457a184d29af,BTC,-0.14125325489999999
622,6d7466f696fe307ca285a126dc07f5e7,BTC,-10866.774347130955
623,6d8f346fc00553da4f3015e250846553,BTC,-359.67035277019994
624,6da6b8d98e359f1c8816bbd57a192d0c,ETH,-14740.093304299538
625,6dc9f3b0b04e7f68c376920a329db39d,ETH,-258.90111105874996
626,6de48968c2570e8b93f0e5bec5953057,BTC,-1458.7662475284003
627,6e26a4ae2489c4d563a86d05a2330db2,BTC,-17805.4582962712
628,6e4259b9f47c3ef8b9d99a9ba87ca0bb,BTC,-370.21716949279994
629,6e5d4d114ae24e5124eebaabbf6cbd89,ETH,-5347.389776325215
630,6e839c7391a057ee0a238c84404929d1,BTC,-364.20179698280003
631,6ec2c984e1abbec52b63fe0b4442f0d0,LTC,-140.9346
632,6eff9c1137a681a5e190a61578081bbc,BTC,-9.984211415599999
633,6f9a4907e22ac06075eea2e710dc9cbd,LTC,-328.2822
634,6fb4b8bed7a8b7237c11dbebe5ab7119,BTC,-15.73678054945
635,701bcff73b2b8411aa251ef121a3cd26,BTC,-25218.953223734683
636,703a91e091f020c22ce7cb68b6d7f06c,BTC,-501.0517128058439
637,70922b363b1cc6d7edf8314ecf7c9a48,BTC,-44.9413754379
638,70b82c79c7f3fd0cde51bee0e6afbbb9,BTC,-1326.59
639,70b9f98f8ebb4edc8088ffab84d3df6e,LTC,-55.514403115136005
640,70ba1e7bfca7075bbef912d4457019da,ETH,-3.9845300000000003
641,70e59f4e78ded70283671d2c7d4bb1e3,LTC,-48.28613759219999
642,70ffddf5059e07801967b2bd085f9fb1,BTC,-22.283955
643,710f3e7479ad9360f9b6d43cd0bad897,ETH,-390.935631847249
644,711272d1f22db73aa1fc336a8927b55d,BTC,-0.0382775
645,71187889aea524ee682ee53cec5301cc,BTC,-92.32808000000001
646,717d2eee0a62c893528b21f0e4a5a5cf,LTC,-165.680589703636
647,7193ff29bc24e3e57efab8a65eebc423,BTC,-1.3414021679999975
648,71e3aeb622ab261f2e28e10a995256d2,BTC,-102.75584159819999
649,720f95ea33580b53b0a4d1b812a0ceb7,BTC,0.0
650,721cee3e9a5f275f3690b185e66b29c8,BTC,-98.49911882236002
651,7260d76baa37ac8e10aa9a140043af12,ETH,-2790.9970000000003
652,7276dfad32d28292fd22f7c8e13fabc7,BTC,-1813.5249175521196
653,730e42258685cec259c848c6e884486b,ETH,-27.29414920825003
654,731881ced0667fb15d72c7c42bf37944,ETH,-3198.30637354978
655,731c137cddfa60106d7ca38a1dd11ce6,BTC,-47.89294386590001
656,7329459563a3aff94082880554eb252e,BTC,-0.6398762424999911
657,732ff5fe5839cd1f1a25773993546ab7,LTC,-111.103194802
658,733abb8c5e17d0a60569e921446dbfc6,ETH,-305.6418051503972
659,7353c3d7a3fa83a70437b095d046bf98,BTC,-26.367301226609996
660,737144ca425e60d45e980c88144b4ea0,BTC,-4.092646269400001
661,737313aa8867ef16313c3234167362e2,LTC,-189.61716424336902
662,739aa965b538fe4973127223acd4311f,BTC,-12277.7806070649
663,7403085a3407f71d41c11e829309f142,BTC,-499.2062555879
664,7403e2d84e16ca94c8268903d0b14af6,BTC,-0.15882389804
665,742420a985a1047a7be7c8b9a10db6d1,BTC,-11111.97416947107
666,7471f3ade52604e4d4530b5c2e012371,LTC,-17907.141366134336
667,74f91cf0111979a563474537cbc69b13,BTC,-242.157830166
668,75559849ae901ca6cfef9878e367fc88,ETH,-20.135935660590043
669,755f9335307b4ea3c0cff98d3574f9c0,ETH,-8.47580571574
670,7563181c6e7272cfdd13f198d0ba3735,BTC,-10.025152741800001
671,757dfff69dfbe33f20b20e9a76962dfb,BTC,-7071.223269383095
672,7599542a26558c45089d0c12bb91e9db,BTC,-236.931727796
673,75f1b2fa786a02ec25bdd88c912e6791,BTC,-16.374150390500002
674,7619a183cc5d14836c6b12968858bd08,BTC,-37950.44522394041
675,762445fb8a3555efc7cbc94af44a6be2,LTC,-261.23626776030403
676,7633cb21d664d3e6c70cf9759a64f4db,ETH,-1424.2167898401988
677,765e51d055e6c90b84eecc4c52545e25,LTC,-3601.3407582228538
678,7677c4de4aa3e1d52b3404bd0288842f,BTC,-0.022339
679,767917b014becaaaf040c62e6dbaa9d1,BTC,-19.1396632172
680,7683d9e7f05d53981cc68c2dff6e5097,LTC,-230.36623021143998
681,76aa7f65081425d09c819c4d888a3bc6,BTC,-0.6234110181000001
682,76b1db97fd173f778599e3b520dfbac8,ETH,-62.95186519304001
683,771f8019fe62de0b6d6a0b36756e5a41,BTC,-278.88623442
684,772283ae84e8707e243d438b377ef576,BTC,0.0
685,77581267babbbde1ae8c20137c9b8b2e,BTC,-3.4182134050900004
686,779cf32af9b9869233d222cf4a3dd927,BTC,-6845.6297504634995
687,77d649c7848adaa323631a171a58d7f4,LTC,-1047.609708997027
688,77e1cd2f8545e37747e6b49b0888bd4d,ETH,0.0
689,78210573b6a8594518dc64a1babc80fa,BTC,-0.0240463
690,78246a8500a80c3092ef866d978bead9,BTC,-2501.2910409097
691,78389c23d681508c9d0110788e0a98ef,BTC,-108.04784123926
692,788319b27a5592cd33bc54688eb0644d,ETH,-237.11604395001
693,78af786c018b5c61401f4b03d062d265,BTC,-9015.287357600004
694,78da252a3ab138b468fb8bd4edad9beb,BTC,-1622.0237823465563
695,78e7831f6d61869de6114aa8f7ed7630,BTC,-1499.3903731462
696,78f21c82cb11cbc00cafd01c83d14efd,ETH,-56220.330843224314
697,7957c837894da4aeb0b59a431d3f65b3,BTC,-4408.335645484971
698,79abe0232f2d11d213bd8ffe7f12fc5a,BTC,-1.1171931306
699,79b9ac5b9dff1f6ce68f3a959003b68b,BTC,-660.8596842764
700,79dae39258fbcbd545a6e452c10e7704,LTC,-193.8508
701,7a1fc6fad7a59dfe77313322cd01eb5a,LTC,-320.2532
702,7a2b5efa7dc1db585f5fabd02d384ffd,BTC,-0.09644154450000683
703,7a4b637e0f6641f73da2a7bc6116ae41,BTC,-20.566595188399987
704,7a672dd8f8904c0637d1fd376861fc8e,BTC,-159.57377751291997
705,7aea8147f076e4ec8dae3f4a63242c4b,ETH,-87.0267008563
706,7b1bdc1ec5a3c4f5c2a2691185927795,BTC,-69.81541369114
707,7bdca2a3254f4fb0636ab44cc5f64dc2,BTC,-0.0224273
708,7c1ab7b3427391ff1ddbd37ef4bf0987,BTC,-11.504653707599994
709,7c62321544dd841eaa9d4ddb929629b4,BTC,-0.0360628
710,7c64c773288bfbfecdf906b2075cf5c3,ETH,-49.13560098176001
711,7c71a7e912fd7401e377e020b0c6bb8d,BTC,-8194.484791899999
712,7c8dc750c3cb782bf86f7728724341b7,LTC,-8.91401894334
713,7ca22462f07956af64783ea15f4af0b7,BTC,-5.894059550555453e-17
714,7cb1bc6512f660e7d75f3c5ace828fcd,BTC,-11761.67565236086
715,7cb288137f6c614c0b1bf59e208c16ea,LTC,-840.412536153406
716,7cc18c31203c2fa413614bfa0db227a3,ETH,-383.05092546251
717,7cdad4225108b874efd16ab9a6fcc94d,BTC,-14.567106475400001
718,7ce32e3b76387ef8ecea46098eebcba1,BTC,-15786.492479060584
719,7d30bf40bacc0b1bd4bb82c39a45e6f3,BTC,-0.7819952095145507
720,7d5b8caea2dad4129bfbbb2e3a87eba4,BTC,-558.6252305976
721,7d7ab5cebc76fead8817ecf2b68cdb28,LTC,-28.40156324068
722,7d7f8352fd658cd5bd0c8a34808f40f7,BTC,-41862.08345854413
723,7d830552d3f75662f009124b9c63cc78,BTC,-3636.8067475579396
724,7de23edaa586a5fabd5855ace36d626d,BTC,-178.86759060435
725,7e24112b75f71143e02b95f75e2e58ff,ETH,0.0
726,7e32b56fba9f45b4775d905c83334fee,BTC,-0.0324223
727,7e3658ab33398fd2dab594dfc2e57763,BTC,-0.0433122
728,7e4c43165a09d0b168eb46971b401a96,BTC,-0.25439042436000003
729,7e6084853c6a5dd6f1cb28df1b45bb3c,BTC,-0.16417475039999999
730,7e6ad331fdaa5953dc4ddc63b4ea777f,BTC,-12204.04297629892
731,7ebcf3a3004acddc3da09095b0437c2f,BTC,-0.03991499001
732,7efb57d8a8676e72e36963e0b7c214c3,BTC,-2.528674318547086e-14
733,7f2c1ed1b3c5d6d678dc657d42c52d5b,LTC,-44.0362
734,7f33be183f6cfda0cdecbcc1c1a7f8af,BTC,-372.1691942445
735,7f7519da86732e5984b6fc6d7c81b60e,LTC,-138.049213702231
736,7fb9f8b4a6ac79a3f9ec86dc16d6f4f0,BTC,-0.024049100000000004
737,7fc0d2dc25e0dbd01b47b333062294fa,LTC,-209.1572
738,7fe0e45678f102fc8d4ab11de7ddc642,ETH,-8.25522
739,7ff77f90852c4dce02448f914b7e0880,LTC,-2905.8433241857115
740,800886308088bb185ee91f3361228f77,BTC,-0.50060527046
741,800d6e072d8bdef855de89d83e7c6b36,ETH,-54.13183025148
742,800db74aba20f8b72e3720c93458d355,BTC,-251.45047207241
743,804e4cb987412c2e06e797fbb177af40,BTC,-1005.8992994343402
744,807003d2007baf849200e5273c734168,LTC,-11366.415815969456
745,808186a3a4355d349805529a2c95bcde,BTC,-0.10250701200000001
746,80b1bb058a507e5c32299beeefe9eb59,BTC,-10.018011770000001
747,80e94a2285668b940e42d812bb8ba1f5,BTC,-10.4979822675
748,8188aaf1879e915a82bb8f6d6a1abbeb,ETH,-1809.08996044346
749,81b4da8cfa04c206e0aca286ad765f03,BTC,-31692.935703969957
750,81e1494286f2f1bff16ff634b9b42307,ETH,-34.04767684300001
751,82063b3246dbede0350b933eaf488ce4,BTC,-369512.0
752,8226e2fe1b0bc3d322becea8fc43e201,BTC,-6.5034019999999995
753,823b92cf033f0b8f1de590c6f2e55cb3,BTC,-538.0442080525676
754,824302b6315d87f34d255180ca9d423f,BTC,-0.24355700000000002
755,828a4fdd13ae8b35c71286261ab8e042,BTC,-48.95513678727
756,82aaacb1c67d8a0afc0df3d774ed9bba,BTC,0.0
757,832b3eed872c09a45a5d65e2558e4503,BTC,-74.55192570732
758,832d9994fcefca3b4a01f12f98617bae,BTC,-0.032216100000000004
759,835cf867c99e8bd2323f1290e8a91cc7,BTC,-40.64290612894
760,837c78c43ad50cdc614b5e495c9e8cbc,BTC,-219.4144514826
761,846a8ddd57e18716ff222946ba38d744,BTC,-0.00133552
762,8476798eb4a04c1d2d7d0046f88979e2,ETH,-1811.259325852
763,8487893e0df227db6984d4c91f3c4f37,BTC,-294.633842490928
764,848bbc643b71f9a157459a6be98cf137,LTC,-8.7250396952
765,8497d5585585cf39f896f064a6b8abd3,BTC,-8702.13340255867
766,84b0ddce2b42f3c0409074daacd3d014,BTC,-0.023018
767,84dc5af96713445c9bb56666fd29baaf,ETH,-4.604583991029999
768,85063e544e61bba226c91ead9fd05ad9,ETH,-298.479483463908
769,85312aeff83be8b83084db808fe732fb,BTC,-7.245721583599992
770,85479e8020fd03a32dfcd5f747e1124c,BTC,0.0
771,854f874b465b6a09fef3e9a1ba694afa,ETH,-17163.10347191976
772,8570adbb5646bb05c0f62b180cfe6150,ETH,-601.26734307599
773,85a061d0312c8b688317bb448d57f3fe,ETH,-6669.17278090644
774,85acf53bf810570599e865e76e3d0559,BTC,-319.5300878
775,85b8bebe59f6dcec9f17cd6d9de21df7,BTC,-0.0380688
776,86255386395b3a0e4be3fde610dbd690,BTC,-0.0269045
777,862edae2eb99198cb4eb20891e990aa7,LTC,-93.34
778,8666208de3527b4df39350ab0d538d70,LTC,-96.3006
779,86f4c0941a844c8edbe207f839e5178a,BTC,-16.89899673109
780,86ff768db68abed2d9ce4c9a404cf285,ETH,-614.8565992236701
781,871e78501f0c84b828cef931ccac87c6,BTC,-198.3705220035
782,87ed52313a23e7692327bcf1f0fdcec4,ETH,-14845.239960960002
783,87f9242470d62d16a5ca9def4ca17925,LTC,-21.703849462386003
784,88090cf1c31d581a092e05acee0373d1,BTC,-68.51882412279875
785,88368fb382845aa70a90834355a92ab8,BTC,-1496.0943201819005
786,88712b2b09f0e9f96793bc0a2b4e0542,BTC,-0.05979674999999999
787,88985ff2cb10979dee0c1d8d098c467c,BTC,-28.53033843103701
788,88cffe529dddc77724a821757468e422,BTC,-633.9759607289001
789,88ed68a249df8ade2e9d0340bf76609f,BTC,-1841.7803851132
790,88f367b215c91be7a9724e47f11f7dfc,ETH,0.0
791,892cfee4e2c97106af9e44c79137dcc6,ETH,-168.62759551585998
792,89626c5a6fc20e82c8b2d35b7b6c40a9,BTC,-3273.91889306849
793,8a3f378b15158a5efdb50ea48bec0111,LTC,-149.915271489013
794,8a64d5312ab47be52e534b7ad2d2359c,ETH,-117.33718331555157
795,8a79183dcb11baafeb3a469909d3f084,LTC,0.0
796,8ad126e35dcf2e2a8eb5222eef007b9c,BTC,-78.6562339276
797,8af1fe12948cf335248db2904aeb9905,BTC,-242.911834173919
798,8b1c987ba3d9991c5f351cbfbf27b6f0,BTC,-1183.592278946
799,8b37cff9d634f083a48714b173b27f8c,BTC,-29473.859755801
800,8b399f1e93e130ef4b4399769f666fec,BTC,-457.001
801,8b65fa8332caa1f75f08f5ba7f8cac71,BTC,-1.008351477
802,8bb708d854ee09cd771b14c96c7d5154,LTC,-1450.306760117755
803,8bb96df98f3d0ddedc384abd37230ae2,BTC,-0.025383000000000003
804,8bc53ffd3c9998f338c4de0284ea0861,ETH,-306.727
805,8bd48210750d51cdbc8f4c7be14e0590,ETH,-888.4421982357001
806,8c04c12007d03f64aba6a70e4d8ecd88,BTC,-10.149448393799998
807,8c20d174494d039ac96beb9f479fde7a,ETH,-121.07228357230998
808,8c41790b94dcaee1e5eea94b7c0df573,BTC,-0.039187200000000005
809,8cb191ae4922ddc4c0e31b178ac745e1,ETH,-44.665641801039996
810,8cc1914326f8b2edc73dc0e863a3fac4,BTC,-36355.6022609701
811,8ccf802277648400aa7c1567a7276150,BTC,-0.9334908000000001
812,8cd5e546f7a5ca9caa4e6e76539ec03e,BTC,-32.00364725
813,8d4375a4333780bcc094880d48b58bde,BTC,-457.001
814,8d9185e447eb1d9fab3267fd0de2888f,BTC,-151245.20243241056
815,8dc39c0220a1eb30d914aa2ed8f17420,BTC,-290.3793376728
816,8dffdd8ef15da75fca9671223fead228,BTC,-0.50397136905
817,8e035898954da8c9c4bdbd5c4ba6c28a,BTC,-617.7730430940001
818,8e46a96513fc8f5a6633dc42e085f027,LTC,-1350.279108016568
819,8e47ca5db91e1f9713eae6ec82313777,BTC,-9980.5848976955
820,8e5b0bd2a02e83f157ad0d38a2872178,BTC,-0.6682648311299999
821,8e690fb9692ac1dc88ba864103790a4e,LTC,-49.29361264299322
822,8e7d49812032adb7c2fd95d13b4c31ee,BTC,-722.5601697738803
823,8e87bf746342f0fe6c9174ebf509745b,BTC,-152.94030781968002
824,8eb5fdddb6bee40cbb4558551db72370,BTC,-30618.19501079245
825,8f2179bd0e30c25f100e7296dc053732,BTC,-2734.3724861452692
826,905722622312babbdec14c47873a3352,BTC,-3747.3174267450004
827,909ab53e699d1a66e990a2fd5fb71f8f,BTC,-0.039241000000000005
828,90ccd2d746d7bfebd3d5832ebee711ba,ETH,-25048.043001023772
829,90f3adccca3d4e9ef8a606ea3fa0a365,LTC,-423.1153377523461
830,914d99974d769dd8754ef6de10d57550,BTC,-4872.620191450764
831,9172b57bb21fdf066b1b0eede08a1351,BTC,0.0
832,91ae19c55b0375cdcc6a323e119620f5,ETH,-1850.60741761404
833,92418d877ee6f70c34b7c674778fb5bb,LTC,-130.4365979828
834,92ac52097967146356f68c61d30d44f3,BTC,-249.2817601196
835,92c58b4e4901e283fa134f7723796e2b,BTC,-196.20870014640002
836,9318edb767390272d6d8c71bde7a3a7a,ETH,-58597.46090533001
837,931df232e8e895847c3c2c9b26a5a1c2,BTC,-0.0253451
838,93254612f5864540c05873b07b457611,LTC,-33.343574335506
839,9342485f01baad995972feda626c2416,BTC,-0.040092777499999996
840,9389949174152772af95797b5b87d3e9,ETH,-1775.976
841,9390edd26928f184d1506758b4d1c75a,BTC,-19.261181380380002
842,93c1f6ba7cb51b3742c2dcfc7e5ae7f2,BTC,-0.979672302
843,93c31d77531bcb0513e67865bf8f9ddb,LTC,-433.349942177396
844,93c679cf30ea4ca4dbdc70255609b6b7,BTC,-348.12649999999996
845,93cdfa848f59d3ab4367774d62af67d7,LTC,-435.5605476031931
846,942a1d054140815d4caabea3748ff102,ETH,-145.79819819225048
847,946747b26cd5a8bfd7bc2311ba68c9f2,ETH,-6692.354188712719
848,947530a97cf25f4fc38ade73bb7ce64a,BTC,-11.14126466812
849,94bda079fa1beb63b06cbf133bf9bf65,BTC,-0.012195087439999999
850,94d0556650b25b1f30c8efceeb266c49,ETH,-247.29
851,956005ba51403474b9aeb20586c6ba45,BTC,-38.731596109019996
852,95a96e5f675d26219190074e3b6b80b8,BTC,0.0
853,95bc9953d20b39ea16e18f78856bc5bb,LTC,-463.037613408629
854,95d991d87da29ec445e26af62e115cd4,BTC,-323.9669764785
855,95e2e95fece130f2a873e1d0b98d61e3,BTC,-930.2345827864
856,96368cd94b0116e396356d53c8ef7ccf,BTC,-42.6863148576
857,9690fc1594b3f03d127247bc8c227273,BTC,-1437.0262
858,974cb8dbdaa46a9314395037bb61a437,BTC,-85.90771013090001
859,978aa4f9feef9df3664d75b4cfe9245c,BTC,-3806.2107889956
860,97923617792ceaa29e36393f5f6aa141,BTC,-0.2813399360389347
861,97a6f8a13901c75245ef99b6f1f1db43,BTC,-140530.5893730357
862,97a908c8ef810593815806c8cb960172,ETH,-1179.928890916822
863,97aa8e493b5d3efd20b129e4f21154d0,BTC,-0.0211220272
864,9804fa82a3ded2bb7b9c405142f86125,LTC,-1517.964
865,981c4f69f0a6980cb6c13b03903d0e01,BTC,0.0
866,98d816d2709700d598338f5f7f811562,LTC,-691.582607280016
867,98dbaaba7f979d277b61e3efa6f12257,BTC,-1121.7869643794002
868,9905641e3940a63cb27ad7b0ec28f809,ETH,-8.790504846500001
869,9972e3171bb557b529b35de9b7e40217,BTC,-385.7163852624045
870,99d41a5b27b592cac5a104b1e1e27600,BTC,0.0
871,9a36c20e35ede6b6bd0fdad0743c1822,BTC,-257.6787
872,9ab9c1645c9df87e28076ee65fd29f92,BTC,-0.042222300000000004
873,9ab9d8f85fcd70fb1db579a8128ce0cd,ETH,-375.01105720475
874,9ad9aa73716bbed5eac38c94903b6ab3,BTC,-1.0000386799999998
875,9af95a6605485437c4bc2f20ac5e0878,BTC,-178.9534664438873
876,9afa6ee6e4d2a91903ad37bf617dd9c2,BTC,0.0
877,9b4d02a7a51cca0c2d17e48800c12c71,BTC,-943.3099138840199
878,9b624d2cc26d1587fa0e360c227ff147,BTC,-115.29446863128
879,9b9e512dbc0f3f0ddfcadce78a2625dc,BTC,-9.6467448
880,9bd300267b4058ce39c0971442fc98f1,BTC,-3131.826500584386
881,9c16b293e4a09e72ee3f9d1be4fe4207,BTC,-131.06320781442992
882,9c3809cdecc60cc2550aa32b0bf54ed9,BTC,-4.990467359999999
883,9cb28003759a5bfd2599ebf5a0c47c85,LTC,-599.43585964524
884,9d5857607ca48b8fd4102b85a79ccc68,BTC,0.0
885,9db9e4a4e9e446d296e848d32b5f8b4f,BTC,0.0
886,9e449b06a63cf63c48745b30532ce9d6,BTC,-243.19691203047998
887,9e670bf5c632c3f9e1e23bea990d1a62,BTC,0.0
888,9ec44d8b242489b6096abcb689fcaf35,BTC,-0.0403198
889,9ef9d4fe7ed00b2b41c5e9413c4b0d1b,BTC,-672.6952646210999
890,9f2846425bd16355a0d37a4710e8b979,ETH,-238.23490365562003
891,9f2c17ddb49951e538fcf4c59fbbf799,LTC,-20.595777668532
892,9f6405b2de4808dd6fcce0a7dcbb5078,LTC,-2799.6367062920003
893,9f6cf58dac69704ec5cb33006b0670c1,BTC,-215.4894692989
894,9f7af6c609f2172c3d2858c9f09856c0,BTC,0.0
895,9fef94072e42f3e62d0747abad1c1f90,BTC,-101.0118448752
896,a002e7c86ffdd32c192ad760338b7872,BTC,-172.089310774
897,a037140f96968914047143aac9bf6fe7,BTC,-3.823997051330006
898,a047b88ae2b6e5fe4edc19c60d748190,ETH,-1187.2586718430202
899,a07ca0c61db5f949a3bb4b1f4965d7f6,BTC,-3291.9403162416497
900,a0dd7b19125f31fb9842849d1cd5171d,BTC,-3986.164
901,a10db54361d82268708c3c97c88cf44b,BTC,-0.026945999999999998
902,a16abbdd9c58c7c9ff19afa9b64eeb14,ETH,-146.173819290548
903,a1a81c69f3dd9d100c32a366488a499b,BTC,-17.067291557585996
904,a1ab67a4f5bbdbd0cc83bd9dbb12bf0d,BTC,-10.0026432
905,a1bf8eb902a09c19bf5a050d9d4a9578,BTC,-19133.13681907431
906,a203f2aa757244dbdbab197f3e917aec,LTC,-113.4122591516
907,a215687a45ed015e3f9af895009afdeb,LTC,-2163.8123
908,a2952f1c8d0d57343f84684eae5286d3,BTC,0.0
909,a2c9d5f974e6fd8357eeb14bedb84817,LTC,-157.647528599484
910,a2d736d746bc1600bee6efc217c6640e,BTC,-123.31010987999998
911,a3027aee48bc59cca9948db95616fcf2,ETH,-4095.4060946089994
912,a309138121173a41a975ae0db932f56e,BTC,-4.4980355194
913,a30d60c340aae8edd791b66d1f2525ab,ETH,-816.0926761640101
914,a33e344ddcc17f3e46b2719d68eaca54,BTC,-0.0382146
915,a353ecdad4132e677f047899bede41cc,BTC,-17.8602145783
916,a3615cddf687cc9b945658afac244fe0,ETH,-1021.3887431162
917,a38153b81090693f3632882d5821946f,BTC,-20.1096952385
918,a3ea4f3335315af2dce817f1fa8c472d,BTC,-1398.5823447630598
919,a4582e731d51ff285dcd7e5f269227e7,LTC,-121.1326752681635
920,a484119494bc5c115b4fbb1fc16e001a,LTC,-155.3919
921,a4ce019b1e8eead042f92df9c3116476,BTC,-0.7584511200000009
922,a534a3ebc7b5b01fb9fa42b1475b346d,BTC,0.0
923,a54f2c55755c2b736e4071fa6fe5feb3,BTC,-0.0006808117999897408
924,a56537e04a8069c93c4781caa3a74fa3,BTC,-15342.739865598438
925,a576bf41f667f55fb645db7bd871d385,BTC,-65.93247673434999
926,a59d262becd8e081b6f7b0fbcda9e857,BTC,0.0
927,a61025b2649e06501832883f4bbeca1f,ETH,-26215.5025031573
928,a63d5c4d307634d3a4741b711d9d3851,LTC,-148.819750656248
929,a64eeb4af9232a46e6153a970c42cedb,LTC,-43.534781816274
930,a66777240adc6cd9ca48c5e32936b85c,BTC,-19.3086309642
931,a69acc0933f77f374def1c217c7a1f1a,ETH,-977.0169252094357
932,a6af1ccb80a8a3aa2c6c8868e71e8555,BTC,-46.7700079936
933,a6dcd55cad117880dadde0bde75ecbfe,LTC,-1820.9267412918261
934,a700605cc6e1fdf426e685e0387d9f39,BTC,-49.3430468832
935,a72367da3b34d2e3b20ffbed61e3be62,BTC,-0.617123985249729
936,a7ef80454255f52d14ca8a117d9f838c,LTC,-3218.076291176
937,a7f490e712db0fe57a7d10962fac9b20,BTC,-9.2058579676
938,a82ba53b2910c3797aec836cdf7e7288,BTC,-0.18451450622
939,a898417050129cc464d49aa755eb1fd7,BTC,-35787.98200526488
940,a8b4b92a3ea6906f148041e61ff2f086,BTC,-28.59161356197
941,a9433fc8ff1e22fb8d6aee522cc99c4d,BTC,-223.8918451609
942,a945fdbdcd7675295265f264c9add84e,LTC,-883.682275700377
943,a96d561b6c88dce0e91db41b76bcdcc6,BTC,-5086.8234
944,a9b9eeade1eff51e350c38f8edc5d41e,ETH,-20.1282217308
945,a9cea0be4f5601ac5a7510553b1bb7b0,BTC,-143.59636340320003
946,a9d327ac104609d45aa32113cd1462c3,ETH,-252.66624813624298
947,a9d6ea1db26beec4473628eccca88596,BTC,-78.57150174130001
948,aa792aedafbab20467a3bb50660ef2c0,BTC,-104.275
949,aaad5783348bcd3fdca18cfc03bd5f3f,LTC,-1150.3592141278718
950,aafc77a3654f3ebd9aa66a0f045a50bc,BTC,-0.06660308330000157
951,ab000aaeb88e9430999219f3032d7c07,BTC,-1015.81724115311
952,ab1a0a870e3c9ba22168d58d6f62dcc9,BTC,-0.0362387
953,ac0904d2b62bc8028f44934be6d7435f,BTC,-0.55096502664
954,ac451589925ae20ccd487a46754acf17,BTC,-405.40794062
955,ac4a19ee68026f36b3490de5b117b22a,BTC,-0.042178
956,ac7d5a22192f9dac438fa263b7ed6203,ETH,-190.34229061335998
957,acb190ccdecf7d91e7ce32aa758fcadf,ETH,-296.5985208168638
958,acb3d85c5bfe5282905a5381e669d126,BTC,-0.037989
959,acd489d8d467be05239f05bf575d2981,ETH,0.0
960,ad3b6c647eb333cc0dfc04b63be9362b,ETH,-4914.837549559419
961,ad3b8c9a7f354c1dd690e6e2e50304a3,BTC,-145.38008468867002
962,ad424011ba05ac3e72347d757f6ae206,BTC,-0.06868500000000001
963,ad436f4bc45dad4a91d03f0cc2e34845,BTC,-10.085878739999998
964,ad5c0eabd55d13601e52cabb3c21ccf6,BTC,-0.023018
965,ad6cc82852676ba1198e2e64f85928af,BTC,0.0
966,ad9d2ad159e2d8f4e75271d5520c3ba1,BTC,0.0
967,ae7f6e80b540ef83671c17f237d5a948,BTC,-1.5984890085
968,aebba45721e4582f81af67f591057f14,BTC,-0.042222300000000004
969,aee53f590567fe5c2870a94b8a526d7c,ETH,-5141.61561175516
970,af14ab284e307aa36c9f5d36a351c734,BTC,0.0
971,af7a91b7913442d8422b414c573b78a5,ETH,-2955.85317654104
972,af9616b88e74fb9f746e4344bd33c31e,BTC,0.0
973,afc113845591f15f80c2516c1740c84f,BTC,-0.18197402000000001
974,afe27519e14e67d9ed3953160c00027e,BTC,-4783.262000000001
975,b024b4392211f5934fdf715ab6134fba,BTC,-10.24686831
976,b0353bfcfa600cf5af9ded4d2e69305a,LTC,-0.07851776480000738
977,b037c69e466653f732e2687b1be8c0cb,BTC,-9699.44
978,b0402b001fabc3956aeb422e6cba1c09,ETH,-5.0051991192
979,b0b55039794f35cc37c041447afb593c,BTC,-0.02851068616
980,b131d835c31fde30e93e0e07d3e563df,ETH,-1346.932
981,b189253cf2b11082c9cc98518a91422e,BTC,-25313.900394599987
982,b19386d99d59a95df5ebe6578577cc92,BTC,-146.77091077557998
983,b197d73648d4fa555b4bfccfa55e6d5c,BTC,-8.7941038526
984,b1b964ad12a3e6422e33668da9864212,BTC,-94.8043336872
985,b235b3f7af4bdd806435837d3ee91fd1,LTC,-195.4654
986,b271c141504ee5e8618398863ed8707e,BTC,-64909.7943900787
987,b28282935e4615cba2cac22aa58038d5,BTC,-563.396920248225
988,b29e3b84f3b646abd425754cee10f8ad,ETH,-2494.6185670549794
989,b2b082f210f96031def51e2eb2fb9abd,BTC,-1648.209499932
990,b2b7f5e8d00227a2c55fbfce90c2ae8e,LTC,-610.6108795841922
991,b2bcf878c067e693b78ffe63a1acc2a3,BTC,0.0
992,b2d0688c9bdbf13c826c6783ea3669d8,BTC,-0.039187200000000005
993,b361e23a07e8eaeb9ad1e445337c6747,ETH,-820.468
994,b38fa60aca95734d1497dd5752337472,BTC,-111768.1261183195
995,b39383be5edb7f65bfddb03aebdc9f3f,BTC,-4757.823120654899
996,b39e76de53b2b7a8d50a0f72640bafc5,BTC,-0.0228536
997,b421129b9376cbc9a663407bdc15c312,LTC,-5088.717729148189
998,b42dae9fccddd29a48d0b0158c1bf422,BTC,0.0
999,b46692c4cedc67d2fb233a4bf05e9622,BTC,-1.02086556384
1000,b468cf854d737af6d34079c3cd90f67a,LTC,-1084.2896331028
1001,b4a658a69e0d72417b67dff9bb9ef61c,BTC,-720.8430527396
1002,b4e387297e7d9e64cffec9a09e1817bf,BTC,-0.024394600000000002
1003,b5258b3b16b3a8893c9370fcdfca2749,BTC,-0.0464106
1004,b59ffd03000cf8adf3b285e7de3b04ff,BTC,-633.60214557275
1005,b5b76980f187a596c6ac93f470aea3b2,BTC,-0.243147
1006,b5d22688ee9ede4bdb7d5621514fd94d,ETH,-568.504
1007,b5dc1a99d3c05232f3fd6931164ff201,BTC,-1.0004995235
1008,b5ef646036d04d911e5a3332c4bcdb1b,ETH,-1558.553591377758
1009,b5f1e125aaf12117a9f460cde8289fde,BTC,-0.0236886
1010,b606d5404b4a8e3c03ddfbaba296eb0e,BTC,-1210.5612417003313
1011,b610e4b7bf2b340d30b696a15acc88d5,BTC,0.0
1012,b634f5c7f15eb1be75a4790c98ff1497,BTC,-682.6549099887101
1013,b6399ccf47028c607557cae45a115680,BTC,-7442.7
1014,b677e9eb077d48aadc7b4a61353c9bc0,BTC,-0.4889187186
1015,b6b7c8e6cac1ac1efab13c6c02d7d138,BTC,-3292.9069308355997
1016,b6e110dde20a68debce3300042e87441,BTC,-9329.46411093853
1017,b7324aeaff6d57884d593071f9b74035,BTC,-132.8803863501
1018,b7588791be8addb26517f4c96d816db0,BTC,-258.25314196600004
1019,b7ca8897341833f3bf2528c6b698f729,BTC,-5703.760781225079
1020,b7cf37474ac42e42587ac404a4eb3dda,ETH,-4196.62537284913
1021,b7da33e1c6f0b0094214a7461585aa19,BTC,-0.035568105600000004
1022,b7dfc79b44595a137ff50e285f788555,BTC,-63.30203948700001
1023,b82d649c352e1866327ef42fbb435752,ETH,-11710.941530645901
1024,b860de774c76277c0b37afbf1c558bb3,ETH,-5378.85868232931
1025,b884a3f4075326316e4e674202594f53,BTC,-148.55415778740002
1026,b88a2179fe9343c13f1e1f7d47ddeec1,BTC,-0.9944835740000001
1027,b8e9fabfb3db01363fec3ba736fe99f0,BTC,-466.6873065618
1028,b9608abce6267436de7aa29655767923,ETH,-7952.40256048529
1029,b9c3c686f3a9e694ce3e1a1511e9a721,BTC,-0.0248987
1030,b9cb37ab4b88dc9da5b7bf0521ad35f6,BTC,-0.00109264
1031,ba103937213c01ecb8c2178e2700bddd,BTC,0.0
1032,ba357815ad8308edeabfe031917fded8,BTC,-118.4598767404
1033,ba394a0226f3a65c0fc079e913afc131,BTC,-1821.6225929271488
1034,ba81f0ddb067afcd3e15a2a07530d704,BTC,-2040.6394696147208
1035,bbfacf3047104a8d525d848ce30f233e,LTC,-10.458545845020002
1036,bc38bb3598c8b14c54af6db51aadc7bc,LTC,-9524.160451433876
1037,bca9d1bfa5a0c9f539ebccd3bd07631a,BTC,-0.0332782
1038,bcb302aeecaf279d5a2d26b76f1885d6,BTC,-21.563604206300003
1039,bce3d09c04c2bdd0873be1248027f1f0,BTC,-2.02435695
1040,bda1e58fbfef6ae45683e24b5e8c4fe8,ETH,-1367.8987108992
1041,bda4d5aa7ed4b1cdbedf0adb7a426ef0,ETH,0.0
1042,bda6254071caeb20a65272d0f95eca7f,BTC,-95.70922651293498
1043,bde8869c9f54644c741210c326914c51,BTC,-109.0861517583
1044,bdf0f926e0214d3823264b3dcfb76633,LTC,-4060.441242236144
1045,be0e6c5c0a5a71e0346f28c51a147650,BTC,-0.455025823
1046,be12bd87ac8f6e533327fe0159a605e2,ETH,-524.93623532374
1047,bea97841b6d73f158e33b01a93f0bfa6,LTC,0.0
1048,bee11b29eda78093625afbab47ec9d29,BTC,-0.27615707168
1049,bf286f4f33211cf3ce2539f4451b1ca6,ETH,-958.3699209771402
1050,c017afaac356d60af364b0dc34dbfe78,BTC,0.0
1051,c04b3b352e91606e975c877407d25c35,LTC,-258.530118468308
1052,c082afb02de8e9256032f1218d6f3240,LTC,-333.28608479283
1053,c0acd7a76dc008f5a31243567797817d,BTC,-3854.50722703372
1054,c0dd538133747877da189aa7b6c78116,LTC,-238.84937077509
1055,c10726eb94bde3731e5ecc0d7d7f9584,BTC,-55.68855696226
1056,c11f995d7084f57b23e11819c08187f0,BTC,-13236.713524686858
1057,c12e798c8aeecb752a91e4fcfdc9be6b,LTC,-179.722874614344
1058,c134e9bb0a2ca1750cc68cc148458db0,BTC,-30.51523144
1059,c13e99d5c031f872ada49be5962115b5,BTC,-1049.7712560774999
1060,c1a7fe16565e464ab5876de377cbf404,ETH,-204.41669633693203
1061,c1b13f54721be5749a27ccc0626377c2,BTC,-0.0237096
1062,c1f3c953130bc9ef53df38b34d50b19c,BTC,-34.81089077406
1063,c20efccfdc8c318adc50d4fead508a0a,BTC,-20.223026105021077
1064,c273f5f4efb2021156a596ee8d7c25a9,LTC,-964.0819999999999
1065,c2ba2117bd31f5905ce6cc8281508e97,BTC,-0.0224273
1066,c2d8ee09b58583934b53339386e5af7b,BTC,-0.0382775
1067,c3557fc74707312624d05da497d34eac,BTC,-44.7634830812
1068,c366e3ddb6954543a8863e4f8b199c62,BTC,-0.0237277
1069,c38874411d007edc15228237c372d9b2,BTC,-0.0371419
1070,c39529427261f8aadcaf152148d96fc6,BTC,-0.03877
1071,c3acce70d8daead5e0dd3e79a723efd6,LTC,-1955.0303614357742
1072,c3bf240e5fefb1929ac6021f07c5b6e3,BTC,-229.24778464040003
1073,c42b89a69ddae7a55a305e5ab6d9aafe,BTC,-1884.9947
1074,c4550eb55aed7f99ee84a82a65c86fd5,BTC,-61.38523265375011
1075,c4c42f79fb9c943432ea8ba767a55be6,BTC,-2.44845832788
1076,c4c767b322378d825cb11507f7d3e891,ETH,-2104.1419626992197
1077,c4df49720c27dfc863bf107b6ba09e94,BTC,-570.4905605795
1078,c4ea315ee8392df2388e25c3ec9ed61d,LTC,-825.404050580156
1079,c4ea5ad2a0359fe9b025e3d9c737638f,LTC,-2055.110262573765
1080,c525f0afeaeeeb53eca9ae6dd31d27fa,BTC,-4.93921155
1081,c541b4acccaa23a121cf794c26ece817,BTC,-9529.39471549
1082,c54e23b55ab27e514dc719f8f9356527,BTC,-6.1501501702
1083,c595c26b843d8cf844941fa2a81e1ec1,BTC,-0.039187200000000005
1084,c5da7c0a8b4d0735558f5bbecd6adac7,ETH,-877.0429526065698
1085,c5e3022a74bbda6f354637f6c0d754fe,LTC,-562.976383547584
1086,c627466379e7317ff95e86b9422d4bf2,BTC,-198.6297718649352
1087,c636e1865c73c6780835528739258bac,ETH,-220.075152846
1088,c655d490c05b7d439b8c9738ca088405,ETH,-11166.935120760725
1089,c661fc876e39497c55917096072e33f6,BTC,-0.1450184343
1090,c6aad91d87f8d7bd2d8b58383056c6ed,BTC,-3.0762615243999973
1091,c6be327fc47918ee53bd54a8b7eaeb51,BTC,-58.31397771550001
1092,c6bf1d47d489d62769b533a68948ba53,LTC,-223.362653682246
1093,c6e1ea37f43a9ade78942075b96e56b5,ETH,-1730.8258513901199
1094,c6e639f1c2eff52f229d3137d519ab7a,ETH,-71743.1579729567
1095,c709fd47a5592e05af39ca865b1fd27a,BTC,-64.5972940005
1096,c72fcf807379c262ba3ddaafc79f5333,BTC,-3511.9933506178
1097,c75ba9f7bb1296bd25ec026a5cce02a1,BTC,-549.54495680023
1098,c76e557a739beb0f4c2dbd24ee6442f4,BTC,-1940.7423000000001
1099,c79c05b1ba98e605cef489ffcf06e494,ETH,-839.4090331739699
1100,c80065709648a26219937bbcda2f9f06,BTC,-3.80340211387
1101,c822f0e045e4352fcf5c72fdebf4dfe5,ETH,-48.18113443881676
1102,c873bf00631852ef49d655e8994b1697,BTC,-16.16180327153018
1103,c8edb3b799489f0695f702beb22a0569,ETH,-93.44269422480001
1104,c926a895b7db779b445f0cb33b195d5d,ETH,-160.85096274889997
1105,c93804e37cf196a9465d6cd810c08960,BTC,-136.9605189190919
1106,c945bd5f18659d92b127a02acfbb9664,BTC,-292.84064105824996
1107,c978d83b451c1e291991f7088737375b,LTC,-1223.757908246756
1108,c9859e37420cc0f9ac425fefa42228cf,BTC,-0.042178
1109,c99495eaeef53ba9edc903023542a48b,BTC,-150350.92123670515
1110,c9ba56b706623c2a8b017a2433c5ad6f,BTC,-407.58351430724
1111,c9d373f0a69ed1b056dea12ec5d152a6,BTC,-62.695423908113916
1112,ca05169815ced5eabbba84722ca3d55e,BTC,-1493.11131799314
1113,ca24100a41b4349921953065908caafa,BTC,0.0
1114,ca253c864fd856770b2ec3d708b384da,ETH,-535.42079488744
1115,ca2b1e3a38e15fb562720163cc8a80c9,BTC,-2241.9047417165
1116,ca33cbddab247633a90948b36cc1124d,BTC,-0.10890454100000001
1117,cb029a7d1db00e02fb9b118713faa465,BTC,-139657.7021054565
1118,cb054e585502c015f78db4a51259c8e1,BTC,-6106.897028516584
1119,cb0ae1b914a4a7cff23dc877cacbda6c,BTC,-0.0224273
1120,cb62eec0483d141261b4616051c458b0,BTC,-394.8336593171872
1121,cb761bea93d94300593d15a7e700875b,LTC,-42.461190067636
1122,cb844ee9b4f562a1c12f9e42267bf932,BTC,-0.5483316816
1123,cbb8f35c519bcb46d29e11969a6212a8,BTC,-2900.0596288195998
1124,cbf52aa51f0d62b367d5db749174d030,BTC,-4.21706430286
1125,cc0f5dde779ce6ade212aa0927e2e45e,BTC,-1125.99698307488
1126,cc1db5b7aa5c70afbaf71d00f9c119fc,LTC,-300.921940562243
1127,cc4ed5e1dcb241f2a0347584d173ea97,BTC,-1066.993476228
1128,cca8835ec75540942ee88ffc1abf84d3,BTC,0.0
1129,ccb05f838cfd7193e0f6cc2b714db3c1,ETH,-1979.3389037089996
1130,ccb478a42df001766ac015e2a362c823,ETH,-21.61936919957
1131,ccb8abf84bdafe61f8050ab1aa8ddb4a,BTC,-847.35474201108
1132,ccdadc1e980eca95fc6fbd211dcb4e6c,LTC,-504.481241669354
1133,cd00abb5f8f26d5ee3ccbacfb4497304,ETH,-8098.7044477932795
1134,cd0452c38cc6e10a1afcda02bef7a058,BTC,-122.84111
1135,cd3eb5b30a648fa07ffc62efe3d94de0,ETH,-696.97391953483
1136,cd545187c16d4835d7f4b6b0ff903189,ETH,-896.14
1137,cd6eb45678c71ca688c66555377b06d6,LTC,-580.956
1138,cda766997c9e14d3cab19fca59c39f60,LTC,-419.92743630259406
1139,cda7d8458d69f42cae969100ff9b5068,BTC,-3037.74994636048
1140,cdf688516ba8bd10f819c98a7bd8bdb5,BTC,-0.17155013140000003
1141,cdfdef3d5e68c9f07bd1a57a04a2e237,LTC,-119.92605511768699
1142,ce112b43fe2608dd0cd7b41d5e493673,BTC,-45.42522674827049
1143,ce470071e319ae6b54b52d1f31127e5e,BTC,-580.1633900948
1144,cefcbbf865a223b1ddee7b0c0ff560b3,BTC,-770.5181361242
1145,cf5019a860985aefe61eb538c267a1da,ETH,-3258.46480465792
1146,cf62e44f419140a8f95b44e31d26a563,BTC,-58.7238
1147,cf8a10184761a7bed64d5db4438a48d0,BTC,-1279.9134673570074
1148,cf9e0ea1734be27a8023fe5782360861,BTC,-88.88407020799998
1149,cfe89a5c2500de5bd97acf5b8fce554f,ETH,-872.5151903206
1150,d0463523d04ddd24cef0a2bc0356b528,BTC,-8029.143461486599
1151,d11936b9de27facd15356f7cb731e61b,BTC,-0.0106600803
1152,d123c08cf7dcb9e985d1d4962375d1ee,ETH,-15948.58319130981
1153,d1ade3142ce9983c16e4659171dfed1f,ETH,-726.56716343936
1154,d1d0ea19501f7bdd093df8fc10cea352,BTC,-4955.6487083118
1155,d1d27d9efb03fbc5762911fa398d5cd1,ETH,-283.201059053205
1156,d1de5912b5392fef5d6640858320e9d0,BTC,-0.7426703035
1157,d1e0fa8990909d51f574f6cf3899adab,BTC,-14147.777820000001
1158,d22db939236dc914d8043e67ca515fcc,ETH,-295.251
1159,d22dbef612bff6f10ccd42c8ab107299,BTC,0.0
1160,d22f0de3bf063d89096694d4847f0fe1,BTC,-9.652425182584132
1161,d245176ae904a29d454fd2c3aeec8678,BTC,-183.50542966800003
1162,d2b0069ffd9cc4397706e5625f7d99c9,BTC,-394.5627376095
1163,d2bf8b9131dc381bf41ec1e0838a950f,LTC,-689.4045170026
1164,d4590488a7f6cf00370aa535eb1e3628,ETH,-18.716228138920002
1165,d55d9fc23787227018929a2e690c9652,BTC,-1835.4464626265053
1166,d5b982a344c9e2256eaf83e82946bdef,BTC,-18775.778971039
1167,d5d5adc025b7838c9d8baeed231adecf,BTC,-14301.310804888828
1168,d60132c477ea3330c9219e2bcdf68be9,BTC,-0.0338853
1169,d60242cb7a377d4a58660aa5c8c9bdaf,BTC,-298.43086000900007
1170,d61ad3f7510b42f7e059847f6d8043f6,BTC,-10.58733466
1171,d61d9705fb3f653550b7f19af7248274,BTC,-62869.81790003595
1172,d62f076d7c6b1e0221b7eb350d5ee28f,BTC,-14216.339867740851
1173,d6964b0a95eb8bc52e5b65bdd07a9f31,BTC,-1100.9298146
1174,d69b4c5430c6c33310f06727d2b28c4a,BTC,-21.4860090312
1175,d6e215fb6d3af6dc042a3c6fa35e4608,ETH,-0.358823836638
1176,d6ee713e25d1f1d35ef72a6905a3e4a4,LTC,-600.6942190052
1177,d72ca1fcdf4e43162f85ac51360def5e,ETH,-908.6692922608299
1178,d751d2c0d6b1b357b04c88f99aa97e06,LTC,-1030.779033577182
1179,d7e20ef078ec791d563171d18a319a93,BTC,-468.6816219481
1180,d80bdc4f4b21dc100d372110b94de18e,BTC,-150.74169999999998
1181,d82a00e69db78551716be3c9feccc4c2,LTC,-1528.4955316341072
1182,d87f1f5c72f382c479de3219c948ff7c,BTC,-2732.37674820692
1183,d8d0b585dcd70e9d07d194f95e62c803,BTC,-0.038763700000000005
1184,d91ebc74eee23bae51ae30ea06883beb,BTC,-247.41380341580003
1185,d9945e617405ed10590f09905583d279,BTC,-0.031806827100000004
1186,d9a9c31c245a33edd36adf3bd5e259d0,BTC,-4193.0878827078905
1187,d9c6e7fe6eb1775c0c743b484b8b6f4f,BTC,-311.741939834
1188,d9d6741beb49167863f29e137f137180,BTC,-519.9553038995002
1189,d9e10812ca4db57b1054e296dd02a3ef,BTC,-0.10503277762
1190,d9f6eb5c125119a96dc0886f29a3ec69,BTC,-330.69901004120004
1191,d9fa4424eb6beb5a5fdf5ea05bb2861d,BTC,0.0
1192,da226a02ad77ae1b2b3f47153dff8e72,BTC,-196.924966548
1193,da2e897513710c9293f9a97ef587d913,ETH,-174.727670964996
1194,daa73f90351f5b00422779106b81920b,BTC,-0.0039231299999999995
1195,dab9e812311e1594943f36aa55835c62,BTC,-770.284824
1196,daff7837bcc0ea59666a0c97e443b99a,BTC,-104.8304637904
1197,daffc578665ea30808505fd0c3c295ca,ETH,-777.642
1198,db083ff504e2e2eb6bda92d6efd2dd4d,BTC,-192.99180897920002
1199,db430d624b1440c5dae19d1e2cde95e0,BTC,-6400.949624000001
1200,db453782057fba2dd5ac599242470dcf,BTC,-0.17811433169999968
1201,dbc0cc376f40510ae7f718dab94dc409,ETH,-1035.24765247
1202,dbc66f0d9a845796b13dd7b4b9f218d2,BTC,-16.68577838814
1203,dbecf88804a53f1853c5223d8b83f0d4,BTC,-1174.6941869000002
1204,dbf711d65572f5ef6b454949e473da4e,BTC,-557.3182
1205,dc0cf523c8238fe7997a025b08f4fad9,BTC,-1749.9036532111
1206,dc2bae1b484047e66f6d394a3c96de6c,BTC,-762.2619347679
1207,dc8f20cac9e73261bd623690df66bc11,LTC,-272.803276709915
1208,dd6226dcf41d8b5592641cc95cced37b,LTC,-401.98319854069985
1209,dd7876328777f5800b02cd13b420d676,ETH,-226.64303616538996
1210,ddaaf1810e808dfebb9df425d2cc4b77,BTC,-6724.307851072871
1211,ddac024c02ecf3699d6a159526953a3a,BTC,-0.3299321569
1212,de65095adef97898123862196ef673b5,BTC,-2.709314528
1213,de81cf1ea81a712e33b6402b964b47e5,ETH,-1035.576
1214,de8dcab9e9bb9fc83f22a3476bf10834,BTC,-11797.17667555844
1215,de8de84a2efefa0b57b520964e5c7040,LTC,-209.82504152534497
1216,de911ec61fcbf908945ac1a6a07a3792,ETH,-16786.004637697017
1217,dea1fdc5a625c4b1cf85fa1ad0c515da,BTC,-2.06018
1218,dec328f61c3ae74657bacb7e59fbdae3,BTC,0.0
1219,ded8d32fdeac932de02c61f66ef8c4e0,BTC,-89.48318212105
1220,dfc9c074e82eee2aea78ef2b38a70e81,LTC,-545.6142418228758
1221,e06e34a568d49c938f79d9502547befc,LTC,-350.11754728017894
1222,e07ecdf8dd18b549db28aaa54a7bc4d6,BTC,-4622.18237931804
1223,e090c2fb940f9c77dc7ee411ca22849b,ETH,-227.83944396471009
1224,e0a2854b699e7ff010edc2b5cbf681cd,LTC,-118.107440346945
1225,e1201301da9518bb3a688d4b70828cec,BTC,-2772.63543788834
1226,e126d1e121ecc7ca605ed7ddf134c088,ETH,-1089.442146327956
1227,e148177e9d626a58d7b8b7affaa3f7f0,ETH,-5937.944738314331
1228,e163e427acbbca5d8597236c2dfe34ff,BTC,-0.9978343459999999
1229,e17a4bc0b8a0de1e7424f97cffd1ec5a,BTC,-0.039187200000000005
1230,e1c133151acad10c9c54365392bb6511,BTC,-156.724108
1231,e21782646962bb916552e8d5e568ed4e,BTC,-117.16717886814999
1232,e24a56ab3c3271974282077f383bf38f,ETH,-1004.2501760931798
1233,e251d9bca4fe5367ff60bd03aedb259d,BTC,0.0
1234,e27eb4850d21f39f862b079f26cc9ab1,BTC,-6.3527745630000005
1235,e283dc234e9ce7ac53aeac1dbc2b5459,BTC,-0.243147
1236,e28deed432c0805a8d0934043a8b5924,BTC,-1092.61981163541
1237,e29ac18c49a4635164fec01d7d92b4d7,ETH,-300.34335502066
1238,e2a456314eaa9c69eb76db818a8a2ed2,BTC,-0.4245600594
1239,e2a76150f85ee1d99957a42fedda98fb,BTC,-0.0380688
1240,e2d67e970016267594a455fe841e897e,LTC,-1244.2342016620569
1241,e343e71f8beaa59771820475365eb1d3,BTC,-1.09701449105
1242,e372af6b663ec448799a39bcd6033fb1,BTC,-322.06379119999997
1243,e3f031669220372e0bfd7a7385b4afbf,BTC,-2545.8649670079503
1244,e41e3f3576bc18bc585f24aaa97e9a74,BTC,-46.681760488690024
1245,e42230f3fd396580fe51eb6e921b26d5,BTC,-130.24879979448
1246,e4447cbe33c16acc424c2cece100df06,BTC,-3.8410340065999997
1247,e449be45402504e0fc76afbb6e498b5d,BTC,-61.240928829800005
1248,e4a5074bf3725cd24e02586a2b4fdb84,BTC,-0.98632898
1249,e50d4638f16ab217942446f8aba047e6,BTC,-43.32981337721
1250,e519e99f139346b18894a280496b9756,BTC,0.0
1251,e544b4c40809d72d16c713357768498e,ETH,-2047.1424020906602
1252,e5632f2b0bae88e7a1fc1130ef369d8e,BTC,-145.954361595
1253,e578dbd3122c8ce2707b3805a90c9539,BTC,-0.042178
1254,e5791db0d9183ea6c49f8eeaf0147f8c,BTC,-177.5255247765
1255,e57c7a759ce266b7ab3193804d1c37cd,BTC,-248.48847296230002
1256,e5d54456a95e20d147cd21fa1328118f,BTC,-0.008285780000000003
1257,e621b7d89fdfa6026d8099c95aa057f8,BTC,-143.1417410344
1258,e64295886892dd30825750da971c824b,BTC,-203.4396890358304
1259,e65d40b44bc1cb382ca4f6332052e940,BTC,-4366.702556270988
1260,e65e5c6606204e0e4b1d5343574ab4f9,BTC,-17.40928268019997
1261,e698825f885b69aecbe2fe07dd70eeae,BTC,-2717.3907744413
1262,e6c6fd8bb228cd54fdc77f4fd7c0e019,LTC,-345.74
1263,e6d48e92f7ef2e83e51b63dd04f4bf79,BTC,-4529.362799668801
1264,e704910abcdc36b2c791811ba90908fa,BTC,-348.669701364
1265,e732e13bda166defcd728cc97b6d4340,BTC,-61.2674266016
1266,e76a0ef949ccc7ae3c1eac1b1c76c058,ETH,-146.97316083885286
1267,e7748a616881a0115d248d45493c980d,BTC,-5.06922521541
1268,e7ae10ba0527df2a5cdf7b89260cb13c,BTC,-4.07732247744
1269,e7e30d131a0213f48f7a2147b6b1c93f,LTC,-643.9438724225861
1270,e7f8695f074966c9bd4eadf2a06c98ff,BTC,-10.17531786
1271,e7f8c3abb1896b501720b21c65e39d82,BTC,-5761.773855608817
1272,e8060a0e20f90ce9b8bc2ab2c0a9dd21,BTC,0.0
1273,e819232c52bdb6764c44b518466239f4,BTC,-184.37501492422922
1274,e851627801d40d159bb235982709837e,LTC,-99.001220711227
1275,e86c361624c84009bb8130d297c4cf72,BTC,-0.03431857728
1276,e88e7dface6f3713886508f2efff2f7d,ETH,-16109.928485382761
1277,e8b3e8929ae3a2a7f2975002b5c1ca27,ETH,-413.23456150440995
1278,e921169978e380adae71f6cb0345a379,BTC,0.0
1279,e934e288797b7e1864d64f8faf217597,BTC,0.0
1280,e93f8c7c525c4b546c61f671ed053007,ETH,-8.15538200016
1281,e9717defa623d49ae138f4871374a820,BTC,-1.276086875057203e-15
1282,e993ee7e64c141471621a4c8820be2cd,BTC,-3.197949674500003
1283,e9d1c9a8187607264fbfdcff4c4a43c9,BTC,-3571.7876478646804
1284,ea1149af3c56a31c736197d0f9639b41,BTC,-211.8879009301
1285,ea5069790b761cbf6f0b75e7e64144c1,LTC,-20.083853680490094
1286,ea5e8cac9b74cfeb5520c0f34feb1dcd,BTC,-942.6355148571299
1287,ea6e4e47a1fd027f0acb8500ba701f7f,ETH,-1524.7318082555698
1288,ea96dc80c069c83e3604c8cf11dfff6d,BTC,0.0
1289,ea9895c0686068d29285cd5a99847603,BTC,-0.023927859179999997
1290,eac57b8f84777ef08fcc0cea9d09f460,BTC,-20874.949170202475
1291,eae2839280323e71bcd133f6fe9e5c9a,BTC,-0.023274800000000002
1292,eb3eb3e9f3fc029fd45f4355e35c2d97,BTC,-0.042222300000000004
1293,ebc1f952154bac77f48ade2eabeb8c16,BTC,-6279.105094493159
1294,ebec74ba143d0668f157098380e397a7,LTC,-13291.79268808177
1295,ebf06a08e4aab0d88ecd2940739c9922,BTC,-0.9849913596600001
1296,ec15428e7bb1d4721e0acd61ff794813,ETH,-2670.97088390962
1297,ec32b052b64f492e5362a49e652f67f9,LTC,-63.520288491479995
1298,ec80ccedefa311fbeac0a437bbbb389e,ETH,-803.2324436047501
1299,ed0a8f7f5332a15a5978110f3c36f46e,BTC,-8.26e-05
1300,ed74a98953cb41cb67fc8d8602394172,BTC,-0.0380316
1301,ed75aa73296f50361d76a89aa74bb911,BTC,-109.73781323500002
1302,ed91c4630b16002b0ad80a1028851964,LTC,-92.916775368212
1303,edbd4163960af11cc34c073705cc56a9,BTC,-0.039241000000000005
1304,edc26e129dc12a639c2badf8a786f3a8,BTC,-22.56352667490001
1305,ede30c32cef38d3561638f85357bfa2c,ETH,-954.6937117606001
1306,edf8395ab71de300d2742d8a072d6ded,BTC,-0.039241000000000005
1307,ee5e5d97e27a5200dd469d4d28bb84ad,BTC,-0.022365600000000003
1308,ee63fe68718104dde3ceeefaef922006,BTC,-101.21084338040001
1309,ee64c7696d53a86b1e92e935b247c230,BTC,-98.54256890309
1310,ee8a08214ba2018c41842b2e841511f9,BTC,-0.98387952
1311,ee9d376e241c79ac46e2a31b54da89f9,ETH,-560.9461228097649
1312,eea979ac5be7cb753d31c11f03afe3d0,BTC,-4.6206261
1313,eeefbb7fedb636b80099c3653bc60935,BTC,-0.022429494000000015
1314,ef23dfac02abc660e5ebac010bfd5016,ETH,0.0
1315,ef5f5286cc72c2072ed4c8e3290cec25,LTC,-2.664376818114
1316,ef603a1cf51c24f997b0f54a302e2acc,BTC,-0.14244430254999998
1317,ef7e6e98a2742de9de11cb9310a7a3f0,ETH,-11959.227683192072
1318,efc85f706b38295ae4d35d349e8b8a27,BTC,-0.00331184
1319,efe6716969c10df04c79650164c0abea,ETH,-470.42696682912003
1320,effdb6eac953b3dc1409bd51e117665c,BTC,-10873.814161009403
1321,f00eaafe9f4dcd79e092200de14c60f6,BTC,-41.5905674093
1322,f01277e909eea4d586f5c38459ff8a80,ETH,-120.23953852726001
1323,f064686b7ff35c78a2063c10d9b679ed,BTC,-36.9694342039
1324,f0c9ab98a189229d2c3d6ca5d355ed7c,BTC,-3851.39053838805
1325,f14ca14659d01888d59f2ccbdb2b8259,ETH,-62.51613864703033
1326,f1555750ace0cf220f1f2825e46827ee,BTC,-1879.2073288469905
1327,f1a2acd206281e26b4ff413cc9669e51,BTC,-48.5615172112
1328,f1b937189f49c47926a9d8cd2634e2e1,BTC,0.0
1329,f20605b001f01fae8c605e049bd9f7af,BTC,-3537.9878938786896
1330,f2145994e9f985feb180e30b7530fa4c,BTC,-509.73504845799994
1331,f28c3029ce407052d526cd8c4b73900b,LTC,-395.27560000000005
1332,f2e17c064755fb2e1a24afde30ecda0e,ETH,-202.33578042718
1333,f3a02f7fcc966a1d54c6f8138ac87e03,ETH,-1519.5570332285
1334,f3a9217af91cb1570b8c320bb784e467,BTC,-0.0208616102
1335,f3cd1eaeda700413c156d257effae320,BTC,-15623.594672912197
1336,f3d85005432ea7b1400be7bd7bd0cb40,BTC,-0.5367620160000017
1337,f3dec6da05417690f5f4a1969ddffc9d,ETH,-202.30892443661006
1338,f45638baba604d52629230ad672e99d8,BTC,-2.0898103199999998
1339,f4f8d579d8b553e44aac66e7ef285266,BTC,-240.22775335003922
1340,f57600992a29888e99b3f616fc9a979f,ETH,-14435.918691631696
1341,f66f65e7184794fa4aef040e9b95dc69,BTC,-45.90111744800001
1342,f680c7c10342329b33ed1796a4e951d4,BTC,0.0
1343,f705eb3c912406ad7ceae25ba26ce3d5,BTC,-9.997430922437568
1344,f71396d1a37b31d23cb48e598c628547,LTC,-52.80847831341941
1345,f71ca680a9a1d6c283345e9991bfa749,BTC,-0.772568121599999
1346,f7417e3b099ff30db514805b3e370d27,BTC,-148.96615591670002
1347,f768ca2fa717b10f533a81fed9a791ac,ETH,-101.56492041124001
1348,f7a848b816d17864489dbea132649a70,BTC,-44973.4
1349,f7b35dff3d144f3b95be20dffdc1f641,ETH,-203.79517123757998
1350,f7b626559cda070540e60527dfc08a3f,ETH,-0.6754584033600134
1351,f8034d20c74a158c6560c85ca640a5c6,BTC,-5922.15375806928
1352,f83db5f9aa59686fc6b1387e2566f954,ETH,-669.62312417728
1353,f87affc23013d9c1679b01886a7aa619,LTC,-207.846429528172
1354,f8825b519b16d2de6c6cc29e0326a3eb,ETH,-218.2946
1355,f8b17327cc2ff499c717f99521f478ce,LTC,-364.89134592149793
1356,f8bfa051efd3a3fcfcdf6700d4e2e36a,BTC,-581.4948653402846
1357,f8d1510da8aad2e5d82895be7453d400,ETH,0.0
1358,f8dd48eb0c94d864966587d04d3f8608,BTC,-625.41556616258
1359,f982e7c102b48f10109e84961876aecd,LTC,-23746.67836554521
1360,f98b649e5904e28d54fe4c620b08f961,BTC,-0.0464106
1361,f9c1274208f675fb4088eab8cdf8c7c8,ETH,-65.20571976045453
1362,f9c2ce16b3c974f493ef2f08f3713a21,LTC,-3199.1130251286527
1363,f9cbef0b85f78be86ba423b8a8f33fca,BTC,-3240.6664967017
1364,f9d7f89e0406921d8b69b205ef6ed5fa,BTC,-0.3647320668399999
1365,f9fe13db29529955718e9d4b24d3be38,BTC,-4143.5413088395
1366,f9fe586c21cf0b9dc0e3b03f3f3aef8b,BTC,0.0
1367,fa236c36b815694dac7390c78ca3402d,LTC,-392.931790434256
1368,fa2851bd6fb85d89d66f67bb05f094dc,LTC,-2836.524423831668
1369,fa3a3228f5a811ef20a6554a883cc27b,BTC,-9120.704743756605
1370,fa879157f3e0df0b44b04dcb2676e442,BTC,-9.71501556
1371,fa8a0d130825c5925778b6c79780b6f3,BTC,-104.17347638460001
1372,fa937c7b1cf0f6747451860a6671622a,BTC,-344.46915873020055
1373,fafe7fe0f348d44d20e3d29e65872954,BTC,-0.40837974720000003
1374,fb200d02bbd287ce70d56f7dfe685ee9,BTC,-0.0381337
1375,fb24e3488a2fd3b2a48baac52345c6d8,BTC,-0.00507288
1376,fb5ff347e076fdc55da95ed21442364a,BTC,-0.38496977025
1377,fbcaef04ec870715e0993bb959eec077,ETH,-5982.820097133304
1378,fc31548d0b5bd14a544605b8c98f4b87,BTC,-4.169519718000001
1379,fc3dc6c424a126082606103a92487642,ETH,-1155.19151184944
1380,fc84172c835397121aca79f81e4e21aa,LTC,-143.84065264567275
1381,fc8b91410f81948452a59645296f9f02,BTC,-1297.661080490109
1382,fc967676ce98a314638f335efc9042fa,BTC,-463.27038751453
1383,fca0b68ae2060a574e2bd4c1dc5040ff,BTC,-138.6787960442
1384,fcfb2482ac529b2ff6eb3c161d08b1fa,BTC,-260.7718899206
1385,fd306262293e98868a94b8a42429141b,BTC,-84.409666714
1386,fdc1fd3d981a22d86a10be9f037b9185,BTC,-1300.7926081917997
1387,fdcb9b7a7240b99538ccd2621498d41f,ETH,-50.997756111650006
1388,fdde1abd67dac0fc26c89648a59f0adb,ETH,-4967.35405035229
1389,fe30216c61f850b5b1f18d5dd8d85eaa,BTC,-3826.7624340682933
1390,fe8cde15d26c81d78b79fe1ad14fc0c9,BTC,-1669.607574523738
1391,feafd651d36ee2676a76c163c17ec904,LTC,-1023.4765981787219
1392,fef67807607953567387994c9b473976,ETH,-418.29689817752956
1393,ff5b049c6c1780f8b736b9245fc3fe21,BTC,-96.379504698
1394,ff70ebb557da3e2251bd544f1a771fd2,BTC,-1572.0351602691999
1395,ff76a5528b76f5f6d29a74f7b1e90ed5,ETH,-357.164
1396,ff9142fa600204ecb6255e6db0c68f74,LTC,-29.0406
1397,ff9cbfc252e3a769ca50948b180ab08c,BTC,0.0
1398,ffadc4c88a710af55ca2168ff8ceddfb,BTC,-0.023916700000000003
