,USER_ID,TRANSACTED_CURRENCIES
0,0045d07aa8c56b25d078c2920219fed8,BTC
1,00532657bb098803ee5b13b76ac739ed,ETH
2,006bae3ccde38fe8d5299c4123925b03,"ETH, EUR"
3,0086e30f8d8e1518156df8915269be34,"BTC, ETH, USD"
4,008793c7766aa0e097dfe58427b89389,"BTC, ETH, LTC"
5,008c9db56b3ca8f4b7999c9d2d522d92,"BTC, LTC"
6,009ab16c525ade38cab0f73bdc6d6cef,USD
7,00a0ce5819d991818ef208b80dcf4bd1,BTC
8,00a9c60d8ada9ea6b7c8c6b69501aed3,BTC
9,015f3d430c65c962fb6bc8f7be2da503,BTC
10,016b9449d13f8cd1daadad398590c70b,"BTC, ETH"
11,017d8ca46b3cc4c8e8da5d5df0e5abe3,BTC
12,01e8a2e7a4e57736df09c7807de66083,"BTC, ETH"
13,01ead172d89dcf96b536dc76f9e835b2,BTC
14,01f99f82502b0579de53e98dd3c15c06,"BTC, ETH, EUR, LTC"
15,0202c202afcf3dfc67e4a08bf17a4ee4,BTC
16,024525371a4ff934f58fbffd35a129df,"BTC, ETH, USD"
17,02b3ac56fc650f992c3f68ceb3edfefc,BTC
18,02dfccf20904eaee49633aeb4d44adf0,"BTC, ETH, LTC, USD"
19,032b9eca586459dc2d5b1bbdeb228c8f,BTC
20,0404795663f0281a0b539a65ed02d603,BTC
21,040eaeb37b98d04b5b6db6e9388cc994,BTC
22,04ad74734d7bafe1823376610f59d5fc,LTC
23,0534cb3d8c58e07f1d54b102667bf3e8,"BTC, ETH"
24,0538a79f0588f57ab2df2c05996c4f62,BTC
25,05460fdf4361e1a43bb7b3f47acfffba,"BTC, ETH"
26,056cec273f01d7757ca925bfd38cf271,"BTC, ETH, LTC"
27,05a5739881947bb5c455d7eebbf70e5d,"BTC, ETH, LTC"
28,0630825f119801ca90274cb8968946b3,ETH
29,067c7285622245c385b261e28e16088a,BTC
30,068fd28d306c8793c7a419f85a09a1a6,BTC
31,06ddc401da2f5e3c6969c7a21273a341,"BTC, ETH, LTC, USD"
32,0786d4406e757ca28cc26954dc31ae48,"BTC, USD"
33,083743fdb35ded42d3b6cd68e2d3fa68,BTC
34,084a152155a2f03b4abbb84e62e56866,"ETH, LTC"
35,08a2564e8b0299daa763b823cce42755,BTC
36,08c1def55cf6880503336ba1f5234e37,BTC
37,097bd9dd47cde3bf62fede0ab072ef68,BTC
38,09a1bb3c43385b0674e47ccaf7278417,BTC
39,09c5e7c3356bf8336df6088be54481c8,BTC
40,0a23653e68cdc58d7081d1535bba423f,"BTC, ETH, LTC"
41,0abe6b278525b38cb4c1af6c50a3cded,BTC
42,0ae879c422d282d5dfe05194534b62f8,BTC
43,0b0c4105cc02f581c29c8930d06c6912,"BTC, ETH, LTC, USD"
44,0b1284959cf82719f2eee0b478909fdb,BTC
45,0b260cf54761db050c660a62173b1da5,"ETH, LTC"
46,0b4339a6d42b0218acc903c7b876997a,BTC
47,0b4e1a6e58b9d9e5cdc61c4b12a1c91e,BTC
48,0b72d3f7d42cd93aaea83d819bb72b65,BTC
49,0b819104b7757343e191bb2992db321e,BTC
50,0bad5fdedb0ddd1d2287039f6588c3c6,BTC
51,0bbef52284fd7c06a93c034090cc7ec9,"ETH, LTC, USD"
52,0bc6ff0fd6e0408352e7635812bdcc1b,"BTC, ETH"
53,0bce3a37e41aabdc48389916e8b2971e,BTC
54,0bf6b91763432a35e94e6f1e19c9dee2,"ETH, LTC"
55,0c5df2e47faf3b5dee8e041ce1c1f018,"BTC, ETH, LTC, USD"
56,0cab77d877c86d3650188f2930c72812,"BTC, ETH, EUR, LTC"
57,0e0c4e2fa70075d21e7f4faa6e1612a1,"BTC, ETH"
58,0e44fa228e3e1b7dea2c5f58ac744e8b,BTC
59,0e46a3133940a800eafa3d9db70f51fd,"BTC, ETH, USD"
60,0ec7082165693eafca643cb727ae2d74,BTC
61,0f36fd00238f57c52ca284770ddefaf5,BTC
62,0f391cd204bd31777ef8853d2112ffd8,BTC
63,0f676a57c0f9d1c6fc86b2f0d4ab01c4,"BTC, ETH, EUR, LTC"
64,0fc655d273ec129c9c8c29b6b1337fff,BTC
65,10022a67d99e53c2d78314b2eb83ec07,"ETH, LTC"
66,1017dec15693cd725c942d42484d982d,BTC
67,10949334381296f2224b899094a50815,BTC
68,11014f3021c0cd5abe7e0dcea8f9192f,"BTC, USD"
69,1120523aa0ee28b06caf37564a26dbc3,BTC
70,113351fb32a0599e94b64a4b22b2d36a,ETH
71,11907e460d5be5726e1b2eabfe7694c6,BTC
72,11c33ab06c3d4550fbed5a360f5fe4d5,BTC
73,11faec4ac2986d1aa1619bd0b7736d5a,BTC
74,11fc6f83cbf7cce0efd3e597b1b6b53a,BTC
75,1239ed6422b303661e5b553e3019fcf8,BTC
76,124845fd51a739cdf386f70f36050f95,BTC
77,1281c534d557441f03af871d9baab8fe,BTC
78,12bf0937717d8e910e1e914f3d97d2d1,BTC
79,132079a8696891c0884afd1b1b1d2e6e,BTC
80,13979a9cc2971376996a6e032790013d,BTC
81,13aa00d8936560ebefe35c5c57871739,"BTC, ETH, LTC"
82,13d4a2285ffd695856e1cfb6e48610b4,BTC
83,13de85cf9dc51d102844a3485a818e02,BTC
84,14051e5aa9c62eb4ff10b9509051f457,BTC
85,143f4db31aa643706eed96c3a9d493f7,BTC
86,1474a5a74eddf80f23420340f8763513,"BTC, LTC"
87,150f7af15e094b87de01b6f266b9f911,"BTC, ETH, USD"
88,151980fdbdc544a61db50f2c24cfaf84,"BTC, ETH, EUR"
89,151d40890861a403b788207a72e4a64a,"BTC, LTC"
90,1548693ab03c4bf87fe6579251368ecb,"BTC, EUR"
91,154b32ffe1398a2e018eb4b2e13c37cf,"BTC, ETH, EUR, LTC"
92,15dfd72e7dfc3e7039e3b7a763bdb3c9,BTC
93,15f13eadceb0eea6f106ef27772be85a,BTC
94,164ea36dcfe2da49fc6bf4f845ec8561,BTC
95,166c196d38dc4c7fca876a8230b25d21,LTC
96,167eb9b72935f3a232fa90e3a5752ed3,BTC
97,16a9164ee408cd14b4637ea952e430c7,BTC
98,171905e95d4ba808255e1d010345f857,"BTC, ETH, LTC, USD"
99,17297d124c1b71de8f35fdb9ce06a202,BTC
100,17835a1a20e5da879ab91e165e694897,BTC
101,17e107e57045eb8fdb8b74649153ef8d,BTC
102,1878074d79b16225edebeb1de8af6f0d,BTC
103,1885b00d55950beaaaa01907ff6e5873,BTC
104,18bc4d3962ea1876b8dbf03271866046,"BTC, ETH, LTC, USD"
105,18e3c55031b452fbde7db524bb1dcbc1,BTC
106,194da53d57e61994fe830faecbca258a,"BTC, ETH, EUR, LTC"
107,19c2a8575c962730b66bd9b776a1784d,"BTC, ETH"
108,1a1838f25a915e4febf3d10c389ddaf3,"BTC, ETH, EUR"
109,1a788e529544b6118db9e027bfd94dc5,"BTC, ETH, EUR"
110,1ad0b76eef6864ca4327687a971b3610,BTC
111,1b6637297fa5432bb56d0bbd34a1db99,BTC
112,1bbac35687f006d8d07a503c67832800,ETH
113,1bbc98a2871ac9241d4f2918b3d76d7a,BTC
114,1c2030d9d36d19e25ab2e9f201983f56,BTC
115,1c59f95a905b9a58b66fd6d4bf8b0807,BTC
116,1cc1aa484fe04f5001f25a4c60e5d814,"BTC, ETH, LTC, USD"
117,1ccab5a6fea0515badb7e0bd867ddbc2,"ETH, LTC, USD"
118,1cde2081a5960c10e5fcc0791237e2c2,BTC
119,1d54fc1a3aaae553eebf72f6a60e7951,BTC
120,1e8c1c00f3bb54db256dc1f9f51ac4d8,BTC
121,1e994d39e2a393800ddc4b34bfa12772,BTC
122,1eff7366e33c184a77cb2b41d61c2b65,"BTC, ETH, USD"
123,1f32d168f6f666508d42691adf78f909,BTC
124,1f3945cd8ed8bcffc50e37b2fa6ed99f,BTC
125,1f7902456171bcf9067f45a296c671bf,"BTC, ETH, EUR, LTC"
126,1f9643b58707de304a236be0af01dcaa,ETH
127,1fc5eea11608fc8b9f1726927ed5475a,BTC
128,1fd318f597e2f506575a5de4414efe62,BTC
129,1ff35ceb9a1c68d7780629b72acb3ebd,BTC
130,206a00b6ee66d7fd141c975515cf6b9b,BTC
131,206a3d09392c36500e98a45cd1bfd1ce,"BTC, USD"
132,20a340c088f1638c778a1cfcac4d8e77,"BTC, ETH, LTC, USD"
133,20a35c795fac46ba174c1dd588fd0ab4,BTC
134,20b165036985eaa56473d8655452c405,BTC
135,210547b96189ddac596fbdb286d69dae,BTC
136,21070780cdc7de6d563c6e11dd52e3ce,BTC
137,2127532494f9b784a4f1a79282409e04,"BTC, ETH"
138,2143bfcb2f6ab5ba4d60de001c97933e,BTC
139,2147626b7b251d8affe89bf16b5b98dc,BTC
140,2188d5b4938b584c4fd37fe5c4eac4a3,BTC
141,21d44acc58a1a251e1708ea3f1bfd4bd,BTC
142,22a851c6f72427bfdff8ff5000bcce7a,BTC
143,230119ee9e74e046b529be4ab364ea19,BTC
144,23af4a56e9f3e118eaae6771a80bad6e,BTC
145,23c03101ad044f6dcc90c73c736bf486,BTC
146,23e0ae86a02fa62e1a7dc0031ca966a8,BTC
147,23ffbc08f559bea25ec96382ec84f085,BTC
148,242a62a8d856f186ccae90c99661b525,"BTC, ETH, LTC"
149,248dd9fceb1954429626913d7ff1fafe,BTC
150,24af8ab16d12f02164d5cd5c97ed51c7,BTC
151,24dcca9ddc07d9852d6d7e664c25dac2,BTC
152,259ea2c9e25c5774af9aeb01f5dce269,BTC
153,25f0fccfa552efcf037053325136c23c,BTC
154,26624560b28e85ba688d5d1cf7901da1,BTC
155,2665b8ecc280a332fd7b1007bf4e0c37,"BTC, LTC, USD"
156,267860ac579d7aef4bd19b4a7ec82833,"BTC, LTC"
157,2695d364985ad73e9822fe2ba60d2c1c,BTC
158,26d2c2979af36d6c1a89b95533fb0294,BTC
159,2728a6faf3a6de76ca9fcb456f583dc8,BTC
160,273a2ed19dc4578f66f62fe8b44bd71d,ETH
161,27875b1ab58727a00044ef79e65fae13,ETH
162,2788932d81cbd8118468d761411676e0,BTC
163,279bce5720a714e570be039c1f8abd37,BTC
164,27dc8d15b5dcc8dd5f39eb8251d69570,"BTC, LTC"
165,27eb5c9d48b0664dc2bc52fe2d4cc4ea,BTC
166,28c6d03ee715c3c6a69cd960ca404123,"BTC, USD"
167,28c91e83d1689581f4baa69abc4aa8d9,BTC
168,29008caf4054fdd324e3875c0aa3558a,"BTC, LTC"
169,2964033fd7280ee5bc4596d94e2a805b,"BTC, ETH, LTC, USD"
170,296b2c722b31cc92bd18834a74b9f87a,LTC
171,298c236ee85597cc0522b6138e28c3f1,BTC
172,2995b860983b4210a6aee234f4bdbcb8,BTC
173,29b0762e7a610c3cc3f0f7283d3e7684,"BTC, LTC"
174,29c556a42a2cef4beb032d567e5e2359,"ETH, LTC"
175,29fe986ab58e3f43f552741587c232c0,"BTC, ETH"
176,2ab6d737db374322253b83f4487da789,BTC
177,2b495ebf929ec49af351009b68a44e9b,BTC
178,2b6ca40618d0e5be82474aec830c068a,ETH
179,2c0e1013099c3d972b85a531267becd6,"ETH, USD"
180,2c46814a1b1caa6dc12615f7b6a61df9,BTC
181,2c9c460195a6708ff185b563e63b03a8,BTC
182,2cafd1ff6e307b4d4065e167e494769b,"ETH, LTC"
183,2cc2841cbe1059b1c51308a6a9ccc393,BTC
184,2ce80c3a61fb715cf7b1b9489d14c518,BTC
185,2cf47c9cf6f339b429a440a3f66261fd,"BTC, EUR"
186,2d3ce8d1a5f086a4ee9efb36c5d1845e,ETH
187,2e0070a08ae926555bf28c6e00d9fa3e,BTC
188,2e4781a5b1a1fdedda28cbe09b703857,"BTC, ETH, LTC, USD"
189,2eb902dcc9cbefa27e1207587d0f257d,BTC
190,2f0d45217379a2f97f48409210597984,BTC
191,2f100201392d0619095f5390d134d45f,BTC
192,2f4b1a98419a3fe768604b48238a98a0,BTC
193,2f7a52043f001ca7c6ca747a0a606159,"BTC, ETH"
194,2fd4581f2a431aaeba734f78d6d9d595,BTC
195,2fdd6e64413686397b477468ec9f4d5a,"BTC, ETH, EUR, LTC"
196,2fe55a838eab8c7c15e34ddbe8a1fce7,BTC
197,306be2333f47737da1e6bd2ad2dd75d0,BTC
198,307348f8e195f044ab0bef28a2d78012,"BTC, LTC"
199,30cb24d10654e22c59651545d272d390,BTC
200,30f39c1cf24265871a2eef1fbb4d0d92,ETH
201,310204d63ce32e9d28d4acedaae2fe8b,"BTC, ETH"
202,314e8e26bd1e06441cafe5cfd927df72,"BTC, ETH, LTC"
203,3154e1e7fc457a3d8678ae42e2d2bc72,BTC
204,315a1fef6bcf42c7f16e132ba5e02566,BTC
205,3274f1d58900d6084144a3fb1a59e1f3,BTC
206,3286e322987948b372c08bbcc26d3534,BTC
207,3297c889a7f6a5581ed72c29e3e37e83,BTC
208,32a455245cbb05f1c00083520de927bc,"BTC, ETH, LTC"
209,32cc5ff2ead925d2dcf965ff03e2ef49,BTC
210,335628e71b3c6ef7fde37861b721934b,"BTC, ETH"
211,3363e29ba4ed27ac97959febf68b0938,"BTC, EUR"
212,337e15f1d3717b8b742e08c152728f1e,"BTC, ETH, LTC, USD"
213,338dd5ae56ead65c61da0f47171983a8,"BTC, ETH, LTC"
214,33e8cd3f3e8957fbb0d91428908f986a,"BTC, ETH"
215,33f115e5c15770e7b3c7dcb40b0a54a0,BTC
216,341386a89f0853895504ff92574d2044,BTC
217,3433956c9a994dff97079f1eb8718ab9,BTC
218,34bdda543a4c28366055a163830af789,LTC
219,34e2daf5587eb7b2aeac57e1bbc5c216,BTC
220,3518c95b738815792e3d8258f72fdf4e,"BTC, LTC"
221,351b82a9b3a6bc3a77baaeb38ab0e124,"BTC, ETH, LTC"
222,35c3504d435fb064a0872cb25766b731,"BTC, USD"
223,35f030624760321089397b90dbd607fb,BTC
224,36555fa5fce6c254eddf3248f6053447,"BTC, ETH, EUR, GBP, LTC"
225,36a3a12b8a48288d4fcc665fa4a82c45,BTC
226,37292943dd1fab7d7d71b36e2212c374,"BTC, ETH"
227,37582aba78ae1ef7dcf74ea4ce2de8c1,"BTC, LTC"
228,3766e0c7933404fc713bca21f5a1138a,BTC
229,377df111b301076db913208a5197b467,BTC
230,378f0ad64a0811c4f3444528fb328943,"BTC, ETH, LTC"
231,395cef880decbb13dc52dc8a914dd1f7,BTC
232,397ccc02f0e0b423be9dbb20ad249244,ETH
233,3a0e589bd7c17e25c6d6456df1d5b194,"BTC, ETH"
234,3a260fa07da8320f697b5eba30f76fa2,"BTC, ETH, LTC, USD"
235,3ad0433259db461a9c04bb2cae63f2e1,ETH
236,3b00745fe39243691daf8d17b4decef7,BTC
237,3b141d8efc4cec68ca444d5b9bac785b,BTC
238,3b2b4c0f5b1e8315915fec25f5b1be8b,BTC
239,3b3ef6dcf29673f9497e2e885e24a44e,"BTC, ETH, LTC"
240,3b5115f10a699f21efd738de3071110a,"BTC, ETH"
241,3b587aa83a1c0e5989a8405044a9090c,BTC
242,3bc686a0648f424777b9538ddad302f4,"BTC, EUR, LTC"
243,3bff435dc1ed1451a648e5f6518c4c86,BTC
244,3c87d1f6b6f1a46e3aa063f254d902f8,ETH
245,3c90a31ffb79846a78fcddcbac7a03d1,BTC
246,3ce433f1c191f34597ad7dae8b60c12c,"BTC, ETH, EUR, LTC"
247,3d28b80620f36f2344c4a44f9e1c3d3a,EUR
248,3d938da2f564fa01b7e21206fbc8232c,BTC
249,3dd980e67364684197c5304948a81e88,"ETH, EUR"
250,3de77a364a8a7edb3f3429f4cdbf50b6,BTC
251,3e48e77640724dacd7e00bb002ce2b31,BTC
252,3fb8df2ea1035b900c5d2d380f6685c8,"BTC, LTC"
253,3febbc53bf8f65100d1b9f6da52e85c5,"BTC, EUR"
254,4066f4b3b966b680aa2c3aaa5b770265,"BTC, ETH, LTC"
255,40a982bb7e6c2bc417071bde8c3b7e58,BTC
256,410032f003ca8f7ac291b685ba141f42,BTC
257,41565813ec0a60a2ee442c08664053e7,"BTC, ETH, EUR"
258,4208de92c03b401688dae1768f5e7512,BTC
259,42bf5ebe4fbf4d1d7f9e7f22f8a63fdb,BTC
260,430dd7b91a6efc6da77e77f131d4c02b,BTC
261,432caa80a6f8e36a6d17a9d6e744ebd0,BTC
262,437bec22d71d15faffbe017ab577817a,ETH
263,43893159b8e3ff6490aaaa4631168e74,BTC
264,43b17ef4b7d2dac2197e9622febcdb89,BTC
265,43c55bed7a0b4b9989f60ca7a3b9e442,BTC
266,43cb12aea0adfb33ad4203c11d1bb2f7,BTC
267,43ec831c32ab9b470446f49d63fc99af,BTC
268,44a741e976c58e0ba563e73bff1d6a12,BTC
269,44df8b45b776072fec17d78accd880df,BTC
270,4552eb5a7bc7cc26c16e72c709add5dd,"BTC, ETH, LTC, USD"
271,459e2f900569ff4be0f1d19a2c6b2df0,"BTC, ETH"
272,45af29bb0896cedeb170d7589ba3d174,BTC
273,45beadd0db2961f05da8e7521cd00116,BTC
274,4669164c2ab5fa495952831d5b083505,"ETH, LTC"
275,467ccaa908abf155a96bdc6826c6ca44,"BTC, ETH"
276,46e218bc8d1f139555b2e828dbfffbc4,BTC
277,474102ef3748efc53237ecad21af9b41,BTC
278,475e92a973f3c8963c092ceee4b826fe,BTC
279,4774bc1e2062db6648b4ebee92b2fef6,BTC
280,47a0e9934e3c36a8274685d5c1308ea3,"BTC, ETH, EUR, GBP"
281,47d113811246cb2e1c3b5c44b7ab2098,"BTC, GBP"
282,484e853911d2c6be9191d1b6f4026ab2,"BTC, ETH, USD"
283,48c036dcb9291e6800ab9eef22d289a7,BTC
284,48cc9779135b57b6a8d4052e93bb843a,"BTC, ETH, LTC"
285,48e077a9a49d2fc5a1a42ed43f8371ae,"BTC, LTC, USD"
286,48fe11b189a63b0f7108fd447050b82a,"ETH, EUR"
287,49612e1188e897b8cbc98143a8e11930,"LTC, USD"
288,49c0a65e8fc52a7902591d5be0316bbf,BTC
289,4a06ae4f7b47874e85493a27dc2f42df,"BTC, ETH"
290,4a24485c5e5c1e309e319f2cbc39100b,LTC
291,4a329de221c93b2fb25bf4f3ceec9556,BTC
292,4a4c197a45579febbfbfe345782d5be8,BTC
293,4ae3cb53aba0811c34afe2782c77b05d,BTC
294,4aff5d412b4aab1863f0fde85dd20bc6,BTC
295,4c3b6b2b82597a0051f12001b88e8a3e,BTC
296,4ca376da48358549ef9c8ccf1309bfb4,"BTC, ETH, LTC"
297,4cca2ac347436850cd0896edf5faf0ae,"BTC, ETH"
298,4d6538960fa993138515e6fd6f9a94b4,BTC
299,4dcae949219c6f885b9d62ed6ac1e97c,"BTC, ETH, LTC"
300,4dcb4a267dd79c5d1f0495808cf1b899,BTC
301,4dcf12844fea3e73976e234d5d524d04,BTC
302,4de11e42be168146d169581295a0314a,BTC
303,4e67e06d8edcc76933da6097644fc410,BTC
304,4f30308c33c85e5a456886014cd1d101,BTC
305,4f5363ff9e0bd3cbc7b0c5e883a7c370,BTC
306,504519fbd7b1d8d86f6624d31aa0ff84,"BTC, ETH, LTC"
307,50664996354b1a5eddf36adcf2028efa,BTC
308,5071310254468d837cf1ba82cc359931,"BTC, ETH, LTC, USD"
309,5096eeb9d888dea2cb7299359341ca42,BTC
310,50fa2e563e1d92479ff96843ab6787c2,ETH
311,50fb9f179f84fb291284fffd3cb579a4,BTC
312,510692eca99e66de7e1d9e01729cbebe,BTC
313,515aab0768fa8375ccf8a4cdb72564fa,BTC
314,51aabb204e27c2d67ac650ed07e3928c,"BTC, ETH, LTC"
315,5258f7d03be22667dcea4a6d9367b005,BTC
316,52721fff5990deeb0a06ec92a72cb887,BTC
317,52dad8408315cdcb6a9c81c8bb77cbf8,BTC
318,530a358a90806d4536ee55e189a8ad25,BTC
319,536d3b5bef55c666487ed19db0b426a4,"BTC, EUR"
320,5373af5aebe3961845324389c139569d,BTC
321,53a9176f484d28bacfed80c53c6ebbe1,"BTC, ETH, LTC, USD"
322,54278deaffbb2692d5f62b1bb4bbccfe,BTC
323,554899493381fbddd21e3246be10313d,BTC
324,56e0ea141fe36e3343173516d2cee412,BTC
325,580aa247550a937e04c7106246493831,BTC
326,581c2381f21cd1b64751eef577814c41,"ETH, LTC, USD"
327,5829f4cf3f92b0690c988ed0771f3edf,BTC
328,58623813d9bfb5ccf96466a1c90cfe42,BTC
329,5867ac641fb362074ac1bc6dde7f0c5f,BTC
330,597fc58f171fb9f39e85868ab16dc193,BTC
331,598604c41c31dbf7699fec30dbe84b54,"BTC, EUR"
332,59d76c6bff6e7996e4232ab9c7b2f9ad,"BTC, ETH, EUR, LTC"
333,5a012d92a25f1fdad70f1f18ad95550e,BTC
334,5a18d09b40c6fa8efd5acba2470cc864,"EUR, LTC"
335,5a58844acd272f8eb6ac58bbdfe00be4,BTC
336,5a71691509a5afdae4bc54c115af8f8b,BTC
337,5afa9205b7f2c5a867552fd457b3c9fd,BTC
338,5b0ec58841c6f5e5440fd96f8052daa9,BTC
339,5b0fe7b00412bfde4d0c236c488ddab9,EUR
340,5b2725548f3b713fa70e39bb7aec5e7e,"BTC, ETH, LTC, USD"
341,5b6059948043ccb65f3b5c846b174028,BTC
342,5b96da1a8dae6da9325181f801288c5d,BTC
343,5bc1f7e1864d5584095fe4784f735c38,EUR
344,5be19f11b4dcb65a38fc5c1b61545949,"BTC, LTC"
345,5bee9b9f5bb799e14fb63cb384ffedfe,BTC
346,5caf910b867a8bf2929cf2d0baa1bdab,BTC
347,5cc3c3f20a7516e3fa020b6a9b8559fd,BTC
348,5cf3594a42c4730deeb975f2826a4fc5,BTC
349,5d0fca8f2c327276ca0d64b017c543b1,BTC
350,5d1d4c39e7b1f50751d76718c34c15f4,"BTC, ETH, LTC"
351,5d1e4285622c606658956a2e2420f030,BTC
352,5e3240c732e5d7cf80836baa92863d4e,"BTC, EUR"
353,5e78e0c84f585578c629eb0f48ae136e,BTC
354,5e9f2070817c0ad69c57b956175acf41,"BTC, ETH"
355,5eae27aafbb3963fa5641aa1dc2246ff,"BTC, ETH, EUR"
356,5f26bff62e2730ad83859f74dd20d920,LTC
357,5f337bf244a69a97484613237ce7e1cd,"BTC, USD"
358,5f5d9a8ca405f3bce97271ad48d82176,BTC
359,5fae748684a430e684d6338e8b1d7856,BTC
360,6008fbf25d71e0f0e13f04764fa32055,BTC
361,60284bd2881f5c72d9b56808f535a6f8,"BTC, ETH, USD"
362,60671fac32d64b059eda5fb53e187fc9,BTC
363,60cdac8a5b106fe4505c79b8e9388478,"BTC, ETH"
364,60ed43ea8ddf6367a39423d355ff399d,"BTC, EUR"
365,615fd5df0042cb8e6ee2f9fa8295495f,"BTC, LTC"
366,618f8dc81cff705ebc30e11fd4e80e1a,BTC
367,619ddf27794d146c23ca2ab632a203e0,BTC
368,6247034239f8514eadd1db3363d49ddd,"BTC, ETH, LTC"
369,626d8e5df3ba290ae06c1029bfb26b4b,BTC
370,62f72f59ffd7489c4e9181e21e372da0,"BTC, ETH, LTC, USD"
371,63388f60319fb38fe63369ccc7d728fb,"BTC, ETH, EUR"
372,634006c0df4a137fde7b89bb28e3864b,BTC
373,63c831d7098022a87283afe15fcb9e73,BTC
374,63d782e8b0f5c93fa4cdcc1261bdaffe,BTC
375,63fe327dd433913547f768002891b587,BTC
376,643c770ba48172ed57ddcb02d0405d30,BTC
377,6447cad9323c0e90f7687f128d7634b4,"BTC, ETH, LTC"
378,645155235d745291a4b49b183c9da258,ETH
379,64a77bdd711f2332688f45fbe46fd089,BTC
380,64e010e432b7dc4b66f3a750aafe8094,"BTC, ETH, LTC, USD"
381,650d7759e013aaad8bc49b453cec52ea,"BTC, ETH"
382,65b67e82aa63d7b3c59b1334f4a5e51f,BTC
383,6613cbf100035f159e038abb2f706c07,"BTC, ETH, LTC, USD"
384,669ee777533182634afac22b181c5160,"ETC, ETH, USD"
385,66a29344adca38d118f19dbdae8e632c,BTC
386,66c58df862f616205af5c8a30b93e00d,BTC
387,66c7c0e0c06cb7b8e8ff710225242f80,"BTC, ETH, LTC"
388,67236843ce666bf59fd67ac51e2d904f,"BTC, ETH, LTC"
389,67aa0847320a6f22ca3ee54f3748b808,BTC
390,67ef75518d52851758ef308522cc9fc9,"BTC, ETH"
391,6842f7301f857f40bb273c6491ff4ece,BTC
392,6859075b6fcf1be259e232c7e1a8b74c,BTC
393,68d174508f64a55dde75eebd697ac499,"BTC, ETH, LTC"
394,6976b014a69a5e8b3a1401731a8494c0,BTC
395,69b8fc22e62176c6ca474d5b834a22f2,BTC
396,69dc6072b5194f84ae868a1f39d283a0,BTC
397,6a092c1b4cdb7f1742c3a3719ab5929c,BTC
398,6a12499a0d8765bb19772a6f4be5bccf,BTC
399,6a1bc97218233d0e37d37f91e9d7c720,BTC
400,6a3a9316a22f9d714c0a8f0c916e9b82,BTC
401,6a4db33b8d4f3161bf0cc879877ac1b7,BTC
402,6a4e1f76f8ab2c65bc6616ef7d7db904,"BTC, ETH, EUR, LTC"
403,6accb819e251b0150c731331d3712cde,ETH
404,6af9244d20fc021270214e22c33a46f8,BTC
405,6b2f573b84f1cb31d3d6031016816d43,BTC
406,6ba36e3a48300c0344e82b7c1a064925,"BTC, ETH, EUR, LTC"
407,6bd1a1974ce9639975d6ff60449ef4c9,BTC
408,6be14ae41aef33323b24ed1f1d428668,"BTC, ETH, LTC"
409,6c2583e0003c26998964a2da44288b38,BTC
410,6c88fdce045bbe21deee491cf84fd371,BTC
411,6c8c62fa4f9eba972d9dc8924228a239,BTC
412,6cb8947d1cdbecc50f022f7dd6f9d8df,"BTC, ETH, LTC"
413,6d4ddf6dfb4eba72b120992dd93231c5,BTC
414,6d4ef79c24158a9a25c3eb7d6876b1b3,BTC
415,6d9333dcb868de360c50c33364e8ea2a,"BTC, ETH"
416,6da8e98549cd711ed59373a4706d0911,BTC
417,6db5227083eb5f05730567aac8633598,"BTC, ETH, LTC"
418,6e9d36318bca172a93f73781c59609ba,"BTC, ETH, GBP"
419,6eb3bca624c522426c461c9df91d679f,"BTC, EUR, LTC"
420,6eb95af5868d5f7e42d8470eb92e20d1,"BTC, ETH, LTC"
421,6ebe421c8cc54ea1407dba4cf6e0024e,BTC
422,6f0ce56589c71ca3b298dd58ee01cc5f,"BTC, USD"
423,6f13e29b411cc8218984d94b0fda2b8f,BTC
424,6f17e6561b710769b3d1bab508ff9348,"BTC, ETH, USD"
425,6f249c38e287396614966bc11ba2883d,BTC
426,6f2a72dbcf07d1d698fdeeb09eca8ed9,"BTC, ETH"
427,6f6ede625256deb8c1998456618c1b51,BTC
428,6f7f19af183bceea8ba6bbec8189c093,"BTC, ETH, EUR, LTC"
429,6fb41be7fd912155102b9c9fc37c61e4,BTC
430,703b5dc960757c6e9a4ef2ed19af9ce4,BTC
431,70584a4e11803adc0fdcca96b56f4bf6,BTC
432,7059ca76fc19c3279e05e5446648a4db,"BTC, USD"
433,70672d581cbe29ad2c5e98bc700b05a4,BTC
434,70ae44077789ad88d5f6954ce62e2936,"BTC, EUR"
435,70c06a4865967605aa82fbf5f977890c,"BTC, ETH, USD"
436,714630b33b38001d7a68813467a80a57,"BTC, ETH"
437,71a678edfb89a33e44d0ddb0de4de7de,BTC
438,71c60a97de01d2a4ec9c68ded8501025,BTC
439,7261f1d1559ec54298403ee3e13240c5,BTC
440,72fc3ac205cf585773a8df067ebf7909,BTC
441,730cc3f3d7982f834d7e1b5108a2da10,BTC
442,7333ce3fe7f88d18746c3c6a5a66a552,BTC
443,73a06d8db77df4deb868c83beed93dce,"BTC, ETH, LTC"
444,73bc9d995bf09eb8a363a6ca6cdad119,BTC
445,7408923279d73bdf7c0ebda30e5be3b6,BTC
446,742d819c6aaf33df3d6c9ccbbd4de6a2,BTC
447,746a83382602a573e87a123c8737d42b,"BTC, ETH, EUR, LTC"
448,75021bc60237c97c7fffae320c176e37,ETH
449,753f7ad5f109ed458b32386161a6e5a7,"BTC, ETH, LTC, USD"
450,75737414cdab107a2fb3d95199075a9b,"ETH, LTC"
451,759be096cecb833c5b7d6795aad210fc,"BTC, ETH, LTC, USD"
452,75f3e99bba379d5dcf870a481f47f450,BTC
453,76e23316714d74410ddf0b90075420bc,BTC
454,77093751ee086a9f14df64cead77a0b3,BTC
455,7781b375e325ae3d3c21a90a99b8c8dc,BTC
456,78a68a52aec4128a2decf1466a2a6c94,"BTC, ETH, LTC"
457,79ab10f190a4931694ec9ef87e448197,BTC
458,79d85bedab4ab8954bb663ab85856cd7,BTC
459,79ecc9d05c1110f84e0f53cd0d9b968a,"BTC, ETH, LTC"
460,7a1fbca7da15c229faf75adbc4d3db4e,ETH
461,7bb5fd085304f434487532cd4fcd8276,BTC
462,7bc4fbad2182e180332efe83689d35a2,BTC
463,7c3778a08ee3f51377b5472526da8b25,BTC
464,7c435a996564fb9ea5256311669b9af7,"BTC, EUR"
465,7c4e9d72622981f002f7cafc7b15a4a8,BTC
466,7c54c779848a15dca07709fc201e9cdc,"BTC, ETH, LTC, USD"
467,7c6e171bcbaacf9bc3e4aae3ae2b3dbc,"BTC, ETH, LTC, USD"
468,7c852635b4ec87a95dfed84e4b769d36,BTC
469,7c85277601b864d1eb9e1112808aea98,"BTC, LTC"
470,7cb4d984837d37e94927aca14fbe3813,"BTC, ETH, LTC, USD"
471,7cbaaf49a0636c3cf1c26230b407f378,"BTC, ETH"
472,7d12ba17a606e8209106a869a245e5cd,BTC
473,7d4065e16c06fccc6d882551b1f7c362,BTC
474,7d473f2e02c4b49349f5b807d34fa035,BTC
475,7d592b7be09395380ba94fe9b2d86018,BTC
476,7d65eb8f1b69ed586b6d39e668046d03,BTC
477,7e108a1bf12461d487d0660174c4ece4,BTC
478,7e4b5f92dffa93ff7fef7f91252f6b15,BTC
479,7e69f45008eadb72a555a15cd0565073,BTC
480,7e9db9b99c6706a6cadcb0764bf2b97e,"BTC, CAD"
481,7ea2f21acaa8eb1539233f9a4ee680ba,BTC
482,7eada1d64b13b21d77bc26832bdf7983,BTC
483,7ece3d6c8abe3b525512229b7f380922,BTC
484,7f246f6d75107123c063662f6b67a79e,"BTC, ETH, LTC"
485,7ff9f93d2d3e86d4fc9a8cc2374ff758,BTC
486,7ffaa918608181884419e232b69091c7,BTC
487,8022ad60e37dd53adfeaac7847f0daae,BTC
488,8039a446aaf0be09fc0d8175212f04e5,"BTC, ETH, LTC, USD"
489,805d73d66b9691d945aab440e2a35077,BTC
490,80a22e10cb53c3d3743fbe01ceec33dc,"BTC, ETH, LTC"
491,80d468857525f72a3a5fbd47a19d3702,BTC
492,80e521c87eab3738c8e12d9983d3bf0f,BTC
493,80e844453749708db0eebc3d2d7ad7ce,BTC
494,8171d23f969cff692a79f58a4ac41b63,BTC
495,81860beeceab6ce06fac0b5cdb82b0cf,BTC
496,81ee004af283eb330fa9018286a6de68,BTC
497,8208b3ecacb4b3cfc6a393970df460f9,BTC
498,82240b748b47b518445c32cccfa4ad25,LTC
499,8254f76a6974079f0836d16ee84a7c02,"BTC, ETH"
500,82720d7d7dc0fe2066ad8524886980ae,BTC
501,829715eee61c064f4fd2ad1e05f9175f,BTC
502,830be8e5de1fb926400af18f590828e5,BTC
503,831227d8efd5f6b3cdbe8f1033cc9ca2,BTC
504,8333351cdefb4ed33e672e11cd625172,BTC
505,8399b3eab8f4ae5165d20bc91bdd21b8,BTC
506,849b234ec990304fb126b8f5c4d80662,ETH
507,84bd6efdffcd7d0e894a505ef1700d18,"BTC, USD"
508,84c4a2bbc100c5bf7d55db524a9ddd0d,BTC
509,84c7e0eee31ba7ca5bcdb9781280cc70,"BTC, ETH, LTC, USD"
510,84f2fa43f07adc4eae26783d5b1b4710,"BTC, ETH"
511,84fa76ffb70ffcce8bc65c19ec599db7,BTC
512,852fff790740560658491f1b082e6fb8,BTC
513,85f18f1fe75ebda7f465e64c04f6504a,BTC
514,861169c5c1aa59c06b8aa5568a8e85a8,BTC
515,862dec4dc0a0b4f0bfc7e47e71066dc7,BTC
516,8658664c801b3c24b2c499347fefa2f9,BTC
517,86c89b1ba16e4270bd4739c6b098735c,BTC
518,870dbbb647523fbe19c4d1101af224ac,BTC
519,8724b0f11580df979bf232545b7c93bf,BTC
520,87632d947537371b4dc9adc534781d5f,BTC
521,87676ab4f1b063c438667dbc8d97a6eb,BTC
522,87751a2de24f35eb01f318fe6e453e8d,BTC
523,8794e9d0191cb58dedada6c18624d1a0,BTC
524,87da60f6311ffa8f4d526529894fdcea,"BTC, ETH, EUR"
525,883be0830264f5818c9192358380dad9,BTC
526,886038dc135f1337773cf3def4c2dcb3,"BTC, ETH, EUR"
527,88bb20c73660faeac3090971b1a2142b,BTC
528,88e61ed056efca0a866ec84d5c16dca2,BTC
529,890f4232cc469f394a0f2baa3af746ee,BTC
530,8948c92b26ff1b198aaf887687d59968,"BTC, ETH, EUR, LTC"
531,89522d098b2becfb0abeff4e438873ea,"BTC, ETH, LTC, USD"
532,895fd22adb4fd573466f721d690c4a28,"BTC, ETH"
533,89eb5284e8d6d7a5cc0f5982ecaa80f2,"BTC, ETH, EUR"
534,8a6629f0f572478f47b00fe6eb83942e,BTC
535,8a769296f770704d32e2b754a29d85ea,"BTC, ETH"
536,8a8ba2e355383cc479c83b9f4de92cd8,BTC
537,8ac0151ee26d5181546d899b9ef4f4e2,BTC
538,8b0baeb382ef6806154e12199f37e589,BTC
539,8b0e81fdaff838380d35df8cb42b2803,BTC
540,8b25ebfa41d7da7106f91951a8224201,BTC
541,8b5a8fa7c8fa7c0928b7d7d810a35027,BTC
542,8b8bc84ea6701385dd8a286e6da690d3,LTC
543,8bbc5f1d3e69f6f62bc58164baed3661,"ETH, USD"
544,8bd3b3ceafd4e5ebcbc3be7dcb6c92de,BTC
545,8bf781d11ae1208c9d258ca922f2159a,"BTC, ETH, EUR, LTC"
546,8c4e6ebd28cf77afbabed04b7fd267f3,"BTC, ETH"
547,8d0d60086cf22aeac5dcb2574a2b6279,BTC
548,8d216dcf6e8374bc95c6ac82a5e38ef7,"BTC, EUR"
549,8d25da1fb404f124c769cf54eacf1ae0,BTC
550,8d6a354065a8cfc3336cee344b305a1b,BTC
551,8d7b5b1fa468db5a3fa7ddc7f1a5a3ea,BTC
552,8d844e6dc34b2583110ca8b7d9791af9,"BTC, ETH, LTC"
553,8d99cba987f98ada11cce9eb8a5b7b45,BTC
554,8da796bbb9eb203f1efe15be15668837,BTC
555,8e9379e729b4439c32f81dec2f2fa569,"BTC, ETH, LTC"
556,8ea0b04d163aa9f514b9f4e4b300f692,BTC
557,8ec2f28681bc2121d1a277dbc1121732,BTC
558,8edeffbcff0f8a265ffcc0a490691e77,"BTC, ETH, LTC, USD"
559,8f9adbb6173f237800afa131ff2bb6c4,BTC
560,8fe4d48761fc96126ae2768fd751c641,BTC
561,8ff9ce6d43f0a77f1a81ba282f2f0b72,ETH
562,9006b702b3821ea010b61b42c529e77b,BTC
563,907aafae0fcfc370fbd7463c4ce989b7,"BTC, ETH, LTC, USD"
564,911bea3ba631a25890c52599fbd4a0ce,BTC
565,915b8610753bdae7bcb1c97281f05332,BTC
566,91b8706775da88b2b9d179bb748e4117,BTC
567,91c0fbdf1ce91ab3b175a5510f9a8a63,"BTC, USD"
568,91dadbb65731fe508bcc5db9758ccb42,BTC
569,9260c2cb2c91292ea08ac5d752b1042b,"BTC, LTC"
570,92a674b2c5522cb8546e0d8d43802883,BTC
571,93266f486019897c9578cfe006dcc35e,"BTC, ETH"
572,9360e21efeb3dde49903ac7567a02129,"ETH, GBP, LTC"
573,93aba76f4e4d8910b1868d9dbf7f8b84,BTC
574,94122c627947ca59a123f0e6be2393d4,BTC
575,94832b8dafabc28f26ec6982fdca217d,BTC
576,95060cd182ba5fa63ad3ba5fff7e7501,"BTC, GBP"
577,953435c68c869ae5e7168feaccf810a2,"BTC, EUR"
578,95776a12b1b225a06d546c84351d5e1a,BTC
579,95fff4f8ee48fda7ed432be7c8ff2653,BTC
580,9639a1196fbacca03285901ac105673a,"BTC, USD"
581,9641dd07b501a8811a462b3288d46053,BTC
582,96cdb6fc5c3024242cb90620fe15a9a8,"BTC, LTC"
583,96e42fe344372a15f183a9ead43cbcb8,BTC
584,972e877c8c6c56cc6c02aaef85b8286a,"BTC, ETH, LTC, USD"
585,974f6dfccedd45397ab2d9f3413d4af0,ETH
586,9753391f77902121193db0a129a3c739,"ETH, GBP, LTC"
587,97e8eda4bc42bc9b50a05d5a19e93b58,BTC
588,9809ea41344fe457cdf908e5c55562b4,"BTC, ETH, EUR, LTC"
589,982a2b116c53d5a463ae5f670dc7de97,LTC
590,985173d6a7cd82b40e2cf9f6adc9975b,BTC
591,98826d1e43703cfeca715bd734d6ccf6,USD
592,989ac5c3632043686826434b7eb97182,BTC
593,98ca99b2723feb296079a30535a44c2d,"BTC, LTC"
594,9903b3f2a85afcc8c9a5ed278de3e2bf,BTC
595,990f2106c25e4b9efb520065d31aff04,BTC
596,993154ef99bba43d1e95829728d32955,BTC
597,99c37a43b57cb64cdc894502af364ae5,BTC
598,99e37d397360acce219954eee659ea67,BTC
599,99f5507bde2ddfac74308b2f51f96f36,BTC
600,99fb4a468b04eca72b71321050b8a3bb,"BTC, USD"
601,9a4f0bc97c94d67f5a30e3e67373d41c,BTC
602,9a55952bd482bb73298d3ff0f6edf262,BTC
603,9a6bd81a055be21354f7b1102412dec6,"BTC, ETH, LTC"
604,9ac64944bd1cafbf34b79cb9e997467a,BTC
605,9b42cfea5b75e5fd9794dc67eccf36d7,BTC
606,9b5e893aa8a1c3c26550a6285b76aafa,"ETH, LTC"
607,9b8402c10976c1e04dbef810efabff41,BTC
608,9bd7ceaf445d4877fe8a185e90e33e85,BTC
609,9be237d2e0ec5acfc13b5d7245db908c,"ETH, EUR, LTC"
610,9bf2782162655866d47ea372c35656b8,BTC
611,9c53ce9492d7f5d7a4d76332629a9277,BTC
612,9cba86c51495ec72c184caab02c32d29,"BTC, ETH, LTC"
613,9ce0142c213d999fa34fbec4d6c85787,BTC
614,9d47bb895f6d83249f9e43a1049c6df3,BTC
615,9d4a01ac3b08f3a26015907a832278b2,"ETH, EUR, LTC"
616,9d5ca06f5661dbf5324f4aba3e509e9d,BTC
617,9d7c31c393bd5bc31700fb89f50e0cd4,"BTC, ETH, LTC"
618,9d807eaa535a97054e4d2df54f776b7d,BTC
619,9d8f1627e9790ed369e88dbcc947c5d0,BTC
620,9dc502d01dd5fcf1361bfd819f2c18e2,BTC
621,9e5a8efccbacd47437de7fa2aaa1768b,BTC
622,9ea66b7337d5668706ac7e4bcb9aa347,ETH
623,9f13b788b55c48ccb27a5b2f1e54c180,BTC
624,9fa0bd309e17d9f79174ff8b2047571a,BTC
625,9fb4ff92d3593d14ed71fcab108424ea,BTC
626,a00acd0117e6cccfade7a09c65cbe204,BTC
627,a07a89e1e869a3e6cf12b13ecfc5ebf4,BTC
628,a09efe6c3679b40556ac496a156d36aa,BTC
629,a1015aab1d04d8c603dd5a96e370310e,BTC
630,a10d65d37b81cab83c224c475511ed26,"BTC, ETH"
631,a1bb054f72b52a23225adafa093bccc3,BTC
632,a2052328b44702ce2ca930d36b1f6bc6,BTC
633,a2490fb2390225687fa21da6f3929058,BTC
634,a3704fe33c1484eb0d1e7705f9ea2050,ETH
635,a3e1516cac9620c496d3f6d64945db90,BTC
636,a41e75792f931417c0a12baaf639f28d,BTC
637,a43ad9f78f4e29889ddaa1bf3beb9300,BTC
638,a4643495e80952f9de44a3a525f3e456,BTC
639,a466bca4143b65e12369bfecf4eec845,"LTC, USD"
640,a48248ecfa5d52464ff5d8bc72a531e6,"BTC, ETH, LTC"
641,a4aa39506abcb12f539685b677c82198,BTC
642,a4bff5b02a8f477625f18ad77b2b4b2b,BTC
643,a4d6b9985aabde565e83d5b5b236430a,BTC
644,a53f16ad42a5cd357c8ec135f4ca1d85,BTC
645,a543d70bf8b9f23299480205ec71088d,BTC
646,a611ec17afcf61d5f44f86abcb286e66,"BTC, LTC"
647,a6b8a307d867a385e6c274df9be9298e,BTC
648,a6f7b4d568976e9e702c197601ee3e68,BTC
649,a7105e564e12435ab226789217540d2e,BTC
650,a715233f5986022abd4781be63ae4df2,BTC
651,a71b73f256b5fac20306298f75e4b288,"BTC, ETH"
652,a7d54c146f244b8006b947592ba3a79b,BTC
653,a8ac2b5d1476d36a9a3f3baa50292e8f,BTC
654,a8d687dbdbf49d7c24e9927f722534f5,"BTC, EUR"
655,a8da7ce13dc71b64aa0e1afc9cfe3bd4,BTC
656,a9150eecebece64aa20fa8ddf88a760a,BTC
657,a9da47a9ae2e8c2d435e433e835f226d,BTC
658,aa09231fa4f689be19369ca7913ac1d1,"BTC, ETH, LTC"
659,aa2a5a5ab3c99c977d073781a4c7e4f2,"BTC, ETH, EUR, LTC"
660,aa69f04f36e5ca3b4a140c3126180938,BTC
661,aa8534abf63c4f535adbe9e440360ba1,BTC
662,aac1462122adfc1cc29c3488b61969de,"ETH, LTC"
663,aaeb3fc58f0751fe9b7fefb0f86cb73f,BTC
664,ac5ee3dc4a38cac5cfaf49c80826e3d1,BTC
665,ac65d02e8081abd3e50ceac3c7f756ed,BTC
666,ac816c90ecac1fb4671f3cedddf8e1a3,BTC
667,ac92601fe6bd23f8f312c74ee895e87b,BTC
668,aca6fcfb9d9d8db6b432f4dce7bf9984,BTC
669,acb8139e8c26dc80398d2ae6d98c37be,BTC
670,acd44db82d8a88222d6e937aeccc68d0,BTC
671,acd6f9255525b87e041e56ebbdc32ce0,BTC
672,acdb64c2ee95f905c1941afea86ac69d,BTC
673,acf5dd14db934753eb94b13b5ba3643d,BTC
674,ad9bd8f5ce31c6b51c8cc6e01999e59b,BTC
675,add432bb4627fdd37bb20410caef1c87,"BTC, ETH, LTC"
676,ae29207a0f048324f8c9aa2caf3d9d83,"BTC, EUR"
677,ae64428e8f71cdde671d1a8ac4598cb3,BTC
678,aead3b52a6111128635a09e1de1e161d,"ETH, USD"
679,af039100800221963e8940343610ee36,"BTC, ETH, USD"
680,af2187f3b93cfb55403bc71f3d9d13e2,BTC
681,af80ebf18f1223397bf7063a33591959,BTC
682,afb2c97967c86fcda4f6027a8081e637,BTC
683,afe8379e00b6ae7a85349a5ee641c768,BTC
684,b0a54325dc2515262e396b82e5aa2c5a,BTC
685,b0a659c3752ed3e1f5a31485d45fb597,BTC
686,b0c87b63a65b7bb1446ed2023990c2af,"BTC, ETH, LTC, USD"
687,b0cd78ffdcbff06253f180a24435b141,"BTC, ETH, LTC, USD"
688,b17c1bedd5756b7d53941e76d093f452,BTC
689,b1aee51a7d04f51ba977da8157b771ce,BTC
690,b200203a377aa50d31dd589ce5cc018f,BTC
691,b2150afa1ebdb5eaefe245f53384aca6,"BTC, USD"
692,b224b5873d3ea9750a1d8b5f3e269552,"BTC, ETH"
693,b394b3c630298e9e7266148380c49eb1,BTC
694,b3ca42b4841836ca0fd610008441295e,"BTC, LTC"
695,b3cc5caa3ffb399f7aab741ead8c7136,"BTC, ETH, LTC, USD"
696,b444b4056eb7958340559ebef45524f8,BTC
697,b48db3af5c2b0d8f3a0acac1aa8e92ed,BTC
698,b4932a05ffeb1cd491c4a8cd0194c97b,"BTC, ETH, USD"
699,b4bd994d6aa4a7df98dc8c9382fb5101,"BTC, ETH"
700,b4cf3dfcdd93b4d46a9af4ca51884e16,BTC
701,b4ea5e1aca864397d81bf6a783fdcfac,"BTC, USD"
702,b5785684a5676cb88348d64e1e70e157,BTC
703,b58fe1da4877bae004ca793b2b60dc14,BTC
704,b5bd188bc9d52db887191194cd3ee178,"BTC, ETH, EUR, LTC"
705,b5ca2aad3515223d5f87664995036345,ETH
706,b5f5b1016892d99a694d7065feb5721e,BTC
707,b5fc049c6690f2b2333e2c8b36d13c7b,BTC
708,b61a031f7c6051a9939b930f0b0a50ff,"BTC, ETH, LTC, USD"
709,b6dbac32af2f363be44ffec4568b6b88,"ETH, EUR"
710,b70ce3dec8f8f3577290099994607327,ETH
711,b748173cd987ce063de30be1c30a6f5f,BTC
712,b74de3abb11f844cd6f48a3467999f07,"EUR, LTC"
713,b75420b1a1dc2aee8edc65680c9a00ed,BTC
714,b75f27ca84bd04fd65a27158501f3164,BTC
715,b76d501637e09f52b5cf31b181dccc9b,"BTC, EUR"
716,b78caa9fbe1fb63cf471799105f24ea1,BTC
717,b7b22b65987efa771bb0a7ba7e177f32,BTC
718,b83d20897feeb1236ab9ae9e294d8e3d,"ETH, LTC"
719,b83dfb57c1dfa46b13d53fd61b782786,"BTC, ETH, LTC"
720,b867f4a96271d1f8074907c16cac31b4,BTC
721,b87d61c1b846a488949791748622e9f9,"ETH, LTC"
722,b91bdb9719e89023cfe0cecb1af44b42,"BTC, ETH, LTC"
723,b9f00a53a05236c659c79847a981f646,BTC
724,b9f5cdd41b93956cbb10ef0122d42d1f,BTC
725,ba4d1b4ef9ba6234a1af783ce5a9aced,"BTC, USD"
726,ba5844dbda82c9b5fe9f08c8a923a3ab,"BTC, LTC"
727,baa8b11a074701fef4c75ac3bfce1d5d,BTC
728,bab8dbe65e1276308fe41fb161a74670,BTC
729,bb3bd644c9db946e8fd6ba9dce7a4cd9,"BTC, ETH"
730,bb62a3dcbd1070dbf2ae3cec629a407b,LTC
731,bb6809f26cf987ce23cd69e2427e1217,"BTC, ETH, LTC, USD"
732,bb95dc4321d1d632c061e743786be997,BTC
733,bbb45a52e1a3bc9ac178a907c57d555b,BTC
734,bc1cc4d7c7328ea755f3ac3db8c79792,BTC
735,bc59c4089af97b8c2ba4612714c44768,BTC
736,bc7327d41f1168aa86a2f545441e0915,"BTC, USD"
737,bcad59150ff03790d9483f7ea85504f7,"BTC, USD"
738,bcbb4f536522e93cebf84768f22ccca3,BTC
739,bd1132281d7a7492cc14295141eda6a8,ETH
740,bd1503bdb91f9c99a8db7d69abdd6716,"BTC, LTC"
741,bd704523cb0e53208e04cfaf371a146d,BTC
742,bd9dbbf1c33d5ef266169fbcc462a10f,"BTC, USD"
743,bdbafe9718953bca12351ad347c43b9f,LTC
744,be34b987d9cdc9ac1c8c5ad6ac7de2fc,BTC
745,be488513574bcf7dd962dc59ed1140e3,BTC
746,beae82a0fa6b0b301aa051d3a5d78684,"BTC, ETH, LTC"
747,bee0b412595ec2ed1191fa1df07bbfd9,"BTC, ETH"
748,befbddf34f71095d3fe49efd79a8996e,"BTC, ETH, GBP, LTC"
749,bf675faf03a48481d372c3add94f7a45,"BTC, ETH"
750,bf8ebf3e2748b96a32df01f0f0813b6d,BTC
751,bfcb5a392eeea161fcb75e2a4ca956cc,ETH
752,c039fedb504dc0853bddeb840fd9bd0e,"BTC, EUR"
753,c03cacb60e0d718226b72446665df3f5,"BTC, ETH"
754,c0b887697010a43c7aaf88b3bad5aa80,BTC
755,c0d8ac4aef462f947dfb3027f576ecc1,BTC
756,c1270c2d39255086ce386b62582811bf,BTC
757,c1942d1b8570cb346c3b55f28e0ddad5,ETH
758,c260bf5986cac4cc3da183f508916fc8,BTC
759,c2b6afb6cfdadc953bf6692898de6278,BTC
760,c2b8ccffdd0a79fcb91ac1e3017bd2ff,"BTC, ETH, EUR, LTC"
761,c2baf83dab4b07c7d5064a05bda37f5e,"BTC, ETH, EUR, LTC"
762,c2d43b488cd2ec62b878fa8fa0bfa32c,BTC
763,c2ef646029858a80fd5b733c521e21e0,BTC
764,c344bb54bbbed3e5840627ead8b17daf,BTC
765,c36af85918828bccf221f6f6a436222a,BTC
766,c39f21b29a9c126b2156901581e37148,BTC
767,c3bfc9b62000298abadd85840b9ba265,BTC
768,c41bf9c664dd5672026e1b10171bb41e,BTC
769,c486853daca10fda527d24978597a35e,BTC
770,c4d8bf491e3c3ebe4967e252d9c73976,BTC
771,c5037c4b6becafe4f3ff75f39d771a48,BTC
772,c529df6da103ef8b88f7a89c8b84c165,"BTC, ETH"
773,c549acb4231fbef0f20e0eab7b9c2ea4,BTC
774,c5a4903b1bd6c9e9ec513cdfc1bc5b43,BTC
775,c642eb30b29a26afddca6e232895f0e6,"ETH, LTC"
776,c649b989b1f9502c553cee2eaa06b72c,BTC
777,c659050a5163c810475173c9fbd2ebe0,BTC
778,c66d89e33861cb1cd2e414c79aa97a67,EUR
779,c67bde0604e7e7ba799fdd09a54619f0,BTC
780,c75699acc4c8d503a3028b665a9802f8,BTC
781,c76e6282058c25579937c956f145bb75,BTC
782,c7b5aa189565188b2d18510fc6d1bd9f,BTC
783,c810d7de4302799f153adb50e9cb42cf,"BTC, ETH, LTC, USD"
784,c820555270552ef46e3a7fcb025f1361,BTC
785,c823f283034d5579e6b4ad4a47ee0da7,BTC
786,c8691d1c60e9537da42e187170ab369f,"BTC, ETH"
787,c9c7fec9cf5e071dead30141a93d6439,BTC
788,c9e0b7cd259b1c98ebae79f01edf4abe,BTC
789,c9f1591db8136a62c975f18c9f31475e,BTC
790,ca28dde538c4a14f80b18a89694f3f69,BTC
791,ca4172f864238e8578a415e215713ea6,"BTC, ETH, LTC"
792,ca60b3e8110ade69380d53bc88fcf703,BTC
793,ca6c11b912a7fb9f65f5ae91e1a326dd,BTC
794,cac676e0fddac885cef989da777d1e15,ETH
795,cb5877e2c7e46327c3c79af4bab3de59,BTC
796,cb59deb30b98273f9d2a07597024590b,"BTC, ETH"
797,cbd900c921c337d38b0a66b610997db9,BTC
798,cbdabb7a27ee6cee781415a06c6c5d13,BTC
799,cc3e1c2ed42e8e55ea616f3c74c0eba0,"BTC, ETH, EUR, LTC"
800,cc4759e1f969b2ba59e020ef07ec6da4,BTC
801,cd4f00a2a2266f2ae2e927b11a906b14,"BTC, ETH, EUR"
802,cd5ef9ca08f88d9439796debfe5adb66,BTC
803,cd7ca1dadcbdcf9fc74371e8337d5f64,"BTC, USD"
804,cdadf041b101e72dbbdb1df71be2e179,"BTC, LTC, USD"
805,ce4a6cd541e8e5e47c310260b6707c1c,BTC
806,ce69658aec0b197b0e4dcb0b8918e71c,BTC
807,ce9611e4cd84557f00a1ee6106da2f97,"BTC, ETH, LTC"
808,cef762063b3071f59e897d736eb5730b,"BTC, ETH, EUR, LTC"
809,cf5bcdf1d830626f0d73866dce0b48e0,"BTC, ETH"
810,cf655c555881edb81758807c179f43de,BTC
811,cf890273582fee0634ed1a30aaa0bd7a,ETH
812,cf8ab3e3910b0fdaa69042e6a7422a77,BTC
813,d066dfda2ab783d91753dd1b7648c096,BTC
814,d07a04abeb01912628628efc5821243f,BTC
815,d0913a0441a52a9833943d5a8ba5ef7b,BTC
816,d0a60bd3a1aac24c42cb4e15bff1866a,BTC
817,d0e43ad07f9d877d6484e0baebcefa66,BTC
818,d18c5d87cfc2b8667b925a488a9a1e89,BTC
819,d19318a41a3404eb7d905c06d4bd4260,BTC
820,d1daedb92db288d27e49f23b9fd521eb,"BTC, LTC"
821,d203bf23455b39ba9e7d6c2d52473ba5,"BTC, ETH, USD"
822,d20d8f793fcc12c60330a1c0362e78b6,BTC
823,d2a4376d134018f507a075fafb4fb21a,BTC
824,d2a545fa3af88c689ef374e1271db1c0,"BTC, ETH, EUR"
825,d37b398b51a08914bc66b247ef4e90dd,BTC
826,d382b5762cbb0e93735fdaa2519eb83f,"ETH, LTC"
827,d44c339604588a2962b528bcd9390265,"BTC, ETH"
828,d4c16d1d47c83fad9c693cb8d4089905,"BTC, ETH, LTC, USD"
829,d5520fdffefdf662146a36a1218f3351,BTC
830,d578d055de250cc6540348dc9e46261e,"BTC, ETH"
831,d589ac4d9bb91fe42fb64fe62c142fed,BTC
832,d58bd8027cfe60edfe999a4ac08ba7dc,ETH
833,d61a944acd9ee24d5d142f6d15113515,ETH
834,d6956699f5da259ab25a1051ea4caf2e,"ETH, EUR"
835,d6abcdbec471a92a2f04e0139b00c856,BTC
836,d77149a51e67e3bd99c81359d66b095d,"BTC, USD"
837,d82cff3eb5f74538e10aecc4f1416f78,LTC
838,d8641499a4e3b6b5383f8bc7d31b8997,"BTC, LTC"
839,d89f13e0eb3a57e8b3e364c1bb6c67d1,BTC
840,d950fee6e661665e36377c1d80677a2f,BTC
841,d9970cb001e8f7ae85a7cec36f4ccec4,BTC
842,d9b0e99060689d42dd22694a77820804,BTC
843,da1aaeb5e7b5a35f837533cfe1b1996e,BTC
844,da3bf248026c637a58badf9c7639c829,"BTC, ETH"
845,db09e52ea34b2a79b7410556efbba2b5,"BTC, ETH, LTC, USD"
846,db1d4fddddb1dab0868b52dfbbf383d2,BTC
847,db1eefb821156e4ec8dc150db3d0c9df,"BTC, EUR"
848,db35e15252dfcd63d81188d61d167e57,BTC
849,dbb06c9aca1f54e80edd6fccab1f33d5,BTC
850,dbbad4f8eeed39bdc953f9f76ce95fba,BTC
851,dbdee3b221edcb297fa07ba96e811dbd,BTC
852,dbdf77833ee48da25845672c57d4fa9a,"BTC, ETH, LTC, USD"
853,dc51d769460b50803941d48eff7d8101,"BTC, LTC"
854,dc840c190c00f213e2a7081b9cf428ab,"BTC, ETH, LTC"
855,dc90555b3bab0c7124429ab3cc90a13c,BTC
856,dca18643ed6030c877d144c6deab5ab3,BTC
857,dcab8582184c64c03844171fbe00b909,"BTC, ETH"
858,dcc54fb9dca40a6729a6863ae9db6723,"BTC, ETH, EUR, LTC"
859,dccf44954b2cd7a7b563b3f96477df2a,"BTC, ETH, LTC, USD"
860,dd1f6527d044877daa4d14452480a24e,BTC
861,ddfac2b449a0c724cfc82e054ff8456b,BTC
862,de4ced9f42842ab5d8f1a81b5ee278b7,"ETH, LTC"
863,de739739d3f9523c7ebf3b2197721cc2,BTC
864,deae0f169616e81d26fd61213c3874c6,ETH
865,decb09cd4198abc679a637ae417a8700,BTC
866,dfbc4227b3f28b9aea4e86e827e2415c,ETH
867,e00b2a34b92e8087783eedc573d13ba5,BTC
868,e0916628d03f181e609bc1d1f5c55d02,ETH
869,e0a6cfa13eec972b25bf2e63a00ff669,BTC
870,e0ab8ebc2890ae6b1c3b1bdc5dff7ad9,BTC
871,e118ee8d25b5834ab4e378d5379dc015,"BTC, ETH, EUR"
872,e14cf4620db432a6dc677a58b7ab4c02,BTC
873,e19fa6b6ebd2c8037c3ea7761d16c052,"BTC, ETH, LTC"
874,e1ad0af538a29bee75481999f19a5518,"BTC, USD"
875,e1ffc1a1abe20f5cd8f3cb502e04fc22,BTC
876,e241c7391023479ad2511ed02d9ebe9c,"BTC, ETH, LTC"
877,e26f8786e4e0351a1c51e93f12671bec,BTC
878,e27fbf0edd9905bcb86c4a1d9350d5fb,BTC
879,e2ad0c20390bc8deb97daed038af75eb,BTC
880,e31f8b8c6d8b6f780b9d51a1d95bda61,BTC
881,e32a56807ab3e71bb5e07f7ffc8c5174,"BTC, ETC, USD"
882,e354472f966f2e64b9e99d7bba02f004,BTC
883,e414837856e90e77a72fe05a4fa6f1b7,LTC
884,e42c2fb287dd5e68dbc8bb86e9fb6fb8,BTC
885,e4c191a24422031d5be30f15d224a517,BTC
886,e4fc01c4043df92fa0d9866026c4c926,BTC
887,e50fba45a9cafb5b93e3514690eee96e,BTC
888,e576f6922be3b0a35555e700f405743b,BTC
889,e57eb591f472416f122cf1ae5a39d27e,"BTC, LTC"
890,e58712a622836e57ee537c3dff1cf59d,BTC
891,e65f276eadfe9cc9a8ef39ad654a0276,BTC
892,e6b16db2b4f70b9e1bb6e90583abf4ae,ETH
893,e6cfb9a08917a6487c7c167e1b439432,BTC
894,e6e43c05c76352907322f043d222595e,BTC
895,e70316628440dd4eba3f2e1a11ef0cfc,"BTC, ETH, LTC"
896,e724e21cbf649c4f3c55365a62e8ce05,BTC
897,e73207d88e1df3580e425f9e868b8fba,BTC
898,e732281a7f72f6d047ed9bf9eb3ab798,"BTC, USD"
899,e759358bf89c95ecd78b1188af5608cb,BTC
900,e75be4d635b2bc5dea495feba67a04cc,"BTC, ETH, LTC, USD"
901,e7b5b8a06b7aada57eb8be69c3b4e879,BTC
902,e7b8c22b6ee1799d212ac77a049d2da6,LTC
903,e7e046b40f0547c7757b76d52c64c888,"BTC, ETH"
904,e80b7ced23a9144d29c8d9ca2b8ac003,"BTC, USD"
905,e860c1f7ee8c4ac2d1d1b060c93b2b44,BTC
906,e86b9b54c39f982e6d83230ba6109d9d,BTC
907,e8da57cf4944935892307a0e05905e9d,BTC
908,e9061e742c891177a35a99df67b24ae9,BTC
909,e90b32bea4736a5587cf1a682880e0a3,BTC
910,e921f94e5e1943a6185518751eda618e,BTC
911,e9c1f60cd8df84c4874113c396404a08,BTC
912,e9d7271281d543743df3e602dd7fc9d0,BTC
913,ea366c7f0e2957168fcf8f004fa7020d,"BTC, ETH, LTC, USD"
914,ea3dc4d727c51f5ea6fce7b0c9cd242b,BTC
915,ea43c111fa7e94d9d9a1d6a5fb2870ce,BTC
916,ea7193e4474d44645e6cfcc130e66a8f,BTC
917,ea9e5eb54136731cfaf64e54ada5910d,BTC
918,eacd74ee5c85c80a4a3b2122b7e81ade,BTC
919,eb39be12c6671473b98b8bb0f55df655,BTC
920,eba6382245f2a8792f1d6cd85c292b48,BTC
921,ebbe76fcb37c6eeeed487bd4e560e075,BTC
922,ebfc7b0602788d9a9458ee9cd2b67b27,"BTC, ETH, LTC, USD"
923,ec3c20fb430620c9ef458a7f5e227061,BTC
924,ec700e24268e0c205e452de0d6e8194d,BTC
925,ed7fd6b093a396f4ebb9f1f397a6d339,"BTC, USD"
926,ee11246b0101704ff04ef97a9f12ecc6,BTC
927,ee5b289d9a94e2782ea207b8f27c79aa,"BTC, USD"
928,ee80cbb1adbfa3cbed60223546079777,BTC
929,ee87996524253e58d8db3b0e65c5ff71,BTC
930,eea24036a803bc05c4872466d6674711,BTC
931,eeafd0228b5746e30bed32667e82ad1c,BTC
932,eeb8a267087febaf2710b536c1c1f099,"ETH, USD"
933,eed2c16a661c7882dad4e889752403bc,"BTC, ETH, LTC"
934,eed9ebf46eaf11287120bd13d9e22e36,BTC
935,eeea5fd508bc66d70420323ede748adb,BTC
936,efa4bff874eba47b59e2f3f9033c2842,BTC
937,efbe27f0b360a78f200e9c2147cb8299,BTC
938,f05487fb5c2165b0a4237e917e358f40,"BTC, LTC, USD"
939,f08b1f27e3fe9ee13380726756335942,BTC
940,f08fac1e6e09d095980312b75a65fb72,BTC
941,f0d996d63982b988889c6735e4fc5450,BTC
942,f1233fdfc0459aaff8a94c3c02636f9a,"BTC, ETH"
943,f14a85b26512997ddae7f8cd2ffca934,BTC
944,f1541c940807014f685c6b7b796d3727,"BTC, ETH, LTC"
945,f190f15dbd8686fc9158d247c09189fe,"BTC, ETH, LTC"
946,f1abb5b0d6daea0b87556778b0192c89,BTC
947,f1c41199fd8c53fc25a7c88e93288dea,ETH
948,f217e3b3bf80478d9e20a7af394c22c6,BTC
949,f267cb49d34b72f01952fbe073b37bce,BTC
950,f2ac4666a373e5515e67122355b343f2,BTC
951,f2dda455594d249726a1c7ab07517efb,BTC
952,f2e726a859423f29c944a2e86d7ef53a,BTC
953,f2f794290977b2ca63bef2447cc04d5c,"BTC, ETH, LTC"
954,f33033aaac710bf402f34c1ef9ddea4a,BTC
955,f34068b6b53a6c6e053ac2a116fa76af,BTC
956,f3a7da431ec5c9abc1913d16c89ebe28,BTC
957,f3d9a6878a48c6bd7e878c432f7125b1,BTC
958,f442a9f2a5df0f39e7941974ceabfbb9,BTC
959,f4459c34d8c8e538845e305e7efbfb8a,BTC
960,f49bbae5e042a05769227c24faa11f91,BTC
961,f4d8b3571ea3e0818e2fb7f728f77672,ETH
962,f4f3e3731374589cfb33976465896799,BTC
963,f508e4eae5480514ea3e13f730832fc1,BTC
964,f538ef41a8ebbadaf3ebccd14da2e52a,BTC
965,f555ece5c0848efcb140c1195c22328e,BTC
966,f5621b3739429eec89869e32149b6ebd,BTC
967,f5850af92222466710b25e03a904189b,BTC
968,f5a59955e64c7ecc508218c8579bfb1d,"BTC, ETH, LTC"
969,f61fd9f924acee91f2ee1f61ca24371e,BTC
970,f6258426715df2724e664d8f97f2c44b,"ETH, LTC"
971,f6373797deaf231b8118687fc7e8c538,"BTC, USD"
972,f66f896852779eae11ea4693b735b3fd,BTC
973,f6b56b1de9190cd961755cf462c5ddfe,BTC
974,f6cb0737989652dada910754f6cd93ff,BTC
975,f70c6341aeedda2368c274a6211156a2,"BTC, ETH, EUR, LTC"
976,f74ba2e0f1bb7ccd95b42c6ab2134ce4,BTC
977,f8084cd7ad5b3f4d7e99219eb222ca94,BTC
978,f83ab2cff478c3a52e55ef4e16657f42,BTC
979,f8702f9044e4fb95684d5c1788bf5d79,"BTC, ETH, LTC"
980,f8e2961d207af649a9cfdb9e0472ca20,BTC
981,f910baf29aff1495c30260e0dd6749b4,BTC
982,f914870c171e1e796e2a7815f451ae9e,BTC
983,f92c8a00bac03497922aeb8de4d415e5,BTC
984,f9da07d605a2b7e6653342c4f1301441,ETH
985,fa24dada2d90cc6f6a960303ae7c2329,BTC
986,fa6e4f17ac7306e0513096294d620938,BTC
987,fbc6fd7ef565c668eb7e7a2c7d692078,"BTC, USD"
988,fc1dda05e601e83604692dde314fd3a4,BTC
989,fc8012bb606724ac1e60451126e49ca1,"BTC, ETH, LTC, USD"
990,fc973b1170853b6849dad1d20a521f9b,BTC
991,fd48ba6fba9161af68a1391ac30d85a9,BTC
992,fd818001b33bc1ae7046f401769f11b6,"BTC, EUR"
993,fe4eecc21723cd64859ba969ce7b0e26,BTC
994,fe99aa0ea147f620046b071490b7c984,BTC
995,ff04cd6c23d27b7f656f6dcdeb54c113,BTC
996,ff5db1be03c107913eb6b4a0c115ba33,BTC
997,ffad798bfe79dcf90a2b3ad0412bc8ac,BTC
998,ffbe66e9facf39781fd2c6e8b0f05af0,BTC
999,fffecf625f9b53bc7a0f2e3ce5589b27,BTC
