Start,End,Open,High,Low,Close,Volume,Market Cap
2017-12-21,2017-12-22,818.982566973,878.429639446,778.433927276,813.235885635,2967482231.3136015,80504172745.14398
2017-12-20,2017-12-21,819.810487128,845.192214501,742.130911973,818.409385648,3392805988.5295362,78601072341.09099
2017-12-19,2017-12-20,796.921109771,875.5386216,778.161929074,819.784187764,3373795508.254504,79292702705.99466
2017-12-18,2017-12-19,721.464860476,798.362861927,688.01054042,797.524690399,1943635717.0340912,70857607367.28743
2017-12-17,2017-12-18,694.004702504,730.628996645,693.828742622,722.696435563,1699781095.2185166,69405520891.54617
2017-12-16,2017-12-17,683.997346621,713.451175967,681.516813916,693.187242361,1627635765.6976867,67200313590.94203
2017-12-15,2017-12-16,695.237477616,696.413488385,635.196306066,683.219667708,2512050116.8834376,64810240751.69761
2017-12-14,2017-12-15,697.616808613,746.845674007,664.16596255,695.387653606,3448637143.41443,68372974142.477776
2017-12-13,2017-12-14,645.228339883,728.205572958,591.126470766,697.288376325,3881246869.603174,63702142462.28727
2017-12-12,2017-12-13,513.477310603,651.33434165,501.743127012,646.264455477,2560562898.116619,54684241197.12841
2017-12-11,2017-12-12,439.035244884,514.71335239,439.035244884,514.71335239,1010179126.4627203,45327626981.42327
2017-12-10,2017-12-11,474.12425371,474.12425371,425.852651456,439.462157475,1213610122.3814628,42799339116.97179
2017-12-09,2017-12-10,454.734389156,500.415826477,451.296043052,473.015526969,1609258306.3542993,45963724197.34187
2017-12-08,2017-12-09,432.676932586,465.315616514,424.163743913,454.713486408,1690967209.0390506,42909335631.58604
2017-12-07,2017-12-08,431.071534476,441.033378503,414.485779553,432.292293698,1609865405.807266,40843566904.4133
2017-12-06,2017-12-07,463.431500829,464.670470353,420.398632029,431.452252312,1225234738.8441005,43018032247.61686
2017-12-05,2017-12-06,470.672737722,472.807663248,458.80657831,464.669561083,812164216.8547913,44890969472.23657
2017-12-04,2017-12-05,466.927826296,475.148095891,452.634488808,469.857992705,769163454.8500764,44729961230.8868
2017-12-03,2017-12-04,465.176424967,482.8853853,453.236436811,466.483835134,605733711.804953,45251387321.24464
2017-12-02,2017-12-03,466.701872556,477.328304847,457.965813993,465.195692273,810598782.5580176,45013132611.87046
2017-12-01,2017-12-02,446.68746677,473.461462736,428.973481799,465.688648013,1071946882.5115488,43070453300.58927
2017-11-30,2017-12-01,431.50586235,465.240586577,403.099585064,447.889008252,1803252298.4171972,42094229048.9921
2017-11-29,2017-11-30,476.675484307,524.356285055,427.233001468,427.233001468,1497273126.8887105,45938028873.492584
2017-11-28,2017-11-29,482.13880362,484.840974711,466.826171575,475.903298648,964205966.0552292,45735783895.385475
2017-11-27,2017-11-28,472.651256633,494.821967015,469.035663285,482.126582928,1035827091.2728254,46063949302.05666
2017-11-26,2017-11-27,467.579215469,473.606110761,453.905927168,472.546411116,924293827.8512878,44263277098.43155
2017-11-25,2017-11-26,474.884427085,484.526870353,462.121245916,467.685790105,1700147883.6245537,45236443741.71458
2017-11-24,2017-11-25,410.682151945,479.252359997,403.970819833,473.39867064,1598152348.3934476,41753591397.4045
2017-11-23,2017-11-24,379.228144737,426.461496019,374.912726276,411.185122873,1032364427.8704985,38419748817.97228
2017-11-22,2017-11-23,360.774872535,379.375184994,360.774872535,378.830611199,553333595.136529,35109142513.95498
2017-11-21,2017-11-22,365.87087031,370.87558249,350.978176734,360.679181406,787133843.5081146,35059568069.76398
2017-11-20,2017-11-21,353.247623928,370.592106765,352.351041183,366.092975829,735660805.6812575,34545443583.39715
2017-11-19,2017-11-20,346.597660665,368.917269214,344.542757204,353.760604958,840060152.4819465,33998674908.975746
2017-11-18,2017-11-19,331.393269733,349.172839252,327.073623841,347.158113669,460652227.131648,32056968995.31689
2017-11-17,2017-11-18,330.45276652,335.346957524,327.42014479,332.332092464,620955714.3877014,31700816192.375225
2017-11-16,2017-11-17,334.286666271,335.72566383,324.485744955,330.273028567,548134331.8583645,31530137524.682285
2017-11-15,2017-11-16,337.954512409,341.519826647,331.165804205,334.151941501,722007863.0496937,32187928463.996113
2017-11-14,2017-11-15,317.815597777,339.34887801,317.815597777,337.57159644,829348110.987596,31354967356.193375
2017-11-13,2017-11-14,310.523252784,332.009498155,310.17651671,317.817837803,1135068570.9283164,30114979518.783195
2017-11-12,2017-11-13,314.595002596,321.243049852,299.418663201,310.434588537,1017162128.6552845,29534301364.498936
2017-11-11,2017-11-12,298.812641106,320.076258572,297.431629401,314.557641115,695902126.1504091,29271947001.202034
2017-11-10,2017-11-11,321.551779372,323.625440872,294.772519616,299.562784671,704803813.403361,29744460939.071712
2017-11-09,2017-11-10,308.424683751,329.803234845,307.449920375,321.206715198,916193852.479269,30315682411.922775
2017-11-08,2017-11-09,294.591302305,319.507822857,293.55504785,309.877384244,484581973.48309296,28736785393.556255
2017-11-07,2017-11-08,300.365059367,305.858262353,289.641898021,294.915688975,428239686.5272049,28313543437.222847
2017-11-06,2017-11-07,292.421827301,306.620296096,290.437244439,300.383550462,334799976.71432084,28838193807.41559
2017-11-05,2017-11-06,300.747345206,300.784658784,291.107529261,291.933178752,257007936.61648598,28370342250.706444
2017-11-04,2017-11-05,305.96821015,305.96821015,296.862374624,300.501830587,434572535.82537043,28757651025.29212
2017-11-03,2017-11-04,287.565504854,308.463697929,287.008137517,304.688680712,570785762.4384822,28460605237.008785
2017-11-02,2017-11-03,292.63079497,295.441585576,282.670603019,285.406679444,634024746.8791885,27412394534.950607
2017-11-01,2017-11-02,301.856266204,305.342285947,291.671871907,292.024883827,348739577.1622718,28944128362.74764
2017-10-31,2017-11-01,302.633870645,305.075921648,300.503486407,302.333909192,257264483.43013337,29325855477.021545
2017-10-30,2017-10-31,303.478898364,309.545170057,301.694386438,302.729732547,387421791.03629726,29208008625.28857
2017-10-29,2017-10-30,295.726108927,311.221129219,295.726108927,303.924248116,295689163.00650305,28880996050.441425
2017-10-28,2017-10-29,296.15422896,299.05607756,291.472578811,295.743887718,191348960.71539408,28326366135.978786
2017-10-27,2017-10-28,296.391030911,299.210803724,294.422128456,295.558880086,196901366.2355992,28315768008.876297
2017-10-26,2017-10-27,296.783974164,298.476619902,293.652056953,296.346265776,214586076.07360506,28347138331.532352
2017-10-25,2017-10-26,298.294710752,301.639912114,291.541959085,296.947125422,343749997.961907,28294823486.166756
2017-10-24,2017-10-25,286.466075713,310.816368246,282.219445127,298.150276605,625394852.585096,29007492398.46816
2017-10-23,2017-10-24,295.808605825,295.808605825,279.218846461,286.518233294,298479368.12546897,27309930580.016785
2017-10-22,2017-10-23,299.082380334,304.13235413,292.767142069,295.586271962,303108213.0550801,28406494416.869576
2017-10-21,2017-10-22,303.460265905,303.827059805,293.123467878,299.010706715,356941385.7182083,28480786281.191948
2017-10-20,2017-10-21,307.214842806,309.92153722,302.116947983,303.577753021,267373144.40606695,29212640754.570183
2017-10-19,2017-10-20,314.303269163,316.521604027,305.672073316,307.354550374,401589561.87634206,29531532227.167923
2017-10-18,2017-10-19,317.191787789,317.191787789,293.625286954,314.562965573,435905774.28294754,29115475326.92949
2017-10-17,2017-10-18,332.586099881,332.837458708,311.991965957,317.124947357,407771701.0959193,30886884254.330196
2017-10-16,2017-10-17,335.163786115,347.788767884,331.740075915,332.442126186,599787079.7399806,32328362465.309135
2017-10-15,2017-10-16,338.100024683,340.924284479,317.721288598,334.306630152,294041028.589554,31762184483.937912
2017-10-14,2017-10-15,338.878741948,346.759174808,333.556063309,337.770502196,419297728.7885324,32493681337.40369
2017-10-13,2017-10-14,305.156881768,348.133902249,303.123159204,338.774903605,478264997.03213507,31201707030.387028
2017-10-12,2017-10-13,303.080417318,308.313744251,302.621920355,305.086861367,227339745.16630268,29123125219.412487
2017-10-11,2017-10-12,300.559149537,304.241927894,299.535307137,302.938342534,270450879.03483874,28773084391.227325
2017-10-10,2017-10-11,297.500215076,305.865938748,293.787893253,300.275407717,451829981.35487604,28541991368.505
2017-10-09,2017-10-10,309.704204729,309.775650239,263.518689756,296.996159982,364090464.79537237,28564974258.92779
2017-10-08,2017-10-09,309.678413005,311.680556489,308.493897766,309.811321965,218218314.3329219,29584630712.434322
2017-10-07,2017-10-08,307.534123878,311.969338949,304.355535222,309.989525852,303773548.280772,29392604910.209175
2017-10-06,2017-10-07,294.663889399,307.934787158,294.125549705,307.934787158,185611459.82755265,28460579922.50906
2017-10-05,2017-10-06,293.682872971,296.608512214,288.832715406,294.677510879,204906065.08928972,27745917617.620407
2017-10-04,2017-10-05,292.279682264,295.13297161,290.778193326,293.705334112,222612235.58680835,27928847683.085632
2017-10-03,2017-10-04,296.614893576,299.042273846,287.562857927,291.676198203,254936127.9597244,27870722647.00512
2017-10-02,2017-10-03,300.538624648,301.084756538,294.465894968,296.380814306,259497811.0080861,28505190271.29941
2017-10-01,2017-10-02,298.826867344,301.466525916,294.694413234,300.496064679,242131736.6369892,28504287911.11646
2017-09-30,2017-10-01,289.12605481,300.461533386,288.95266098,298.854338479,296228739.1355817,28347220254.825687
2017-09-29,2017-09-30,299.155,299.924,279.773,289.10986098,500767824.5819674,27448126480.84363
2017-09-28,2017-09-29,306.467,307.198,295.47,299.412,597511916.6666666,28565281677.704197
2017-09-27,2017-09-28,287.438,308.015,286.82,306.727,391579343.75,27899599656.914745
2017-09-26,2017-09-27,292.332,293.75,287.02,287.504,420600418.1184669,27524552259.682167
2017-09-25,2017-09-26,282.483,293.515,281.876,292.234,474581324.0418118,27353975623.317017
2017-09-24,2017-09-25,286.168,292.948,278.132,282.367,574672629.3706294,27025333355.61502
2017-09-23,2017-09-24,264.31,285.838,261.12,285.838,423384975.6944444,26052491677.23389
2017-09-22,2017-09-23,258.58,270.54,256.218,264.854,593948006.9686412,24827461695.55067
2017-09-21,2017-09-22,283.742,286.61,255.016,258.705,446610751.74825174,26094323328.86731
2017-09-20,2017-09-21,282.804,290.886,278.049,284.252,496045996.5277778,26922208794.462067
2017-09-19,2017-09-20,293.497,295.768,274.484,282.922,796395097.902098,27010380133.586792
2017-09-18,2017-09-19,251.749,292.895,251.749,292.832,917516275.261324,26700964260.145702
2017-09-17,2017-09-18,246.522,256.996,235.24,251.904,507871132.4041812,23250092977.526245
2017-09-16,2017-09-17,250.464,262.593,238.223,246.419,1370265975.609756,23679488723.930553
2017-09-15,2017-09-16,213.908,258.655,195.035,251.187,1667455749.1289198,22050359023.790737
2017-09-14,2017-09-15,277.112,280.84,214.172,214.172,942577809.0277778,23800400161.162853
2017-09-13,2017-09-14,291.122,291.122,260.61,277.133,843924340.2777778,26105101237.31805
2017-09-12,2017-09-13,294.532,311.195,287.228,291.464,624702083.9416058,28296113115.804806
2017-09-11,2017-09-12,288.747,300.688,286.685,294.326,653834947.9166666,27786953972.20947
2017-09-10,2017-09-11,294.405,294.764,268.973,288.722,600371355.4006969,26922473820.70231
2017-09-09,2017-09-10,296.497,299.891,287.22,294.317,946916233.4494773,27692911485.510723
2017-09-08,2017-09-09,329.428,329.636,285.157,296.662,754892458.0419581,29641283189.333042
2017-09-07,2017-09-08,334.338,334.338,319.939,329.172,821700647.4820144,30818770935.35056
2017-09-06,2017-09-07,312.988,334.658,312.988,334.045,1308790138.8888888,30968853637.43959
2017-09-05,2017-09-06,295.171,318.572,268.285,313.196,1829807909.4076655,28285605406.24165
2017-09-04,2017-09-05,347.484,347.484,279.939,295.251,1252982957.7464788,29403318887.63042
2017-09-03,2017-09-04,348.984,366.487,332.232,347.418,1249670620.2090592,32884478220.36257
2017-09-02,2017-09-03,387.741,389.353,328.095,347.198,1182787109.1549296,33693708410.821373
2017-09-01,2017-09-02,383.042,390.044,383.042,387.581,787536327.5261323,36630674490.33256
2017-08-31,2017-09-01,378.485,386.139,376.354,383.085,946931592.0577618,35932456380.14721
2017-08-30,2017-08-31,370.667,388.748,361.971,378.346,1388277534.7222223,35451533279.17909
2017-08-29,2017-08-30,347.747,373.763,347.747,371.231,913974306.6202091,33953361292.68347
2017-08-28,2017-08-29,347.893,352.054,338.407,347.834,853799013.986014,32662732770.053078
2017-08-27,2017-08-28,333.882,346.588,333.882,346.588,548394982.5783972,31890326607.650345
2017-08-26,2017-08-27,331.915,334.985,327.919,333.861,592930847.2222222,31201947129.373283
2017-08-25,2017-08-26,325.611,336.398,325.611,331.871,793723418.1184669,31352517304.484234
2017-08-24,2017-08-25,317.519,327.96,317.081,325.516,723216420.1388888,30324158518.694366
2017-08-23,2017-08-24,314.785,324.21,314.539,318.026,951500677.0833334,30116238218.71611
2017-08-22,2017-08-23,321.591,327.361,297.913,315.476,1949140000,29356737225.821735
2017-08-21,2017-08-22,301.428,347.049,297.234,321.434,1603635916.3763065,30222745663.978825
2017-08-20,2017-08-21,297.47,301.306,291.58,301.295,708165437.5,27787997159.210995
2017-08-19,2017-08-20,295.59,301.667,286.183,297.577,887060788.1944444,27839631816.366425
2017-08-18,2017-08-19,301.457,307.96,292.499,295.606,927705860.6271777,28406320026.262775
2017-08-17,2017-08-18,302.267,311.028,300.25,302.463,926224826.3888888,28752742413.477116
2017-08-16,2017-08-17,289.818,303.413,285.385,302.392,974781708.3333334,27837858656.25826
2017-08-15,2017-08-16,300.097,300.409,279.327,289.499,947935926.8292683,27370839175.17988
2017-08-14,2017-08-15,298.064,306.807,296.412,300.159,1016987496.5277778,28305257099.481064
2017-08-13,2017-08-14,310.601,310.816,289.314,297.55,1281718645.8333333,27939361292.5695
2017-08-12,2017-08-13,308.864,317.56,307.896,310.834,1141006263.8888888,29391997810.547157
2017-08-11,2017-08-12,295.892,309.209,294.495,309.209,976080393.728223,28078399273.022907
2017-08-10,2017-08-11,296.027,306.593,289.926,297.004,1676833888.8888888,28232134767.0497
2017-08-09,2017-08-10,296.769,318.716,276.69,296.396,2357694965.2777777,28194696042.513645
2017-08-08,2017-08-09,269.18,298.907,266.796,296.11,1104590045.2961671,26424663834.52918
2017-08-07,2017-08-08,261.567,271.963,256.689,269.02,1098853916.6666667,24873035960.575787
2017-08-06,2017-08-07,256.507,271.049,252.852,262.402,1571352187.5,24507807051.022217
2017-08-05,2017-08-06,222.852,254.876,221.952,254.876,865395451.3888888,22347843147.21967
2017-08-04,2017-08-05,225.342,227.621,222.057,223.073,587391543.5540069,21052159686.49399
2017-08-03,2017-08-04,219.952,228.292,219.888,225.263,572708364.5833334,21018825343.985477
2017-08-02,2017-08-03,226.769,229.512,218.118,219.832,1013559704.8611112,20933471283.628265
2017-08-01,2017-08-02,203.871,227.744,203.871,226.925,1212208177.7003484,20598382224.73332
2017-07-31,2017-08-01,197.978,203.656,193.411,203.151,498212458.3333333,18547753281.53255
2017-07-30,2017-07-31,205.789,208.541,196.149,197.675,811532604.1666666,18890716490.884792
2017-07-29,2017-07-30,193.341,208.679,179.647,205.33,607861309.0277778,17688083014.55623
2017-07-28,2017-07-29,204.318,204.897,192.304,193.123,482326655.0522648,18613391515.019764
2017-07-27,2017-07-28,203.953,206.444,201.26,204.243,493846975.6944444,19159736094.139694
2017-07-26,2017-07-27,206.71,210.767,194.784,203.728,983763829.8611112,18916618769.4312
2017-07-25,2017-07-26,224.711,225.324,195.845,208.145,709261912.891986,19742737902.253822
2017-07-24,2017-07-25,225.951,227.538,222.453,224.409,525091069.68641114,21068573653.47706
2017-07-23,2017-07-24,229.476,231.68,217.722,225.545,656075732.6388888,21110253961.98964
2017-07-22,2017-07-23,218.305,232.696,216.868,229.868,763443996.5277778,20889687765.09425
2017-07-21,2017-07-22,227.265,235.118,213.01,218.167,1611893240.4181185,20887889713.40773
2017-07-20,2017-07-21,199.703,233.904,199.703,225.323,2409100972.2222223,21054844744.853806
2017-07-19,2017-07-20,234.391,245.651,191.745,198.367,2900202152.7777777,21142605510.709976
2017-07-18,2017-07-19,193.424,267.986,182.059,233.001,1812455400.6968641,19265893483.124317
2017-07-17,2017-07-18,157.363,194.753,157.363,192.824,1592966666.6666667,16357391185.421427
2017-07-16,2017-07-17,170.655,172.014,133.723,158.797,1098166329.8611112,14543522080.214432
2017-07-15,2017-07-16,199.662,200.161,171.77,171.77,799601381.9444444,17291280564.573383
2017-07-14,2017-07-15,209.733,211.101,187.374,199.672,712557689.8954704,18644667864.661167
2017-07-13,2017-07-14,230.774,231.812,200.065,210.38,1090167275.6183746,20102076184.82503
2017-07-12,2017-07-13,197.404,228.99,189.589,228.99,1150225370.5583756,19495729819.502453
2017-07-11,2017-07-12,215.357,220.291,183.392,198.541,1421803679.4425087,18358125507.54663
2017-07-10,2017-07-11,242.137,243.071,196.965,215.896,555229729.1666666,21681705241.83441
2017-07-09,2017-07-10,251.697,255.105,242.229,242.229,590868611.1111112,23065700324.34077
2017-07-08,2017-07-09,245.991,273.477,236.551,251.219,811300430.5555556,22996665774.843983
2017-07-07,2017-07-08,270.549,273.943,244.174,247.29,587920940.7665505,24114878347.32693
2017-07-06,2017-07-07,268.774,278.476,265.512,270.964,731961871.5277778,25188958931.332367
2017-07-05,2017-07-06,273.303,275.125,261.447,268.874,751841770.8333334,24960804843.774494
2017-07-04,2017-07-05,282.898,287.388,273.111,273.771,722996243.902439,26121814356.762894
2017-07-03,2017-07-04,287.987,291.104,281.176,283.224,1048193194.4444444,26625142216.177197
2017-07-02,2017-07-03,274.601,295.509,262.52,289.406,1018498836.8055556,25643786006.72404
2017-07-01,2017-07-02,294.916,294.916,268.617,274.444,1105637211.8055556,25947193963.97228
2017-06-30,2017-07-01,302.883,315.172,288.443,292.678,1208240501.7421603,28204010595.924812
2017-06-29,2017-06-30,327.927,330.708,297.373,303.24,1851822638.8888888,29461464331.874348
2017-06-28,2017-06-29,293.088,333.104,276.414,329.098,2134729818.1818182,28018848862.070004
2017-06-27,2017-06-28,272.692,291.031,227.137,291.031,1894637938.9312978,24067204615.967896
2017-06-26,2017-06-27,303.248,311.458,238.649,273.647,1446035582.3293173,26258715588.80841
2017-06-25,2017-06-26,323.696,332.792,284.646,303.764,832706177.0833334,29596643224.145153
2017-06-24,2017-06-25,341.739,343.621,322.087,324.056,576645222.2222222,31282032793.37785
2017-06-23,2017-06-24,336.371,348.006,334.99,341.841,764128354.1666666,31700429234.34007
2017-06-22,2017-06-23,336.872,342.027,330.622,336.114,1361937508.7108014,31256437493.160625
2017-06-21,2017-06-22,359.005,361.343,319.479,335.167,1133066090.2777777,31745629266.84141
2017-06-20,2017-06-21,370.056,377.969,350.942,358.984,780757871.5277778,34359618933.345554
2017-06-19,2017-06-20,371.458,377.115,369.763,370.106,744366250.8710802,34544343562.40198
2017-06-18,2017-06-19,379.414,390.581,368.844,371.657,951099006.9444444,35091392634.639046
2017-06-17,2017-06-18,370.227,378.96,364.002,378.96,930510717.7700348,34480922177.59178
2017-06-16,2017-06-17,361.933,373.055,341.417,370.29,1824192604.1666667,33497099264.41728
2017-06-15,2017-06-16,359.053,364.439,300.7,361.272,1899657630.662021,31329713303.6243
2017-06-14,2017-06-15,397.537,399.324,342.215,358.528,1220430170.1388888,35362539531.3607
2017-06-13,2017-06-14,401.49,411.178,370.057,397.055,2556142195.121951,35723222264.494354
2017-06-12,2017-06-13,340.609,412.931,340.609,398.579,1834558188.15331,34450659976.61626
2017-06-11,2017-06-12,337.668,353.011,318.171,339.973,1825628854.1666667,31713759501.635906
2017-06-10,2017-06-11,281.737,350.261,281.737,336.733,944314878.4722222,27979456932.221344
2017-06-09,2017-06-10,261.666,282.761,261.666,282.621,397973500,24797677406.622696
2017-06-08,2017-06-09,258.071,262.252,253.975,261.948,453941038.32752615,23890367377.15774
2017-06-07,2017-06-08,264.466,264.674,254.04,258.894,558103857.1428572,24111366449.285538
2017-06-06,2017-06-07,248.464,267.514,246.839,264.732,608830597.2222222,23737272236.137398
2017-06-05,2017-06-06,245.332,249.469,243.049,248.723,584860261.3240418,22763785999.542484
2017-06-04,2017-06-05,224.376,250.41,223.981,245.498,594325562.5,22017496291.811604
2017-06-03,2017-06-04,223.775,225.973,219.419,224.265,439662666.6666667,20504691290.578793
2017-06-02,2017-06-03,222.239,229.411,219.584,223.835,629737576.3888888,20699550488.846664
2017-06-01,2017-06-02,230.669,236.221,214.48,221.437,976928794.4250871,20905051175.255985
2017-05-31,2017-06-01,231.911,236.965,215.568,231.277,1574107604.1666667,21048771438.54459
2017-05-30,2017-05-31,194.909,233.71,189.293,232.256,1153165927.0833333,19299802198.74079
2017-05-29,2017-05-30,170.511,197.126,164.53,193.724,560768770.0348432,16326850038.610209
2017-05-28,2017-05-29,157.758,179.935,157.604,170.476,985611194.4444444,15652801453.119022
2017-05-27,2017-05-28,160.403,166.952,120.443,156.552,1038639003.4722222,13826862216.771393
2017-05-26,2017-05-27,174.446,193.688,150.278,161.474,858982024.3902439,16521713270.486732
2017-05-25,2017-05-26,190.046,210.984,170.507,175.842,749347148.409894,17933587908.348717
2017-05-24,2017-05-25,181.952,228.374,181.952,189.826,595174927.0833334,18326681201.906048
2017-05-23,2017-05-24,174.261,183.549,169.932,181.694,858118027.7777778,15935956574.659424
2017-05-22,2017-05-23,157.937,201.746,152.474,173.505,1007932163.7630662,16458272185.250504
2017-05-21,2017-05-22,126.521,159.026,125.889,159.026,366534208.3333333,12840052703.20453
2017-05-20,2017-05-21,129.527,133.641,124.702,126.746,507954166.6666667,11830459109.668772
2017-05-19,2017-05-20,96.9063,133.562,96.9063,129.979,389799773.5191638,10530135250.2798
2017-05-18,2017-05-19,89.8604,97.3686,89.8404,96.8425,179343031.25,8626928345.752151
2017-05-17,2017-05-18,89.438,91.2692,84.43,89.8914,183089569.44444445,8187745055.137654
2017-05-16,2017-05-17,92.4149,93.5551,89.1176,89.3975,164450197.91666666,8385267551.037031
2017-05-15,2017-05-16,90.7865,95.4305,86.8292,92.3178,115961646.34146342,8481154896.420052
2017-05-14,2017-05-15,90.8354,91.2483,89.606,90.7882,68456439.58333333,8297814635.026616
2017-05-13,2017-05-14,88.6554,93.8123,86.6602,90.9569,126206415.625,8232137726.667681
2017-05-12,2017-05-13,89.8797,93.1231,88.7602,88.7962,139099327.5261324,8298704291.649875
2017-05-11,2017-05-12,89.5249,102.548,88.4759,89.9354,140974836.80555555,8279123788.366708
2017-05-10,2017-05-11,91.1629,92.8469,85.2863,89.3832,220714274.30555555,8171595741.493259
2017-05-09,2017-05-10,91.4204,93.0567,80.3899,90.4116,285297336.8055556,8145852649.611179
2017-05-08,2017-05-09,94.0073,95.1369,89.5146,91.6718,241501198.60627177,8436179622.0861635
2017-05-07,2017-05-08,97.8135,98.2391,89.8664,93.8639,139018395.83333334,8799618685.552532
2017-05-06,2017-05-07,94.3985,97.8759,90.9501,97.8759,231372236.1111111,8682354423.712004
2017-05-05,2017-05-06,96.9814,103.233,92.2204,94.3518,398734362.369338,8897978593.235361
2017-05-04,2017-05-05,79.7182,97.5619,79.4311,96.8837,221560329.8611111,7934553250.2404585
2017-05-03,2017-05-04,77.2638,80.0953,75.7634,79.6403,163972569.44444445,7125766735.939079
2017-05-02,2017-05-03,76.297,79.3533,74.3768,77.5702,293542420.1388889,7120431979.0350485
2017-05-01,2017-05-02,79.0212,82.5239,73.0866,76.3821,338727696.8641115,7265584296.873641
2017-04-30,2017-05-01,68.3769,78.9826,68.3477,78.9826,145038395.83333334,6556429665.340191
2017-04-29,2017-04-30,70.1592,71.9049,66.7789,68.5341,205516767.3611111,6445962479.798979
2017-04-28,2017-04-29,62.1677,70.8465,62.1332,70.549,312066954.70383275,5977104825.52073
2017-04-27,2017-04-28,52.7203,62.0509,52.2886,61.9674,174853406.25,5191151726.572086
2017-04-26,2017-04-27,49.8912,53.4368,49.8912,52.7569,62968681.94444445,4693843083.150028
2017-04-25,2017-04-26,50.0315,50.3036,49.8069,49.8686,44046019.44444445,4555715303.117669
2017-04-24,2017-04-25,48.4893,50.1814,48.4893,50.1003,49389928.571428575,4570591619.19743
2017-04-23,2017-04-24,48.553,48.8856,48.1681,48.4335,37712262.847222224,4405002943.003074
2017-04-22,2017-04-23,48.2244,48.7421,48.1731,48.5705,43041760.06944445,4405989099.2979765
2017-04-21,2017-04-22,49.6722,49.6722,48.1403,48.2678,55431468.64111498,4455404408.57294
2017-04-20,2017-04-21,48.3053,49.989,48.1323,49.721,96962787.15277778,4445372579.985741
2017-04-19,2017-04-20,50.7075,50.948,47.2605,48.3049,67088604.166666664,4598481421.781094
2017-04-18,2017-04-19,48.3046,51.0302,48.2971,50.7203,63492852.43055555,4509216903.411885
2017-04-17,2017-04-18,48.7185,48.7454,48.0518,48.295,33584987.108013935,4385827184.697907
2017-04-16,2017-04-17,49.1015,49.1431,48.1873,48.6751,55064705.902777776,4411921572.845162
2017-04-15,2017-04-16,47.5741,49.57,47.1754,49.1679,69612802.77777778,4367672552.582129
2017-04-14,2017-04-15,50.2194,50.2194,46.7625,47.6627,126346993.03135888,4342694129.074198
2017-04-13,2017-04-14,46.2873,50.9138,46.2873,50.164,140874146.5277778,4413013425.858347
2017-04-12,2017-04-13,43.4072,47.232,43.11,46.2747,43640872.916666664,3995306168.073736
2017-04-11,2017-04-12,43.4352,44.2528,43.2997,43.4256,45688047.222222224,3962131464.0766315
2017-04-10,2017-04-11,43.267,44.1359,42.4154,43.4898,48871562.71777003,3896382397.016301
2017-04-09,2017-04-10,44.3071,44.4905,42.8928,43.2898,48713650,3950187398.38493
2017-04-08,2017-04-09,42.1626,45.2053,41.7308,44.4138,86906038.19444445,3968289578.515386
2017-04-07,2017-04-08,43.2421,44.0375,41.646,42.2385,122697741.81184669,3848066193.934958
2017-04-06,2017-04-07,45.304,45.6419,40.9011,43.2332,121439871.52777778,4003641296.144772
2017-04-05,2017-04-06,44.6419,47.8434,44.5381,45.5301,125525384.72222222,4182343584.0608997
2017-04-04,2017-04-05,44.3564,45.7396,41.7218,44.8505,165294097.2222222,3930377582.133405
2017-04-03,2017-04-04,48.7487,48.8212,43.4097,44.2916,205192696.8641115,4176652261.7784996
2017-04-02,2017-04-03,50.6995,51.2745,45.4258,48.7985,94340774.30555555,4533538120.901398
2017-04-01,2017-04-02,50.0373,51.9283,48.8753,50.6929,113075503.125,4534704297.939726
2017-03-31,2017-04-01,52.2058,52.2058,47.3803,50.0247,119428854.3554007,4493285581.907028
2017-03-30,2017-03-31,53.1261,53.314,51.8668,52.2622,106740225,4750918976.3110895
2017-03-29,2017-03-30,50.7749,53.869,50.5485,53.1553,130847575.34722222,4715371203.666151
2017-03-28,2017-03-29,49.7104,50.9563,49.1451,50.7177,116282402.78745645,4527179382.097752
2017-03-27,2017-03-28,50.5216,52.4609,48.9298,49.5942,120948809.02777778,4678775493.492157
2017-03-26,2017-03-27,51.25,51.8029,49.2839,50.3421,149130906.25,4525864996.183236
2017-03-25,2017-03-26,53.1075,53.5759,48.3117,51.1639,307740659.7222222,4607811788.50126
2017-03-24,2017-03-25,43.6784,54.1448,43.2057,52.7926,164960334.84320557,4184321290.7954307
2017-03-23,2017-03-24,42.3421,44.7548,41.3025,43.8057,99793212.15277778,3825384554.414393
2017-03-22,2017-03-23,43.1451,43.5187,39.6878,42.2579,98118738.54166667,3771672451.3354006
2017-03-21,2017-03-22,43.3902,44.2623,42.3707,43.1662,121683463.06620209,3932448562.016763
2017-03-20,2017-03-21,44.7401,46.2289,42.4447,43.1241,196496410.52631578,4026566039.375752
2017-03-19,2017-03-20,34.1602,46.996,34.1602,44.343,273082395.8333333,3786637409.989589
2017-03-18,2017-03-19,46.828,46.8742,31.7021,33.0095,331299496.5277778,3626813908.644754
2017-03-17,2017-03-18,46.3458,55.1147,38.207,46.3808,490736550.5226481,4206992542.6736803
2017-03-16,2017-03-17,35.0559,47.1698,35.0559,45.8176,352364513.8888889,3713597832.0747395
2017-03-15,2017-03-16,28.6546,34.7211,28.4332,34.7211,102411952.43055555,2726149873.726378
2017-03-14,2017-03-15,28.5929,29.9329,27.3153,28.6585,179968080.41958043,2560607715.7483025
2017-03-13,2017-03-14,23.4377,30.6038,23.4377,28.5474,165689279.5138889,2465580436.8707485
2017-03-12,2017-03-13,21.4725,23.3717,21.3795,23.3702,80407065.625,2013599659.6120691
2017-03-11,2017-03-12,19.3323,21.5882,19.007,21.5028,92579259.375,1784453158.190606
2017-03-10,2017-03-11,17.7547,19.6588,17.6773,19.294,37081833.101045296,1631376808.499677
2017-03-09,2017-03-10,16.6513,17.8726,16.3665,17.7474,39316072.222222224,1551525956.2609124
2017-03-08,2017-03-09,18.8886,18.8886,16.7082,16.7082,44056947.916666664,1611070360.1873386
2017-03-07,2017-03-08,19.6057,19.6299,18.6426,18.8757,37463179.79094077,1715015120.9099147
2017-03-06,2017-03-07,19.3023,20.1023,19.1148,19.6291,25135185.416666668,1749019790.7692235
2017-03-05,2017-03-06,18.6189,19.4232,18.2323,19.3008,29671303.819444444,1680693015.0119169
2017-03-04,2017-03-05,19.459,20.055,18.6262,18.6262,59257613.19444445,1748520576.4119356
2017-03-03,2017-03-04,19.0302,20.6674,18.4112,19.4679,97374145.6445993,1771613595.7553494
2017-03-02,2017-03-03,17.3497,19.353,16.954,19.0929,67001078.125,1621032679.6032314
2017-03-01,2017-03-02,15.8172,17.3711,15.5589,17.3711,47174355.55555555,1424515476.3904085
2017-02-28,2017-03-01,15.3965,16.0594,15.1233,15.8672,51587033.09859155,1407354591.2542734
2017-02-27,2017-02-28,14.52,15.6752,14.274,15.3491,24248830.555555556,1306686738.4130738
2017-02-26,2017-02-27,13.5487,14.5431,13.3953,14.5422,17419250.347222224,1223140799.6748888
2017-02-25,2017-02-26,13.0692,13.7239,12.9807,13.547,16553178.819444444,1190492061.3264604
2017-02-24,2017-02-25,13.1194,13.2323,12.8828,13.067,20022019.51219512,1166882049.9388697
2017-02-23,2017-02-24,12.5997,13.2078,12.5638,13.1367,11279432.013888888,1138242823.69482
2017-02-22,2017-02-23,12.6684,12.7625,12.5526,12.6009,10933115.972222222,1130176966.6273117
2017-02-21,2017-02-22,12.4301,12.7709,12.2101,12.6756,16604426.132404182,1115299888.3772397
2017-02-20,2017-02-21,12.7585,12.8967,12.4787,12.4787,9088736.493055556,1138510182.1838923
2017-02-19,2017-02-20,12.8102,12.8733,12.7144,12.7545,8994524.305555556,1138834520.327253
2017-02-18,2017-02-19,12.6765,12.8258,12.6765,12.8059,10809146.145833334,1137600080.3669171
2017-02-17,2017-02-18,12.9037,12.9081,12.6646,12.6819,27716233.101045296,1137821012.3434942
2017-02-16,2017-02-17,12.9197,12.921,12.5447,12.9065,24340629.166666668,1135576943.2207477
2017-02-15,2017-02-16,13.0252,13.0397,12.6371,12.9314,32551123.958333332,1141474673.018215
2017-02-14,2017-02-15,11.2695,13.3307,11.2695,13.0009,23703186.350877192,1091787731.5840127
2017-02-13,2017-02-14,11.3992,11.3992,11.1741,11.2719,6434830,999448585.8124578
2017-02-12,2017-02-13,11.3495,11.4013,11.304,11.3919,6514081.180555556,1007362883.902822
2017-02-11,2017-02-12,11.2789,11.4318,11.2424,11.3564,10400897.118055556,1005473914.1162649
2017-02-10,2017-02-11,11.0322,11.3447,10.7812,11.2781,16154139.024390243,981253483.5018015
2017-02-09,2017-02-10,11.4312,11.598,10.6745,11.0372,12082857.291666666,996461188.0229418
2017-02-08,2017-02-09,11.5153,11.6304,11.2434,11.4299,9293696.909722222,1017582264.7714187
2017-02-07,2017-02-08,11.3894,11.6098,11.3894,11.5165,6813575.12195122,1023937317.6959698
2017-02-06,2017-02-07,11.353,11.4754,11.3446,11.3966,6003560.416666667,1011913338.9223696
2017-02-05,2017-02-06,11.4335,11.4861,11.3169,11.3724,9102411.909722222,1008739239.3273792
2017-02-04,2017-02-05,11.1145,11.5015,11.1145,11.4175,14224122.916666666,1009310511.4370341
2017-02-03,2017-02-04,10.8214,11.0929,10.755,11.0929,12455267.94425087,962846119.1369678
2017-02-02,2017-02-03,10.7321,10.8881,10.5519,10.8219,11173959.791666666,948542256.0216593
2017-02-01,2017-02-02,10.7275,10.8472,10.5566,10.728,12903907.31707317,951294982.2015997
2017-01-31,2017-02-01,10.5712,10.7487,10.545,10.7093,9532228.048780488,938135421.6654937
2017-01-30,2017-01-31,10.484,10.714,10.4665,10.5703,5556701.631944444,931158778.7809435
2017-01-29,2017-01-30,10.565,10.5697,10.4517,10.4887,5979955.902777778,928378766.7482395
2017-01-28,2017-01-29,10.5373,10.5832,10.4293,10.5548,6194957.256944444,930864284.613226
2017-01-27,2017-01-28,10.5891,10.607,10.4423,10.5383,8641288.7456446,928154361.9068877
2017-01-26,2017-01-27,10.5705,10.6677,10.5135,10.5948,6995888.090277778,933669233.2473826
2017-01-25,2017-01-26,10.6325,10.6325,10.484,10.5694,7588452.291666667,929500472.3252933
2017-01-24,2017-01-25,10.8208,10.8208,10.5713,10.597,7790677.630662021,931925718.9777491
2017-01-23,2017-01-24,10.7032,10.8447,10.669,10.8197,8074103.194444444,948287617.6718181
2017-01-22,2017-01-23,10.9092,10.9718,10.5763,10.7344,9884301.041666666,954359448.7359134
2017-01-21,2017-01-22,10.6006,10.9778,10.58,10.9109,11085033.680555556,946855827.0672312
2017-01-20,2017-01-21,10.3972,10.7627,10.3521,10.5946,10790520.383275261,928571023.1091385
2017-01-19,2017-01-20,10.2278,10.444,10.1789,10.3966,9039361.597222222,906515538.7659142
2017-01-18,2017-01-19,10.3023,10.5168,9.93529,10.1958,16651697.569444444,901980892.500541
2017-01-17,2017-01-18,9.6365,10.6104,9.54462,10.3282,16400871.777003484,880032575.8696247
2017-01-16,2017-01-17,9.90426,9.92592,9.58357,9.58357,14726904.513888888,857268056.2245603
2017-01-15,2017-01-16,9.64666,9.99962,9.59741,9.9088,17861915.972222224,886494983.0784078
2017-01-14,2017-01-15,9.7695,9.89084,9.44398,9.78377,23559817.770034842,854653403.7070332
2017-01-13,2017-01-14,9.86133,9.86133,9.51438,9.67667,25859660.069444444,851448565.8013973
2017-01-12,2017-01-13,9.71776,10.084,9.17558,9.85651,31415812.152777776,845008991.0625882
2017-01-11,2017-01-12,10.5496,10.6639,9.4568,9.7324,16967191.666666668,890901824.1298642
2017-01-10,2017-01-11,10.3256,10.6898,10.2898,10.565,19039191.289198607,923921895.4225117
2017-01-09,2017-01-10,10.2898,10.7838,10.1366,10.3668,21969669.097222224,920623822.5381827
2017-01-08,2017-01-09,9.86719,10.3948,9.8289,10.2793,18929680.208333332,881873868.5862669
2017-01-07,2017-01-08,10.2547,10.2804,9.58585,9.84157,26890279.094076656,867229102.5917852
2017-01-06,2017-01-07,10.2544,10.6292,9.62729,10.2487,33692071.18055555,899281782.4425325
2017-01-05,2017-01-06,11.2516,11.8909,9.40268,10.2677,43687098.958333336,948675054.6522068
2017-01-04,2017-01-05,9.72525,11.2764,9.55981,11.2764,43719271.875,927811268.1130633
2017-01-03,2017-01-04,8.37851,9.9968,8.31717,9.74586,19180598.606271777,781653267.8173134
2017-01-02,2017-01-03,8.17257,8.43633,8.05441,8.37087,14252558.333333334,719073653.2433408
2017-01-01,2017-01-02,7.9691,8.47123,7.9691,8.17558,11462846.875,721569553.141697
2016-12-31,2017-01-01,8.15998,8.15998,7.90938,7.96022,11151551.393728223,697490434.8381406
2016-12-30,2016-12-31,8.28416,8.46609,8.05468,8.15988,20695832.291666668,722644181.3342242
2016-12-29,2016-12-30,7.52011,8.52741,7.52011,8.27661,25831085.416666668,713095855.67712
2016-12-28,2016-12-29,7.17082,7.62406,7.08225,7.54068,11635737.1875,630377843.9394623
2016-12-27,2016-12-28,7.27409,7.32258,7.09047,7.1754,5684809.616724739,631318889.273821
2016-12-26,2016-12-27,7.17508,7.33382,7.04751,7.2551,7753399.548611111,630535718.9593138
2016-12-25,2016-12-26,7.26577,7.34166,7.13886,7.18144,7866930.347222222,633432491.2671666
2016-12-24,2016-12-25,7.16615,7.40543,7.15242,7.26841,14031099.721254356,636337746.2597333
2016-12-23,2016-12-24,7.585,7.69174,7.16114,7.2033,16003046.180555556,644174905.5537237
2016-12-22,2016-12-23,7.9144,7.9144,7.50171,7.57926,15433361.909722222,666331641.6938304
2016-12-21,2016-12-22,7.66004,7.9436,7.66004,7.89524,7492643.680555556,676031351.6149544
2016-12-20,2016-12-21,7.64382,7.7459,7.5716,7.65045,6024789.163763066,664834405.5242778
2016-12-19,2016-12-20,7.86532,7.86943,7.62519,7.64083,5533752.569444444,674807079.197563
2016-12-18,2016-12-19,7.87659,7.93286,7.71948,7.86689,7297837.847222222,681390777.645707
2016-12-17,2016-12-18,7.85821,7.89911,7.52057,7.89911,6799050.139372822,667234494.2507852
2016-12-16,2016-12-17,7.82847,7.93477,7.80447,7.85324,8823737.465277778,685786252.9334569
2016-12-15,2016-12-16,8.26523,8.26523,7.72241,7.82691,11261944.722222222,692328433.8731589
2016-12-14,2016-12-15,8.42285,8.51865,8.24887,8.27573,5110121.5625,731448921.4260757
2016-12-13,2016-12-14,8.52221,8.53089,8.34572,8.42063,7800358.842105263,731681051.4448946
2016-12-12,2016-12-13,8.19362,8.60633,8.16508,8.51441,6362954.6875,725370706.2861383
2016-12-11,2016-12-12,8.12516,8.26856,8.10299,8.20723,7703577.465277778,710978134.8396106
2016-12-10,2016-12-11,8.44601,8.52841,8.01677,8.11883,9322912.578397213,720916621.7190921
2016-12-09,2016-12-10,8.23051,8.67409,8.05433,8.45783,14143410.763888888,722313342.4310874
2016-12-08,2016-12-09,8.38148,8.86133,8.25522,8.25522,21612321.527777776,739759621.9883775
2016-12-07,2016-12-08,7.86893,8.54084,7.32844,8.38213,36290904.86111111,677308465.2499095
2016-12-06,2016-12-07,6.82166,7.92268,5.97887,7.85203,33736345.99303136,595047087.9673402
2016-12-05,2016-12-06,7.44368,7.63886,6.6555,6.83015,11276455.104166666,628158569.1215806
2016-12-04,2016-12-05,7.92134,7.94777,7.45995,7.45995,9036683.298611112,667536058.6537156
2016-12-03,2016-12-04,7.75996,8.15117,7.66824,7.92728,18091111.49825784,686736191.4773111
2016-12-02,2016-12-03,8.4525,8.45557,7.4178,7.74111,9966261.916376306,693372370.8876278
2016-12-01,2016-12-02,8.58754,8.64603,8.35906,8.45672,8249167.087719298,735570787.7530681
2016-11-30,2016-12-01,8.17412,8.75113,8.15548,8.59007,13414425,729771592.9036925
2016-11-29,2016-11-30,8.72482,8.74443,7.87573,8.18344,12044456.515679443,714378140.1398377
2016-11-28,2016-11-29,8.99847,9.01168,8.72361,8.72361,8381741.770833333,763094585.7061229
2016-11-27,2016-11-28,9.32811,9.33352,8.7755,8.99595,5041851.388888889,785629419.4552833
2016-11-26,2016-11-27,9.40205,9.50103,9.31075,9.32467,5931575.296167247,810127494.0934845
2016-11-25,2016-11-26,9.23167,9.75252,9.21123,9.40819,13995566.458333334,812128422.4693555
2016-11-24,2016-11-25,9.84362,9.8526,8.92861,9.24682,8060375.520833333,821837739.5277342
2016-11-23,2016-11-24,9.90572,9.95926,9.76379,9.82851,7913985.729166667,851375585.0100219
2016-11-22,2016-11-23,9.62082,10.2388,9.5911,9.90574,7624681.742160278,854592620.6901789
2016-11-21,2016-11-22,9.57928,9.63779,9.54169,9.6282,4860615.644599303,826495198.351327
2016-11-20,2016-11-21,9.66276,9.71109,9.52017,9.58016,4342482.916666667,827970111.3493065
2016-11-19,2016-11-20,9.47616,9.74582,9.47616,9.66802,8587913.658536585,831825683.9692776
2016-11-18,2016-11-19,9.99118,10.0061,9.47742,9.49271,8293926.944444444,837437149.5948526
2016-11-17,2016-11-18,10.0591,10.1902,9.92025,9.98048,9461523.576388888,863054186.867962
2016-11-16,2016-11-17,10.2175,10.3266,9.93143,10.0652,7338048.402777778,875660816.0505962
2016-11-15,2016-11-16,9.96648,10.3219,9.85144,10.2053,4909753.658536585,865844705.7072049
2016-11-14,2016-11-15,10.1015,10.1571,9.95604,9.97508,5111867.951388889,861841440.3317599
2016-11-13,2016-11-14,9.87796,10.4127,9.84176,10.0954,10942129.583333334,866577785.0907916
2016-11-12,2016-11-13,10.2899,10.3362,9.69731,9.87669,7119411.463414635,870098569.6853489
2016-11-11,2016-11-12,10.5245,10.5727,10.257,10.2925,5270998.680555556,893064171.0998877
2016-11-10,2016-11-11,10.6555,10.6771,10.5133,10.5329,6954196.701388889,909706794.9693463
2016-11-09,2016-11-10,10.8337,10.8349,10.2229,10.6891,12666451.986062719,910228274.7291003
2016-11-08,2016-11-09,10.8088,10.9243,10.7398,10.8314,6235654.930555556,932919861.459698
2016-11-07,2016-11-08,10.8735,10.9567,10.7843,10.8352,5902854.340277778,934255159.7847278
2016-11-06,2016-11-07,11.0025,11.2454,10.852,10.9029,5112642.427536231,938182389.286725
2016-11-05,2016-11-06,11.0907,11.2366,10.8834,10.9986,8541966.132404182,945141672.2461152
2016-11-04,2016-11-05,10.801,11.1222,10.801,11.0893,13841560.173611112,938988363.7060838
2016-11-03,2016-11-04,10.7526,11.1075,10.7526,10.8464,12381688.541666666,937888306.3551067
2016-11-02,2016-11-03,10.7661,11.1604,10.6925,10.7397,18475392.334494773,933365451.4315605
2016-11-01,2016-11-02,10.9982,11.1797,10.3041,10.7779,16493433.333333334,912507156.5102302
2016-10-31,2016-11-01,11.1828,11.4985,10.9352,10.9692,16198118.75,960869167.5156786
2016-10-30,2016-10-31,10.4446,11.4537,10.2949,11.1932,22471018.055555556,909872251.879397
2016-10-29,2016-10-30,11.0851,11.1985,9.56327,10.4242,19465974.825174823,914382832.2096055
2016-10-28,2016-10-29,11.4997,11.5784,10.9539,11.1011,12075987.847222222,961499284.8352324
2016-10-27,2016-10-28,11.532,11.6065,11.2635,11.4978,12713041.736111112,977301383.3775283
2016-10-26,2016-10-27,11.414,11.6625,11.3841,11.5739,14694247.038327526,982832149.2031264
2016-10-25,2016-10-26,11.969,11.9934,11.1475,11.3934,12716638.4375,987668057.7126617
2016-10-24,2016-10-25,12.036,12.1007,11.9091,11.9649,5344224.652777778,1023954908.2065756
2016-10-23,2016-10-24,12.0715,12.1431,11.9392,12.03,7386878.923611111,1030871294.4954336
2016-10-22,2016-10-23,12.1754,12.1902,11.9541,12.0705,6355408.850174216,1030392219.1677235
2016-10-21,2016-10-22,12.099,12.2054,12.0234,12.0802,6696773.229166667,1032281576.1046166
2016-10-20,2016-10-21,12.0226,12.2888,11.9972,12.0947,9986609.236111112,1033682295.064981
2016-10-19,2016-10-20,12.5885,12.6191,11.9085,12.0274,13890840.069686411,1046364487.0742011
2016-10-18,2016-10-19,12.005,12.9278,11.9959,12.5744,12927443.402777778,1062076136.0706774
2016-10-17,2016-10-18,11.9516,12.0339,11.8613,11.996,4756415.520833333,1015429133.2228227
2016-10-16,2016-10-17,11.9834,12.0097,11.9332,11.9548,4279897.118055556,1016950948.7089295
2016-10-15,2016-10-16,11.9382,11.9962,11.7768,11.955,4429515.923344947,1009714766.5411041
2016-10-14,2016-10-15,11.963,12.074,11.8959,11.9347,6951259.548611111,1019874864.0771427
2016-10-13,2016-10-14,11.9335,12.1312,11.7837,12.0132,9185893.784722222,1012951339.6733238
2016-10-12,2016-10-13,11.7857,12.072,11.7072,11.961,10709527.909407666,1006431026.0988287
2016-10-11,2016-10-12,11.7555,12.1609,11.7513,11.785,10797627.256944444,1016130133.4704647
2016-10-10,2016-10-11,12.0537,12.0622,11.624,11.7566,9555934.236111112,1006883343.7888423
2016-10-09,2016-10-10,12.2191,12.3571,11.9795,12.0568,8377451.388888889,1036539104.1697123
2016-10-08,2016-10-09,12.6671,12.6869,12.0455,12.1972,10892189.721254356,1043676182.7011266
2016-10-07,2016-10-08,12.8543,12.9902,12.5347,12.6626,10061950.520833334,1078593177.1552064
2016-10-06,2016-10-07,13.0357,13.1436,12.6868,12.8704,12094674.340277778,1093303895.935199
2016-10-05,2016-10-06,13.277,13.3467,13.0384,13.0384,8598037.386759581,1121387667.589407
2016-10-04,2016-10-05,13.4524,13.531,13.2115,13.2768,8722107.465277778,1133269827.6967351
2016-10-03,2016-10-04,13.1997,13.4852,13.1872,13.4741,4715874.444444444,1122824013.340832
2016-10-02,2016-10-03,13.1727,13.2959,13.1431,13.2032,5347055.416666667,1117548690.834878
2016-10-01,2016-10-02,13.2248,13.3091,13.0456,13.1756,6233940.975609756,1110750456.1895673
2016-09-30,2016-10-01,13.0734,13.3427,13.0245,13.2286,5803531.979166667,1115182244.7300508
2016-09-29,2016-09-30,13.2748,13.3361,13.0792,13.118,7018328.229166667,1111977026.8706675
2016-09-28,2016-09-29,13.0983,13.4838,13.0813,13.2836,10146274.808362368,1121365539.7577324
2016-09-27,2016-09-28,12.8231,13.2114,12.8231,13.0935,6445580.763888889,1105767232.7232733
2016-09-26,2016-09-27,13.1009,13.1696,12.7402,12.8182,6501998.020833333,1094277204.6767998
2016-09-25,2016-09-26,12.8779,13.1075,12.7975,13.0848,7392460.243055556,1091610837.6637473
2016-09-24,2016-09-25,13.3313,13.343,12.6817,12.879,8997598.013937281,1097379715.671037
2016-09-23,2016-09-24,13.2476,13.4469,13.1016,13.3285,20136617.222222224,1117852326.5997481
2016-09-22,2016-09-23,13.7685,13.7685,12.4786,13.2711,25082250.347222224,1096758322.3369303
2016-09-21,2016-09-22,14.4303,14.4341,13.1702,13.7924,31466555.05226481,1162515275.3541663
2016-09-20,2016-09-21,13.189,14.3819,13.1198,14.2948,22961830.31358885,1153891462.557769
2016-09-19,2016-09-20,12.4312,13.1587,12.4175,13.1587,22734005.902777776,1078856073.087793
2016-09-18,2016-09-19,12.6986,12.9873,12.1555,12.425,10301093.888888888,1066635401.2169039
2016-09-17,2016-09-18,12.5558,12.763,12.4424,12.6872,14674686.06271777,1059455479.9192939
2016-09-16,2016-09-17,11.937,12.7486,11.9029,12.5519,9385270.833333334,1027420095.1923676
2016-09-15,2016-09-16,11.9232,12.1354,11.9227,11.9227,7838576.006944444,1011217675.4464419
2016-09-14,2016-09-15,11.9187,11.9972,11.8559,11.9368,7533857.560975609,1001663315.7017725
2016-09-13,2016-09-14,11.8937,12.0856,11.8808,11.9251,10019594.444444444,1007254478.1525162
2016-09-12,2016-09-13,11.6384,11.947,11.6136,11.893,9096470.173611112,989142362.7106404
2016-09-11,2016-09-12,12.1685,12.2079,11.5897,11.6257,8872992.291666666,1000024598.261976
2016-09-10,2016-09-11,11.6528,12.2151,11.5437,12.2151,5409416.550522648,980027233.8292475
2016-09-09,2016-09-10,11.3459,11.68,11.3459,11.6583,8747283.333333334,973281958.5337781
2016-09-08,2016-09-09,11.5479,11.7014,11.2524,11.3357,8659592.743055556,960565637.3433615
2016-09-07,2016-09-08,11.6891,11.7263,11.515,11.5496,6031820.975609756,973731587.011545
2016-09-06,2016-09-07,11.717,11.7284,11.4728,11.6925,6139139.270833333,971883788.6542249
2016-09-05,2016-09-06,11.6799,11.8066,11.594,11.7347,6512108.090277778,979046956.9347444
2016-09-04,2016-09-05,11.7587,11.7936,11.4739,11.6753,10503832.68292683,975623033.6289535
2016-09-03,2016-09-04,12.113,12.3636,11.3472,11.7873,10981069.027777778,994150741.5509619
2016-09-02,2016-09-03,11.9949,12.3133,11.8824,12.1142,14530290.069444444,1005615893.6700265
2016-09-01,2016-09-02,11.6724,12.5815,11.6485,12.0164,20683900,1016497760.1693829
2016-08-31,2016-09-01,11.2289,11.6802,11.1839,11.6802,8934901.951219512,948590784.7383674
2016-08-30,2016-08-31,10.9838,11.3036,10.9588,11.2309,6722698.368055556,929056369.5617852
2016-08-29,2016-08-30,10.9293,11.1462,10.7898,10.9747,7438111.458333333,913963738.3746985
2016-08-28,2016-08-29,11.1482,11.1482,10.92,10.9302,4162859.825783972,921427597.8150492
2016-08-27,2016-08-28,11.2954,11.2954,11.1395,11.1492,3603665.659722222,935491528.6600087
2016-08-26,2016-08-27,11.3574,11.4454,11.2113,11.2899,7566063.298611111,942812852.3362374
2016-08-25,2016-08-26,11.036,11.3851,11.0168,11.3649,6393578.020833333,932214037.2339795
2016-08-24,2016-08-25,11.0306,11.1546,11.0095,11.0393,5882173.658536585,920878042.0182652
2016-08-23,2016-08-24,11.1209,11.23,10.898,11.0273,6881447.361111111,923973695.2480587
2016-08-22,2016-08-23,11.1792,11.3408,11.075,11.1096,4703239.479166667,934388983.6959822
2016-08-21,2016-08-22,11.2474,11.2538,10.9939,11.1753,5510111.49825784,924139341.6884524
2016-08-20,2016-08-21,10.7487,11.3007,10.7487,11.2694,7067487.256944444,924181422.4367167
2016-08-19,2016-08-20,10.7561,10.8011,10.7279,10.7477,6262662.152777778,893852345.373302
2016-08-18,2016-08-19,10.7528,11.0091,10.7448,10.756,8336199.722222222,904001001.1001446
2016-08-17,2016-08-18,11.1397,11.1548,10.7486,10.7588,7431335.052264809,912604675.9575896
2016-08-16,2016-08-17,11.2184,11.2373,11.0028,11.1453,7828417.291666667,925934884.2345384
2016-08-15,2016-08-16,11.1948,11.3108,11.0001,11.2151,8184644.861111111,928033360.1673659
2016-08-14,2016-08-15,11.5713,11.6946,11.0991,11.1993,7488496.515679442,952207675.1803071
2016-08-13,2016-08-14,11.7785,11.7911,11.5118,11.5772,9917453.684210526,966807095.6140383
2016-08-12,2016-08-13,11.6909,12.0416,11.6351,11.7747,15262114.930555556,977929251.8839803
2016-08-11,2016-08-12,12.1432,12.2724,11.6338,11.6925,25500770.833333332,982109077.3691
2016-08-10,2016-08-11,12.2443,12.4578,11.9825,12.128,33156862.717770036,1010831418.9234345
2016-08-09,2016-08-10,11.2454,12.4546,11.2,12.2352,23804683.333333332,971712301.3707163
2016-08-08,2016-08-09,10.9116,11.3288,10.859,11.2433,15453036.805555556,909147696.0543298
2016-08-07,2016-08-08,10.8811,11.0896,10.78,10.9175,16019716.027874565,902467322.6410102
2016-08-06,2016-08-07,10.9254,10.9376,10.2858,10.8999,15442131.944444444,885090360.7765434
2016-08-05,2016-08-06,11.0428,11.1764,10.7632,10.9331,28741819.097222224,904206467.0385368
2016-08-04,2016-08-05,10.2939,11.2912,10.1564,11.0367,44165448.958333336,887930171.3537529
2016-08-03,2016-08-04,8.78728,10.418,8.78728,10.2512,88241803.1358885,807411900.7880937
2016-08-02,2016-08-03,10.9416,11.1372,8.20098,8.73383,47590983.333333336,844180460.092841
2016-08-01,2016-08-02,11.8759,12.0137,10.9585,10.9585,25051744.097222224,956319454.4177971
2016-07-31,2016-08-01,12.461,12.5098,11.5472,11.868,16406538.118466899,1002137138.0226389
2016-07-30,2016-07-31,12.7946,12.8013,12.4689,12.4765,11592384.444444444,1045079985.7967129
2016-07-29,2016-07-30,12.8436,12.8706,12.5542,12.8162,18773773.263888888,1046256695.8892888
2016-07-28,2016-07-29,12.9728,12.9882,12.4927,12.8619,39144895.48611111,1050280557.5933347
2016-07-27,2016-07-28,11.9895,13.3119,11.8357,12.9646,85890342.5087108,1046124868.4297835
2016-07-26,2016-07-27,13.8361,13.8511,11.7272,11.7632,57884411.458333336,1056037134.8688444
2016-07-25,2016-07-26,12.7495,13.857,12.6838,13.8105,61688612.5,1095914959.8543766
2016-07-24,2016-07-25,14.2997,14.4374,12.3161,12.7664,48999694.07665505,1101643483.074602
2016-07-23,2016-07-24,14.6619,14.8989,14.0497,14.3311,65212477.083333336,1187063321.0921779
2016-07-22,2016-07-23,12.6507,14.8134,12.5399,14.7156,43571885.416666664,1109376186.3781123
2016-07-21,2016-07-22,12.4506,12.7103,11.9937,12.6305,45992054.166666664,1021411647.8382032
2016-07-20,2016-07-21,11.6191,12.9914,11.5669,12.4484,38660612.54355401,991736839.7072048
2016-07-19,2016-07-20,11.0344,12.0139,11.0103,11.6424,15760018.75,929511563.1699467
2016-07-18,2016-07-19,11.1587,11.6101,10.9483,11.0019,16936240.625,934775096.8136563
2016-07-17,2016-07-18,11.6528,11.6703,11.0074,11.1549,13467704.86013986,926474925.196491
2016-07-16,2016-07-17,11.9516,11.9516,11.5924,11.6471,17140790.625,965600398.8478298
2016-07-15,2016-07-16,11.5132,12.4313,11.49,11.9497,26653416.666666668,981146010.6981683
2016-07-14,2016-07-15,10.5005,11.6819,10.5005,11.5519,15642596.423611112,917920126.4254761
2016-07-13,2016-07-14,10.5161,10.5895,10.4039,10.4587,10010032.404181184,859204805.0610701
2016-07-12,2016-07-13,10.459,10.762,10.4258,10.557,11195429.965277778,865165411.0787214
2016-07-11,2016-07-12,10.9476,11.0093,10.2602,10.4772,9118254.930555556,868609622.2946669
2016-07-10,2016-07-11,10.9655,11.0137,10.7822,10.9373,10906815.226480836,890814738.0537937
2016-07-09,2016-07-10,11.3946,11.4567,10.7295,10.9626,22127330.555555556,901772931.0110687
2016-07-08,2016-07-09,10.1094,11.5248,9.96126,11.4059,14207673.263888888,858685753.2997793
2016-07-07,2016-07-08,10.5289,10.5658,9.80321,10.099,15154216.319444444,825732050.1019129
2016-07-06,2016-07-07,10.6114,11.1056,10.2808,10.5246,34813522.29965157,867587771.5801069
2016-07-05,2016-07-06,11.471,11.5178,9.57626,10.6158,27890975.694444444,858874553.1986326
2016-07-04,2016-07-05,11.7202,11.8802,11.3895,11.4378,11066696.909722222,944388877.8398274
2016-07-03,2016-07-04,12.1284,12.1452,11.5891,11.7989,9905613.275261324,971998923.6257058
2016-07-02,2016-07-03,12.1995,12.2209,11.9502,12.136,13162005.451388888,985454219.1004556
2016-07-01,2016-07-02,12.4615,12.4913,11.7335,12.2163,16417418.75,991650153.5618619
2016-06-30,2016-07-01,12.6112,12.7419,12.2536,12.4421,21147277.083333332,1018938569.8367552
2016-06-29,2016-06-30,12.1756,13.038,11.6854,12.6082,42205664.11149826,993618638.071967
2016-06-28,2016-06-29,13.8839,13.9815,11.718,12.2025,20069829.513888888,1073465898.1490637
2016-06-27,2016-06-28,13.8502,14.1211,13.7493,13.9018,13513124.479166666,1129969144.8632553
2016-06-26,2016-06-27,14.283,14.3739,13.6565,13.8262,14044087.108013937,1136799789.5819693
2016-06-25,2016-06-26,14.3321,14.5819,14.017,14.2818,20042760.416666668,1158746712.3705835
2016-06-24,2016-06-25,13.6762,14.5673,13.2194,14.2641,34491825,1135575933.4161391
2016-06-23,2016-06-24,13.0951,13.7911,12.564,13.6707,54999772.12543554,1074115837.8731353
2016-06-22,2016-06-23,13.3067,15.7856,13.114,13.1603,105479585.7638889,1149231698.3663313
2016-06-21,2016-06-22,11.8395,13.4204,11.2918,13.4204,52385767.708333336,974353783.3960664
2016-06-20,2016-06-21,12.2342,12.4483,10.5247,11.8639,61802150.347222224,955918999.7346435
2016-06-19,2016-06-20,11.3307,13.1821,10.6356,12.2547,121913413.24041812,979000019.1564784
2016-06-18,2016-06-19,15.3768,15.3786,9.96364,11.1617,156357760.41666666,1050204746.5932808
2016-06-17,2016-06-18,20.5886,21.5227,13.5676,15.3559,110313123.95833333,1419575411.4582298
2016-06-16,2016-06-17,18.3543,20.8297,18.3543,20.5923,28354024.041811846,1592135535.939787
2016-06-15,2016-06-16,18.8932,18.9053,17.7095,18.4483,40829647.916666664,1490879495.719137
2016-06-14,2016-06-15,17.6027,19.2735,17.2986,18.8395,53917917.01388889,1479354797.444614
2016-06-13,2016-06-14,15.7437,17.6442,15.7196,17.5695,39511688.541666664,1352702423.2255983
2016-06-12,2016-06-13,14.1916,15.9,14.1864,15.7624,22774380.48780488,1191640105.3591971
2016-06-11,2016-06-12,13.9086,14.0798,13.7203,14.0798,11304141.423611112,1123870095.1423628
2016-06-10,2016-06-11,14.3986,14.4318,13.8207,13.9364,9542344.340277778,1141743013.4964898
2016-06-09,2016-06-10,14.4177,14.5672,14.3402,14.392,11256648.362369338,1169881963.288033
2016-06-08,2016-06-09,14.512,14.7796,14.2752,14.4304,21859655.208333332,1174771873.2423856
2016-06-07,2016-06-08,13.9341,14.4974,13.8146,14.4974,13243364.270833334,1138299041.4555292
2016-06-06,2016-06-07,13.975,14.0585,13.7349,13.9565,10777972.5,1123010052.4167216
2016-06-05,2016-06-06,13.7404,14.0722,13.5678,13.9718,13224108.432055749,1114236918.2519488
2016-06-04,2016-06-05,13.8467,13.9454,13.4218,13.6985,21047566.666666668,1105814273.8679705
2016-06-03,2016-06-04,13.738,13.8738,13.2543,13.8139,14901617.118055556,1103696075.4143567
2016-06-02,2016-06-03,14.0015,14.0484,13.6292,13.7405,16266025.087108014,1117341491.2608094
2016-06-01,2016-06-02,14.0773,14.3155,13.4389,13.9466,41923554.51388889,1125168585.5941787
2016-05-31,2016-06-01,12.7253,14.2673,12.6422,14.0619,22081905.555555556,1072553172.9199916
2016-05-30,2016-05-31,12.3504,12.8806,12.2658,12.7497,22539601.736111112,1004517818.1114173
2016-05-29,2016-05-30,11.8929,12.6908,11.7768,12.3872,35697387.45644599,998302570.0988531
2016-05-28,2016-05-29,11.2958,12.3633,10.3734,11.82,45870992.36111111,919178173.6643792
2016-05-27,2016-05-28,12.4304,12.4304,10.5027,11.327,44411655.902777776,906326172.8417786
2016-05-26,2016-05-27,12.526,12.9866,12.0592,12.4577,25821444.94773519,999889197.2897309
2016-05-25,2016-05-26,12.7323,12.8984,11.7666,12.5358,36333525,1002411077.729017
2016-05-24,2016-05-25,13.4615,13.7743,12.0141,12.7062,31098171.527777776,1033364178.0671526
2016-05-23,2016-05-24,14.2861,14.4924,13.1922,13.2833,19512928.819444444,1128778314.3030508
2016-05-22,2016-05-23,14.015,14.3464,13.7658,14.2862,18006934.14634146,1131202927.7656474
2016-05-21,2016-05-22,13.6356,14.0512,13.119,14.0276,38614975.347222224,1099092918.012499
2016-05-20,2016-05-21,14.7697,15.0482,13.3842,13.6086,57157057.291666664,1157843563.2670946
2016-05-19,2016-05-20,13.5586,14.8728,13.3376,14.8728,55210500.34843206,1116256401.8093936
2016-05-18,2016-05-19,12.1988,14.259,12.1793,13.4824,52085614.04958678,1039326345.5543625
2016-05-17,2016-05-18,11.1713,12.487,11.1526,12.1871,37648225.347222224,942547146.0581584
2016-05-16,2016-05-17,9.96235,11.4403,9.96235,11.172,13552835.486111112,842074254.6974448
2016-05-15,2016-05-16,10.2397,10.4445,9.92642,9.95892,13229632.613240419,811870172.8871692
2016-05-14,2016-05-15,10.5066,10.615,9.80792,10.2261,26290877.777777776,816969758.125418
2016-05-13,2016-05-14,10.0578,11.0528,10.0184,10.5453,29654212.5,847279850.5743614
2016-05-12,2016-05-13,9.99628,10.5063,9.85641,10.082,18601918.1184669,810879852.8058585
2016-05-11,2016-05-12,9.36152,10.0119,9.36152,9.99292,11975093.958333334,780706120.3122013
2016-05-10,2016-05-11,9.29773,9.47902,9.26136,9.35012,11260124.965277778,745761111.495267
2016-05-09,2016-05-10,9.48293,9.64116,9.2037,9.30335,13317029.166666666,754809182.4703863
2016-05-08,2016-05-09,9.37051,9.5975,8.92686,9.4794,13037270.034843206,741703040.2768224
2016-05-07,2016-05-08,9.34664,9.47579,9.2121,9.39429,19139301.736111112,742441534.4170599
2016-05-06,2016-05-07,9.8261,9.95219,9.03701,9.32497,18242635.069444444,771695108.0660055
2016-05-05,2016-05-06,9.41377,10.046,9.29212,9.81006,17003657.839721255,761055382.909436
2016-05-04,2016-05-05,9.31127,10.0341,9.26752,9.40586,19303186.805555556,767477251.280555
2016-05-03,2016-05-04,10.1632,10.1651,9.2798,9.40064,30854978.472222224,768318457.7035973
2016-05-02,2016-05-03,8.8465,10.3215,8.8465,10.147,28696799.652777776,768826991.7838869
2016-05-01,2016-05-02,8.81398,9.01178,8.43236,8.81118,31009207.665505227,691026789.42913
2016-04-30,2016-05-01,7.45729,9.3665,7.45391,8.83251,18646159.166666668,657122598.994272
2016-04-29,2016-04-30,7.17253,7.73096,7.17189,7.45872,9356922.430555556,597159006.1977271
2016-04-28,2016-04-29,7.75997,7.91307,7.1664,7.18199,17266994.773519162,589241609.673774
2016-04-27,2016-04-28,7.39704,7.96774,7.31969,7.77172,17779245.833333332,604742604.8551373
2016-04-26,2016-04-27,7.55434,7.55434,7.05898,7.39967,21082705.923344947,580837904.6782352
2016-04-25,2016-04-26,8.00135,8.0946,7.23651,7.51469,11502305.243055556,621501751.8233937
2016-04-24,2016-04-25,8.29479,8.47397,7.96712,7.99437,14288993.031358885,650679735.9868612
2016-04-23,2016-04-24,7.82126,8.55293,7.73774,8.30778,12358417.395833334,633517342.1236075
2016-04-22,2016-04-23,8.10217,8.27232,7.66848,7.81507,14689387.847222222,638831827.9511302
2016-04-21,2016-04-22,8.46579,8.72183,7.96222,8.10778,13143854.703832753,671269006.6644642
2016-04-20,2016-04-21,8.71488,8.82539,8.31376,8.47668,15149612.5,680279722.0625333
2016-04-19,2016-04-20,9.036,9.30624,8.59546,8.7176,15803330.381944444,719811155.5465136
2016-04-18,2016-04-19,9.3091,9.50666,8.49687,8.99991,21727934.375,720834391.127983
2016-04-17,2016-04-18,8.6095,9.702,8.56078,9.28506,19276618.397212543,734105936.3022419
2016-04-16,2016-04-17,8.24278,8.64976,8.11444,8.6062,10442531.597222222,655403140.8672779
2016-04-15,2016-04-16,8.38724,8.6162,8.09733,8.24125,12301127.430555556,659490114.8636363
2016-04-14,2016-04-15,8.04442,8.75704,8.02152,8.39444,23646020.209059235,665832133.4187123
2016-04-13,2016-04-14,7.44231,8.71977,7.06922,8.02855,28522839.930555556,617479502.8852141
2016-04-12,2016-04-13,8.64379,8.64379,7.15416,7.44885,16527432.986111112,623573565.0541234
2016-04-11,2016-04-12,8.93634,8.94664,8.00318,8.64791,31448996.875,673289380.841164
2016-04-10,2016-04-11,9.15062,9.22472,7.45564,8.93702,28232852.961672474,683720058.4421134
2016-04-09,2016-04-10,9.71959,10.0889,9.06814,9.14706,13801153.472222222,759237458.2182221
2016-04-08,2016-04-09,10.0697,10.3875,9.65558,9.73432,15555722.222222222,784772195.5089986
2016-04-07,2016-04-08,10.6854,10.8097,9.95363,10.052,13318240.594405595,824429247.1102107
2016-04-06,2016-04-07,10.4381,10.97,10.2773,10.6727,20977192.013888888,840201369.8861079
2016-04-05,2016-04-06,11.1573,11.2125,10.1347,10.443,14131702.978723405,851455464.0438136
2016-04-04,2016-04-05,11.6183,11.6183,11.0163,11.1715,7227387.992957747,894160039.0159781
2016-04-03,2016-04-04,11.5989,11.7064,11.5087,11.6028,6622514.631578947,913076235.0120277
2016-04-02,2016-04-03,11.6636,11.6888,11.3988,11.5972,10106915.069444444,904509336.3012328
2016-04-01,2016-04-02,11.4035,11.8504,11.4006,11.6635,15451750,917140476.2908428
2016-03-31,2016-04-01,11.9529,12.0119,11.3157,11.4091,16035998.25783972,925183009.0035868
2016-03-30,2016-03-31,11.6564,12.1785,11.4692,11.9319,18629402.083333332,927952548.5671048
2016-03-29,2016-03-30,11.6656,11.9136,11.3498,11.594,18964893.402777776,919446538.1237303
2016-03-28,2016-03-29,10.4192,11.8613,10.4075,11.6603,23575903.48432056,884811542.3482555
2016-03-27,2016-03-28,10.974,11.0542,10.1121,10.4109,9695824.826388888,842915699.7483977
2016-03-26,2016-03-27,10.7432,11.1808,10.5892,10.9646,11437420.590277778,859393880.40591
2016-03-25,2016-03-26,11.235,11.3729,10.5272,10.6987,18404352.961672474,850574599.8707283
2016-03-24,2016-03-25,12.4167,12.5016,10.8035,11.2353,25455836.93379791,897638456.3768729
2016-03-23,2016-03-24,11.2748,12.4326,11.2371,12.3923,18860569.097222224,936422409.9560994
2016-03-22,2016-03-23,11.8641,12.0252,11.177,11.2732,26562934.027777776,910325972.0997317
2016-03-21,2016-03-22,10.3198,12.0149,10.1616,11.7966,22328404.676258992,863438644.3689344
2016-03-20,2016-03-21,10.5307,10.9038,9.5704,10.344,19138570.833333332,803788594.1690613
2016-03-19,2016-03-20,10.9981,11.2037,9.77663,10.5558,43739127.43055555,844286927.1482756
2016-03-18,2016-03-19,11.0815,11.1788,8.52452,10.8929,44349553.125,801431220.9903054
2016-03-17,2016-03-18,12.5209,12.6435,10.4426,11.006,32140588.339222614,907188791.1898452
2016-03-16,2016-03-17,13.01,13.7307,12.4954,12.5367,26424719.791666668,1032822959.4061083
2016-03-15,2016-03-16,12.4526,13.1978,12.0468,13.0828,42011479.166666664,1034154977.6171603
2016-03-14,2016-03-15,14.475,15.013,11.5821,12.318,55018629.61672474,1052201144.103969
2016-03-13,2016-03-14,13.5333,15.2571,13.4674,14.2982,40289214.583333336,1111689254.749381
2016-03-12,2016-03-13,11.0828,13.5325,11.0828,13.4747,40347471.875,1011080370.9335077
2016-03-11,2016-03-12,11.305,11.5999,10.3937,11.1186,24466332.986111112,856835975.1976578
2016-03-10,2016-03-11,11.898,12.2393,10.9911,11.2456,29719201.045296166,903356530.6360154
2016-03-09,2016-03-10,9.84721,12.0547,9.67099,11.9091,21653758.333333332,820334099.1636535
2016-03-08,2016-03-09,9.55263,10.1664,8.81577,9.8354,32855838.888888888,749440628.7070565
2016-03-07,2016-03-08,11.3829,11.6519,9.30949,9.44899,35484116.37630662,803193088.2572523
2016-03-06,2016-03-07,11.0037,11.836,9.99361,11.2228,52890183.333333336,877222834.5709041
2016-03-05,2016-03-06,10.406,12.274,9.9729,10.7466,42967097.56944445,859883804.6949497
2016-03-04,2016-03-05,9.29415,10.3928,8.47942,10.3928,38147118.05555555,717196561.8617936
2016-03-03,2016-03-04,8.46539,10.0974,8.33203,9.38854,33644714.9825784,714938942.644297
2016-03-02,2016-03-03,7.65369,8.75346,7.3713,8.47848,27292373.958333332,615717806.862809
2016-03-01,2016-03-02,6.33699,7.90864,6.30885,7.57345,11055593.194444444,523081094.7264365
2016-02-29,2016-03-01,6.46835,6.61451,6.05429,6.32308,8799886.398601398,495090558.8677696
2016-02-28,2016-02-29,6.42586,6.61934,6.23837,6.44329,9502435.173611112,497928099.3465331
2016-02-27,2016-02-28,5.92167,6.52692,5.92052,6.38139,8853967.534722222,483953203.6330292
2016-02-26,2016-02-27,6.1048,6.26875,5.73905,5.90791,16684438.020833334,459496462.28095466
2016-02-25,2016-02-26,6.23647,6.64741,5.55124,6.10612,16279495.759717314,481856046.41303456
2016-02-24,2016-02-25,5.58621,6.2348,5.50925,6.21627,10056219.027777778,451061855.7326472
2016-02-23,2016-02-24,5.6165,5.94764,5.38782,5.57666,15704157.291666666,445558585.9024031
2016-02-22,2016-02-23,4.65362,5.64571,4.63525,5.60778,10986745.087108014,397849993.42998296
2016-02-21,2016-02-22,4.34133,4.71151,4.22761,4.66156,7858350.381944444,344468660.0667398
2016-02-20,2016-02-21,4.73789,4.75406,4.12707,4.33065,7297293.75,338138022.31420887
2016-02-19,2016-02-20,4.39913,4.79322,4.27469,4.69178,11996226.770833334,345765814.713215
2016-02-18,2016-02-19,3.75724,4.77057,3.42088,4.40368,17758500,313851310.2336485
2016-02-17,2016-02-18,4.31529,4.76707,3.49737,3.73732,16466896.875,313700527.9340332
2016-02-16,2016-02-17,5.28835,5.47486,4.03384,4.32619,12812446.875,377048457.722561
2016-02-15,2016-02-16,5.23973,5.88699,5.01856,5.31162,12752345.644599304,428581572.39464927
2016-02-14,2016-02-15,5.38532,5.46506,4.44571,5.22981,18067940.625,378097557.9598866
2016-02-13,2016-02-14,5.54698,5.71954,4.19,5.29376,20894353.472222224,392612715.9860728
2016-02-12,2016-02-13,6.0131,6.58275,5.07076,5.52769,31119087.5,446537221.26883864
2016-02-11,2016-02-12,4.43626,6.29223,4.3383,5.91886,22869072.473867595,384374081.3062655
2016-02-10,2016-02-11,4.04464,4.86144,3.7831,4.43814,25496465.625,330968595.87745917
2016-02-09,2016-02-10,3.17979,3.95231,3.16875,3.95231,12513354.826388888,268920575.1548067
2016-02-08,2016-02-09,2.96434,3.27428,2.87537,3.18208,9473186.027874565,239650391.86346027
2016-02-07,2016-02-08,2.53446,3.05819,2.53446,2.95824,2992252.847222222,207244179.61720777
2016-02-06,2016-02-07,2.53899,2.56115,2.47201,2.53459,2376958.090277778,192529818.16395614
2016-02-05,2016-02-06,2.57804,2.60618,2.47092,2.5387,3249936.7708333335,194068421.75196624
2016-02-04,2016-02-05,2.52869,2.62954,2.43646,2.57608,3912958.3972125435,195006197.14644766
2016-02-03,2016-02-04,2.43964,2.54017,2.34162,2.52243,3798997.2569444445,186157803.80561268
2016-02-02,2016-02-03,2.21169,2.44898,2.1572,2.42838,3077406.076388889,172226364.55346835
2016-02-01,2016-02-02,2.30604,2.31969,2.11631,2.22055,5651593.275261324,171394435.59074295
2016-01-31,2016-02-01,2.44506,2.53097,2.18635,2.30506,4297760.555555556,183409298.8416963
2016-01-30,2016-01-31,2.49496,2.61181,2.39892,2.43965,5183077.326388889,194486614.6468705
2016-01-29,2016-01-30,2.52649,2.60677,2.3039,2.48768,5671072.326388889,193925543.70596802
2016-01-28,2016-01-29,2.38855,2.68467,2.34203,2.51959,5787734.006968641,192417902.18698758
2016-01-27,2016-01-28,2.27637,2.59494,2.18865,2.3993,11861585.27972028,181992109.95595288
2016-01-26,2016-01-27,2.49927,2.83699,1.99477,2.22507,12992609.375,200485048.07696676
2016-01-25,2016-01-26,2.1412,2.66258,2.05614,2.49627,8535019.303135889,176676448.29742846
2016-01-24,2016-01-25,1.97267,2.29842,1.90054,2.14837,9849305.138888888,157938815.87605393
2016-01-23,2016-01-24,1.50127,2.03012,1.49605,1.99294,3397400.1041666665,134153700.09847389
2016-01-22,2016-01-23,1.55357,1.58146,1.46588,1.49977,1602193.5416666667,115786035.67586388
2016-01-21,2016-01-22,1.53182,1.58549,1.48669,1.5511,2604236.8771929825,116604171.50328694
2016-01-20,2016-01-21,1.37139,1.61924,1.35371,1.53375,2258942.2916666665,111404715.7472458
2016-01-19,2016-01-20,1.42634,1.46469,1.30501,1.37321,3711199.340277778,104853467.10006674
2016-01-18,2016-01-19,1.32747,1.5429,1.32222,1.42068,2641140.104529617,109034380.38980281
2016-01-17,2016-01-18,1.22029,1.32883,1.20777,1.32883,1712273.7152777778,94825174.06720613
2016-01-16,2016-01-17,1.20801,1.30816,1.16801,1.22853,3402080.2083333335,95723497.49590239
2016-01-15,2016-01-16,1.18959,1.31938,1.14293,1.21428,2248547.7282229965,94231534.19372663
2016-01-14,2016-01-15,1.1252,1.18905,1.10319,1.18905,857375.9375,86130601.50445776
2016-01-13,2016-01-14,1.141,1.15218,1.07703,1.12304,2121384.1666666665,84267618.1019905
2016-01-12,2016-01-13,1.0616,1.28283,1.05009,1.14873,1690073.458041958,87292373.57547134
2016-01-11,2016-01-12,0.999231,1.06991,0.999216,1.0604,749989.8083623693,78722134.58835395
2016-01-10,2016-01-11,0.986833,1.00103,0.975099,0.997744,307114.5798611111,74988712.27162264
2016-01-09,2016-01-10,0.986789,0.992345,0.9736,0.984214,372886.99652777775,74565361.43969977
2016-01-08,2016-01-09,0.942005,0.991825,0.939715,0.991825,536739.787456446,73596582.54141352
2016-01-07,2016-01-08,0.95086,0.974623,0.93583,0.946178,519141.1875,72789289.25008754
2016-01-06,2016-01-07,0.950176,0.960659,0.935708,0.952551,265345.1458333333,72028264.46151745
2016-01-05,2016-01-06,0.95448,0.970597,0.946543,0.950168,340600.15972222225,72614362.46206562
2016-01-04,2016-01-05,0.971905,0.976438,0.929835,0.954406,311957.3832752613,72689808.60569952
2016-01-03,2016-01-04,0.937124,0.991362,0.934313,0.971632,314775.19097222225,73275951.7454204
2016-01-02,2016-01-03,0.948024,0.969637,0.93656,0.938792,267190.625,72532921.85752048
2016-01-01,2016-01-02,0.933542,0.954822,0.931442,0.952636,343325.3972125436,71638426.90349197
2015-12-31,2016-01-01,0.911958,0.975414,0.910277,0.933432,784403.9895833334,71859744.33664328
2015-12-30,2015-12-31,0.873054,0.941099,0.866647,0.909437,354790.09027777775,67700744.84319124
2015-12-29,2015-12-30,0.845005,0.872567,0.833232,0.872567,217881.31944444444,64205207.19748264
2015-12-28,2015-12-29,0.856365,0.872394,0.832932,0.848085,197077.57491289199,64768356.50689638
2015-12-27,2015-12-28,0.854603,0.861538,0.841151,0.855209,306668.97569444444,64312053.98775099
2015-12-26,2015-12-27,0.870363,0.897453,0.838314,0.858561,273169.0520833333,65619408.15503909
2015-12-25,2015-12-26,0.863262,0.882556,0.861993,0.870139,279652.12891986064,65872724.78858551
2015-12-24,2015-12-25,0.858077,0.882818,0.8476,0.862971,345791.94444444444,65597554.212978125
2015-12-23,2015-12-24,0.864202,0.88294,0.856065,0.860902,457808.0763888889,65488991.57690981
2015-12-22,2015-12-23,0.900771,0.909526,0.862059,0.867954,448050.7361111111,67310632.04587129
2015-12-21,2015-12-22,0.903885,0.91739,0.891182,0.901743,557105.479020979,68434739.64279537
2015-12-20,2015-12-21,0.908072,0.943185,0.899441,0.902649,374821.77777777775,69200946.6664934
2015-12-19,2015-12-20,0.920127,0.925874,0.888916,0.910967,307131.59375,68670981.22414611
2015-12-18,2015-12-19,0.940701,0.940701,0.908081,0.922422,432044.2891986063,69555827.52781609
2015-12-17,2015-12-18,0.991182,0.997611,0.911807,0.940974,501625.0173611111,72051038.76444243
2015-12-16,2015-12-17,1.01415,1.01803,0.974927,0.990193,405987.5104166667,75333128.65834598
2015-12-15,2015-12-16,0.993022,1.02884,0.98224,1.01155,586620.2430555555,75803911.3536428
2015-12-14,2015-12-15,0.952884,1.0131,0.950178,0.993378,460903.2578397213,74869575.6887694
2015-12-13,2015-12-14,0.976973,0.989394,0.937438,0.952951,641044.0347222222,72574789.56977022
2015-12-12,2015-12-13,0.929762,1.04537,0.928546,0.970963,1307751.90625,72917377.43007076
2015-12-11,2015-12-12,0.840396,0.928365,0.819789,0.913404,472733.19860627176,64249192.45193254
2015-12-10,2015-12-11,0.792167,0.86159,0.787291,0.84287,426574.0138888889,61721404.41477355
2015-12-09,2015-12-10,0.822118,0.824454,0.770488,0.791476,580216.1041666666,59761325.856160864
2015-12-08,2015-12-09,0.811264,0.823645,0.782328,0.822,437603.8923611111,59375438.3595887
2015-12-07,2015-12-08,0.8355,0.850791,0.78765,0.806997,494205.6794425087,61521500.569387086
2015-12-06,2015-12-07,0.862438,0.882436,0.833115,0.833494,397401.6875,64996137.05651266
2015-12-05,2015-12-06,0.840041,0.872821,0.824444,0.860484,223696.84027777778,63987397.80699396
2015-12-04,2015-12-05,0.812143,0.859575,0.802373,0.843958,285269.5679442509,61716240.6363878
2015-12-03,2015-12-04,0.82121,0.837664,0.785086,0.814174,566498.3368055555,60757676.410829276
2015-12-02,2015-12-03,0.8748,0.878017,0.818924,0.820467,582775.8680555555,63275497.879457265
2015-12-01,2015-12-02,0.873119,0.886736,0.853937,0.876285,690526.1909722222,65811011.91521735
2015-11-30,2015-12-01,0.878614,0.895054,0.847696,0.873777,684882.2404181184,65532150.68314351
2015-11-29,2015-11-30,0.915703,0.915703,0.860533,0.880089,368439.59375,66460244.64329346
2015-11-28,2015-11-29,0.867951,0.929293,0.862122,0.915583,497279.9861111111,67721651.75312768
2015-11-27,2015-11-28,0.884183,0.900051,0.860695,0.866476,688716.4463519313,65851722.837146826
2015-11-26,2015-11-27,0.863537,0.903643,0.80436,0.887869,789302.7430555555,64784370.01918651
2015-11-25,2015-11-26,0.900191,0.900191,0.851106,0.863464,652920.0868055555,65270596.552691065
2015-11-24,2015-11-25,0.946969,0.948055,0.895931,0.901607,444668.5,69956987.195248
2015-11-23,2015-11-24,0.968018,0.969057,0.93387,0.946755,392507.1533101045,71601522.53231591
2015-11-22,2015-11-23,0.97614,0.984132,0.958982,0.967151,463066.05902777775,72960696.75171636
2015-11-21,2015-11-22,0.92492,0.978743,0.92094,0.977114,471216.0543478261,71173096.09014806
2015-11-20,2015-11-21,0.955532,0.955735,0.898576,0.928767,504578.3031358885,69214673.10638313
2015-11-19,2015-11-20,0.993319,1.00797,0.937498,0.954651,547534.2743055555,72629363.97884901
2015-11-18,2015-11-19,1.00798,1.01157,0.940516,0.99077,1070041.548611111,71995649.68061809
2015-11-17,2015-11-18,0.928962,1.03295,0.905794,1.00533,711634.0277777778,70628398.48904133
2015-11-16,2015-11-17,0.906368,0.944732,0.891971,0.928855,547039.8710801394,68378595.84625179
2015-11-15,2015-11-16,0.888812,0.921516,0.874957,0.910915,374589.7361111111,67600476.17593262
2015-11-14,2015-11-15,0.904096,0.906113,0.876908,0.888602,476898.2107142857,66789525.643040776
2015-11-13,2015-11-14,0.895711,0.917309,0.846023,0.901685,605588.0836236933,66620920.02240885
2015-11-12,2015-11-13,0.791829,0.913919,0.76351,0.896364,1261645.1979166667,63848002.614438504
2015-11-11,2015-11-12,0.934348,0.945278,0.729775,0.797487,957689.2986111111,63875911.49364991
2015-11-10,2015-11-11,0.999278,1.05304,0.920968,0.933983,1294142.861111111,73772006.56668735
2015-11-09,2015-11-10,1.02747,1.10642,0.945263,0.99788,1799432.369337979,77486007.09694973
2015-11-08,2015-11-09,0.927974,1.03268,0.915661,1.02298,816699.6805555555,70540484.24902675
2015-11-07,2015-11-08,0.926032,0.943787,0.863539,0.923569,1014469.1423487545,67649644.44026206
2015-11-06,2015-11-07,0.895637,0.989848,0.852929,0.92469,891600.0487804879,67810867.66850486
2015-11-05,2015-11-06,0.89905,0.991259,0.860382,0.908193,2445664.4444444445,69337602.81658436
2015-11-04,2015-11-05,1.01336,1.03872,0.725665,0.907176,2469384.020979021,68991048.10332122
2015-11-03,2015-11-04,0.989789,1.07044,0.936615,1.00935,1590315.5208333333,74381680.27989134
2015-11-02,2015-11-03,1.05567,1.09979,0.953647,0.989438,789260.212543554,78558310.83067638
2015-11-01,2015-11-02,0.916627,1.07674,0.899082,1.05345,496327.731884058,71814287.16369262
2015-10-31,2015-11-01,1.04122,1.05638,0.900171,0.918747,1395796.2597864768,71990266.93535642
2015-10-30,2015-10-31,1.20666,1.34505,0.96816,1.05007,2667309.4773519165,84121036.33418769
2015-10-29,2015-10-30,1.00248,1.19773,0.947374,1.19773,2713880.451388889,79818309.2566341
2015-10-28,2015-10-29,0.869641,1.05579,0.807857,1.01001,1627933.9930555555,65258280.308468156
2015-10-27,2015-10-28,0.731317,0.898172,0.70889,0.863202,1603239.548611111,58090346.77837667
2015-10-26,2015-10-27,0.616039,0.757517,0.597098,0.738254,750493.5261324042,47793021.2417329
2015-10-25,2015-10-26,0.56359,0.688192,0.561383,0.613214,412101.2013888889,46064091.307345785
2015-10-24,2015-10-25,0.539657,0.577396,0.518688,0.567666,572673.5921985816,40512931.004871845
2015-10-23,2015-10-24,0.567702,0.611743,0.504284,0.538123,1079966.731707317,40412644.029360786
2015-10-22,2015-10-23,0.447329,0.619466,0.420991,0.565191,522825.0625,33579989.085412584
2015-10-21,2015-10-22,0.434829,0.482988,0.420897,0.449606,601015.7430555555,32541488.299683683
2015-10-20,2015-10-21,0.489014,0.501898,0.431648,0.43857,226038.36111111112,36122864.22537975
2015-10-19,2015-10-20,0.517734,0.521546,0.480994,0.488771,196519.14982578397,36962701.114937894
2015-10-18,2015-10-19,0.547178,0.552234,0.512861,0.51719,211258.69444444444,39410531.19982836
2015-10-17,2015-10-18,0.536495,0.56346,0.526961,0.548027,291859.2947368421,39581524.87527476
2015-10-16,2015-10-17,0.561878,0.568861,0.522533,0.536197,327595.11149825784,40517594.96437642
2015-10-15,2015-10-16,0.522968,0.572714,0.51473,0.559523,821727.3229166666,39921372.27346393
2015-10-14,2015-10-15,0.607655,0.61224,0.483974,0.521926,502059.62847222225,42199460.7724176
2015-10-13,2015-10-14,0.62603,0.63024,0.599214,0.608228,181925.29513888888,45361236.30943461
2015-10-12,2015-10-13,0.634963,0.657789,0.626116,0.628279,88257.40766550522,46928845.31870664
2015-10-11,2015-10-12,0.627857,0.639506,0.618335,0.63516,116624.24652777778,46308609.86731639
2015-10-10,2015-10-11,0.650628,0.650628,0.624374,0.626888,259412.56842105262,46493412.84032284
2015-10-09,2015-10-10,0.621716,0.692296,0.621716,0.651422,407040.8850174216,51046117.68691106
2015-10-08,2015-10-09,0.609388,0.633138,0.591971,0.619139,254929.14930555556,44418535.25882908
2015-10-07,2015-10-08,0.650645,0.656301,0.602423,0.609239,218422.18402777778,46634599.4096639
2015-10-06,2015-10-07,0.628643,0.653944,0.60623,0.65061,282330.6354166667,45378575.110078655
2015-10-05,2015-10-06,0.668379,0.674438,0.62445,0.62445,125451.49825783972,48550357.13434133
2015-10-04,2015-10-05,0.687171,0.693126,0.660716,0.668705,126950.53125,49793714.60371744
2015-10-03,2015-10-04,0.678574,0.709204,0.675482,0.687157,196374.78245614035,51103065.34703005
2015-10-02,2015-10-03,0.690215,0.69112,0.654605,0.674621,337308.62717770034,49057958.847515635
2015-10-01,2015-10-02,0.738644,0.738644,0.655906,0.687993,754235.5763888889,50690393.70307769
2015-09-30,2015-10-01,0.661146,0.746722,0.635861,0.731122,703821.0694444445,49414713.266271874
2015-09-29,2015-09-30,0.582886,0.67583,0.558346,0.657358,1130990.045138889,45265772.30102425
2015-09-28,2015-09-29,0.720839,0.725677,0.557062,0.577433,843319.7517482517,48195157.74510671
2015-09-27,2015-09-28,0.785964,0.791277,0.719169,0.720667,387224.52777777775,55249655.83535727
2015-09-26,2015-09-27,0.736223,0.787544,0.709328,0.78427,511502.02807017544,54169302.7840213
2015-09-25,2015-09-26,0.81361,0.825665,0.712745,0.734289,1076853.9647887324,56961822.12836281
2015-09-24,2015-09-25,0.893406,0.908571,0.79346,0.81789,410509.7951388889,63712014.59221348
2015-09-23,2015-09-24,0.901796,0.90891,0.885136,0.896117,369019.4583333333,65762018.0091488
2015-09-22,2015-09-23,0.919337,0.919337,0.865225,0.902008,463404.02090592333,65688649.13372069
2015-09-21,2015-09-22,0.938445,0.957326,0.878301,0.918502,472865.3076923077,68142535.32215227
2015-09-20,2015-09-21,0.882391,0.947741,0.873205,0.943408,451320.1209964413,65648629.163787775
2015-09-19,2015-09-20,0.853685,0.911883,0.833784,0.8846,449810.5070422535,62260600.53277101
2015-09-18,2015-09-19,0.874231,0.888102,0.833908,0.851872,633124.7375886525,63166072.577046834
2015-09-17,2015-09-18,0.907175,0.909204,0.831132,0.875142,767418.8993055555,63832704.85118236
2015-09-16,2015-09-17,0.94441,0.952698,0.901639,0.905947,645381.3680555555,67613413.06434184
2015-09-15,2015-09-16,0.875622,1.04554,0.875189,0.941645,756126.1006944445,67513998.8601051
2015-09-14,2015-09-15,0.936003,0.949387,0.872919,0.878408,676442.6480836237,67040620.919585556
2015-09-13,2015-09-14,1.03874,1.0427,0.902832,0.934392,676234.5590277778,72128348.030042
2015-09-12,2015-09-13,0.982978,1.11489,0.96978,1.04649,1453662.4350877192,75550631.02516094
2015-09-11,2015-09-12,1.16577,1.16907,0.940675,0.980469,1332136.8013937282,77040069.28754552
2015-09-10,2015-09-11,1.20651,1.22157,1.13615,1.16993,423983.1458333333,87045370.44853917
2015-09-09,2015-09-10,1.24243,1.26048,1.20184,1.20568,398141.3923611111,89496923.33294614
2015-09-08,2015-09-09,1.24665,1.28238,1.23061,1.23828,432909.45804195805,91332731.70131998
2015-09-07,2015-09-08,1.29583,1.30548,1.23785,1.24782,520974.3693379791,92893955.41385645
2015-09-06,2015-09-07,1.33881,1.37364,1.29425,1.2973,473902.00347222225,97059525.30677353
2015-09-05,2015-09-06,1.27441,1.3423,1.27119,1.33472,410887.14634146343,95096263.89772461
2015-09-04,2015-09-05,1.26493,1.30252,1.23681,1.27439,632752.0731707317,92659593.17904916
2015-09-03,2015-09-04,1.29479,1.30999,1.21103,1.26749,852918.96875,93097387.0224015
2015-09-02,2015-09-03,1.35161,1.35491,1.26462,1.29173,803286.1388888889,96621951.56327821
2015-09-01,2015-09-02,1.35824,1.39274,1.33663,1.35144,905847.8576388889,98766560.15346298
2015-08-31,2015-09-01,1.31927,1.39615,1.20101,1.3501,1576243.0662020906,96561657.07810366
2015-08-30,2015-08-31,1.18255,1.36799,1.17061,1.32211,823051.9201388889,92560147.08193766
2015-08-29,2015-08-30,1.19138,1.20721,1.14949,1.18326,513305.1538461539,86111875.86875188
2015-08-28,2015-08-29,1.1477,1.20779,1.1205,1.18894,776329.0871080139,85100800.77690716
2015-08-27,2015-08-28,1.15998,1.18883,1.13729,1.14679,771850.3125,85068486.71590093
2015-08-26,2015-08-27,1.14019,1.20248,1.06183,1.16774,1326381.111111111,82633072.31039983
2015-08-25,2015-08-26,1.23127,1.24182,1.12865,1.14198,1024865.3958333334,86675453.3533076
2015-08-24,2015-08-25,1.35259,1.36278,1.23411,1.23411,1032296.2202797203,94084641.78722939
2015-08-23,2015-08-24,1.37923,1.4097,1.29777,1.35618,1545373.4930555555,97822824.55774897
2015-08-22,2015-08-23,1.39529,1.47641,1.35268,1.39285,1637652.8222996516,103086155.37941541
2015-08-21,2015-08-22,1.46492,1.55642,1.3528,1.41899,2559589.930313589,109308444.89516747
2015-08-20,2015-08-21,1.25886,1.5333,1.24833,1.46545,1814741.9097222222,97607238.30905452
2015-08-19,2015-08-20,1.08705,1.31799,1.08705,1.25117,1780392.245614035,97285895.22878934
2015-08-18,2015-08-19,1.20361,1.33116,1.09508,1.09508,1763725.1916376306,88139259.82081679
2015-08-17,2015-08-18,1.56603,1.58119,1.18534,1.20073,2522015.277777778,84934652.80960244
2015-08-16,2015-08-17,1.6889,1.69524,1.08981,1.51268,2881362.9166666665,83158087.0821588
2015-08-15,2015-08-16,1.82787,1.87724,1.57098,1.69244,3879626.9791666665,102829936.90891765
2015-08-14,2015-08-15,1.82767,2.26188,1.75475,1.83231,4904504.006968641,119640289.92014879
2015-08-13,2015-08-14,1.21744,1.96507,1.17199,1.82819,2527863.3680555555,86788818.96881358
2015-08-12,2015-08-13,1.06786,1.28994,0.883608,1.23767,1971841.0416666667,66826097.667568654
2015-08-11,2015-08-12,0.708448,1.13141,0.663235,1.05767,640632.2264808363,47682042.52263465
2015-08-10,2015-08-11,0.701897,0.729854,0.636546,0.707703,457747.90972222225,41827580.888546176
2015-08-09,2015-08-10,0.753325,0.87981,0.629191,0.729347,699826.3715277778,41562596.0492538
2015-08-08,2015-08-09,2.77212,2.79881,0.714725,0.714876,314143.6145833333,103956870.97549663